date,USDTRY,EURTRY,GOLD_USD,BRENT_USD,EURUSD,GRAM_ALTIN_TRY,BRENT_TRY,TCMB_SEPET_TRY,TRADE_WEIGHTED_BASKET,BASKET_COMPOSITE
2024-03-04,31.390369415283203,34.03281021118164,2117.699951171875,82.80000305175781,1.084269404411316,2137.233216899159,2599.1226833812543,32.71158981323242,32.843711853027344,30.272603848756848
2024-03-05,31.571300506591797,34.26625061035156,2133.5,82.04000091552734,1.0855170488357544,2165.589720529687,2590.10952246518,32.91877555847168,33.05352306365967,30.460202019519475
2024-03-06,31.688119888305664,34.39809036254883,2150.300048828125,82.95999908447266,1.0855995416641235,2190.718619054676,2628.8463969224977,33.043105125427246,33.178603649139404,30.629503907718867
2024-03-07,31.79730987548828,34.65398025512695,2158.0,82.95999908447266,1.089953899383545,2206.1390484585218,2637.904798159201,33.22564506530762,33.368478584289555,30.794930410336733
2024-03-08,31.93320083618164,34.96208953857422,2178.60009765625,82.08000183105469,1.0950144529342651,2236.7169724312607,2621.077183105226,33.44764518737793,33.59908962249756,30.986164314725748
2024-03-11,31.996360778808594,35.01169967651367,2182.5,82.20999908447266,1.0942955017089844,2245.1527798252364,2630.4207903323113,33.50403022766113,33.65479717254639,31.050789158373387
2024-03-12,32.03739929199219,35.02033996582031,2160.39990234375,81.91999816894531,1.093135118484497,2225.2687294999655,2624.50369133777,33.52886962890625,33.678016662597656,31.0344854904217
2024-03-13,32.093780517578125,35.053958892822266,2175.39990234375,84.02999877929688,1.0927767753601074,2244.66246820938,2696.8403377151117,33.573869705200195,33.721878623962404,31.170231859548228
2024-03-14,32.1185302734375,35.177120208740234,2163.0,85.41999816894531,1.0955302715301514,2233.5889144536186,2743.564797146246,33.64782524108887,33.80075473785401,31.253352351260755
2024-03-15,32.19306945800781,35.038299560546875,2157.300048828125,85.33999633789062,1.0883406400680542,2232.872895858622,2747.3564296518452,33.615684509277344,33.7579460144043,31.23729840283431
2024-03-18,32.28765106201172,35.135738372802734,2160.699951171875,86.88999938964844,1.0882576704025269,2242.962306810127,2805.47398107138,33.71169471740723,33.85409908294678,31.382486296572218
2024-03-19,32.33330154418945,35.15631866455078,2156.300048828125,87.37999725341797,1.087393879890442,2241.5596862955917,2825.2838001252094,33.74481010437012,33.88596096038819,31.425655479837154
2024-03-20,32.373348236083984,35.16587829589844,2157.89990234375,85.94999694824219,1.0863306522369385,2246.0011607829592,2782.4891820958,33.76961326599121,33.909239768981934,31.40888762126829
2024-03-21,32.41749954223633,35.3765983581543,2182.39990234375,85.77999877929688,1.0937210321426392,2274.5993411001923,2780.7730711608892,33.89704895019531,34.04500389099121,31.541481325059713
2024-03-22,32.15650177001953,34.89910125732422,2158.10009765625,85.43000030517578,1.0862362384796143,2231.1637395521816,2747.129956026154,33.527801513671875,33.66493148803711,31.171161713425715
2024-03-25,32.08531188964844,34.5994987487793,2174.800048828125,86.75,1.0807539224624634,2243.451377251595,2783.400806427002,33.34240531921387,33.468114662170414,31.092527190236524
2024-03-26,32.16780090332031,34.86180114746094,2175.60009765625,86.25,1.0838228464126587,2250.0465538518342,2774.472827911377,33.514801025390625,33.64950103759766,31.21829342162858
2024-03-27,32.208499908447266,34.87594985961914,2190.60009765625,86.08999633789062,1.0832358598709106,2268.426243744105,2772.8296391671756,33.5422248840332,33.6755973815918,31.265451419028935
2024-03-28,32.29970169067383,34.92689895629883,2217.39990234375,87.4800033569336,1.0813382863998413,2302.680045551448,2825.5780123281,33.61330032348633,33.74466018676758,31.423893391629395
2024-03-29,32.449100494384766,34.89849090576172,2217.39990234375,87.4800033569336,1.0794472694396973,2313.3308449745823,2838.647420178255,33.67379570007324,33.79626522064209,31.50275570241064
2024-04-01,32.42340087890625,34.989810943603516,2236.5,87.41999816894531,1.0792726278305054,2331.4093318877403,2834.453645464964,33.70660591125488,33.83492641448974,31.54736182512031
2024-04-02,32.26240158081055,34.58726119995117,2261.0,88.91999816894531,1.0737217664718628,2345.2455313359906,2868.772689491452,33.42483139038086,33.54107437133789,31.397143038802568
2024-04-03,32.052101135253906,34.39794158935547,2294.39990234375,89.3499984741211,1.076855182647705,2364.3767604346585,2863.8551875273115,33.22502136230469,33.34231338500977,31.27054033855528
2024-04-04,31.94529914855957,34.58940124511719,2288.800048828125,90.6500015258789,1.0838346481323242,2350.74691878344,2895.841416561583,33.26735019683838,33.39955530166626,31.306371889951592
2024-04-05,31.944990158081055,34.615909576416016,2325.699951171875,91.16999816894531,1.0837054252624512,2388.62242084895,2912.424694219226,33.280449867248535,33.413995838165285,31.388922740470676
2024-04-08,32.007598876953125,34.57075119018555,2331.699951171875,90.37999725341797,1.0830481052398682,2399.4782711404328,2892.8466985875275,33.289175033569336,33.41733264923096,31.394866572644368
2024-04-09,32.15650177001953,34.90510177612305,2343.5,89.41999816894531,1.0863661766052246,2422.8404555094876,2875.434329394833,33.53080177307129,33.66823177337647,31.589081342309946
2024-04-10,32.22426986694336,34.990509033203125,2329.60009765625,90.4800033569336,1.0859296321868896,2413.5456853149167,2915.652045735769,33.60738945007324,33.74570140838623,31.67235668210658
2024-04-11,32.2859992980957,34.66305923461914,2354.800048828125,89.73999786376953,1.074171543121338,2444.327147491774,2897.345508040773,33.47452926635742,33.5933822631836,31.610306680633414
2024-04-12,32.4182014465332,34.63700866699219,2356.199951171875,90.44999694824219,1.0726851224899292,2455.7950597150457,2932.2262219064287,33.527605056762695,33.63854541778564,31.706152423539546
2024-04-15,32.39690017700195,34.49610137939453,2365.800048828125,90.0999984741211,1.0649627447128296,2464.1807253082106,2918.9606565141294,33.44650077819824,33.55146083831787,31.647627298065313
2024-04-16,32.40700912475586,34.432769775390625,2390.800048828125,90.0199966430664,1.0625749826431274,2490.997372931627,2917.278852622345,33.41988945007324,33.52117748260498,31.668047983308846
2024-04-17,32.51139831542969,34.52970886230469,2371.699951171875,87.29000091552734,1.0621461868286133,2479.056675658651,2837.9199887189316,33.52055358886719,33.62146911621094,31.646462430185423
2024-04-18,32.47119903564453,34.55923080444336,2382.300048828125,87.11000061035156,1.0669398307800293,2487.057622063773,2828.566167813842,33.515214920043945,33.61961650848389,31.64336299672249
2024-04-19,32.56330108642578,34.640140533447266,2398.39990234375,87.29000091552734,1.0644185543060303,2510.967460257489,2842.450581646699,33.60172080993652,33.7055627822876,31.758271393309787
2024-04-22,32.60334014892578,34.747989654541016,2332.199951171875,87.0,1.065825343132019,2444.6626591714253,2836.490592956543,33.6756649017334,33.782897377014166,31.706617020373347
2024-04-23,32.56460189819336,34.606468200683594,2327.699951171875,88.41999816894531,1.065405249595642,2437.046595651205,2879.36204021069,33.58553504943848,33.68762836456299,31.673036563204096
2024-04-24,32.510520935058594,34.79438018798828,2324.5,88.0199966430664,1.0704345703125,2429.6546138386593,2861.5759435681975,33.65245056152344,33.76664352416992,31.688299304145524
2024-04-25,32.56671905517578,34.8431282043457,2329.800048828125,89.01000213623047,1.0699878931045532,2439.4039332901966,2898.763732671214,33.70492362976074,33.818744087219244,31.779652126197814
2024-04-26,32.535301208496094,34.8474006652832,2334.800048828125,89.5,1.072961449623108,2442.280756543411,2911.9094581604004,33.69135093688965,33.806955909729005,31.786041309223076
2024-04-29,32.53120040893555,34.792301177978516,2345.39990234375,88.4000015258789,1.0706866979599,2453.059339727654,2875.758165788575,33.66175079345703,33.774805831909184,31.745132751246757
2024-04-30,32.36991882324219,34.684688568115234,2291.39990234375,87.86000061035156,1.0715701580047607,2384.6989617074664,2844.021087567089,33.52730369567871,33.643042182922365,31.508678058265495
2024-05-01,32.40330123901367,34.52227020263672,2299.89990234375,83.44000244140625,1.0666552782058716,2396.013469311658,2703.731534492923,33.462785720825195,33.56873416900635,31.341866804988733
2024-05-02,32.27299880981445,34.55503845214844,2299.199951171875,83.66999816894531,1.0721560716629028,2385.65218174244,2700.2817513235495,33.414018630981445,33.528120613098146,31.282223006114947
2024-05-03,32.40330123901367,34.70872116088867,2299.0,82.95999908447266,1.073306918144226,2395.0759597554843,2688.177841122466,33.55601119995117,33.67128219604493,31.3901646826722
2024-05-06,32.302398681640625,34.648109436035156,2321.60009765625,83.33000183105469,1.0758124589920044,2411.089037281774,2691.758941288572,33.47525405883789,33.592539596557614,31.35619027247979
2024-05-07,32.28260040283203,34.6733512878418,2315.199951171875,83.16000366210938,1.0767507553100586,2402.9684963173595,2684.6211677219253,33.477975845336914,33.597513389587405,31.337787024075404
2024-05-08,32.25619888305664,34.65681076049805,2313.60009765625,83.58000183105469,1.0750491619110107,2399.344142962798,2695.973161708738,33.456504821777344,33.57653541564942,31.32735269554991
2024-05-09,32.3484992980957,34.621150970458984,2332.10009765625,83.87999725341797,1.0746910572052002,2425.450339755012,2713.3920322764607,33.484825134277344,33.59845771789551,31.4083701008079
2024-05-10,32.28310012817383,34.7445182800293,2367.300048828125,82.79000091552734,1.078515887260437,2457.0817275883815,2672.717889167572,33.51380920410156,33.63688011169434,31.432161929829928
2024-05-13,32.18122863769531,34.65885925292969,2336.10009765625,83.36000061035156,1.077040672302246,2417.047195290339,2682.6272388801444,33.4200439453125,33.54392547607422,31.311290225419167
2024-05-14,32.25170135498047,34.78614044189453,2353.39990234375,82.37999725341797,1.079354166984558,2440.2786642563005,2656.8950690413476,33.5189208984375,33.645642852783205,31.39314276208107
2024-05-15,32.28120040893555,34.89767074584961,2388.699951171875,82.75,1.0814552307128906,2479.1473421580267,2671.2693338394165,33.58943557739258,33.72025909423828,31.51665527169804
2024-05-16,32.160499572753906,34.89699172973633,2380.0,83.2699966430664,1.0889805555343628,2460.8820896561087,2678.0046914625564,33.52874565124512,33.66557025909424,31.447474760456
2024-05-17,32.262901306152344,35.045650482177734,2412.199951171875,83.9800033569336,1.0867793560028076,2502.1179932966115,2709.438559995091,33.65427589416504,33.79341335296631,31.633753741163154
2024-05-20,32.232601165771484,34.88624954223633,2433.89990234375,83.70999908447266,1.0875475406646729,2522.2558022727626,2698.1910140769032,33.559425354003906,33.69210777282715,31.584802523577356
2024-05-21,32.212100982666016,34.959041595458984,2421.699951171875,82.87999725341797,1.086082935333252,2508.0168329241505,2669.7388409701816,33.5855712890625,33.72291831970215,31.552269041833462
2024-05-22,32.19089889526367,34.92240905761719,2389.199951171875,81.9000015258789,1.0855170488357544,2472.7298032721133,2636.4346686415083,33.55665397644043,33.6932294845581,31.444732101821167
2024-05-23,32.15095138549805,34.80276107788086,2335.0,81.36000061035156,1.0825204849243164,2413.636004999221,2615.8014243475045,33.47685623168945,33.6094467163086,31.277602363303856
2024-05-24,32.22200012207031,34.81766891479492,2332.5,82.12000274658203,1.0812681913375854,2416.379871871077,2646.0707385247806,33.51983451843262,33.64961795806885,31.345624715337745
2024-05-27,32.220001220703125,34.9298095703125,2332.5,82.12000274658203,1.0847634077072144,2416.2299710265843,2645.906588739017,33.57490539550781,33.71039581298828,31.383685383169517
2024-05-28,32.108001708984375,34.7309684753418,2355.199951171875,84.22000122070312,1.0861891508102417,2431.2640205299003,2704.135943125002,33.419485092163086,33.55063343048096,31.35007162388323
2024-05-29,32.24089813232422,34.946739196777344,2340.300048828125,83.5999984741211,1.0851871967315674,2425.882352590916,2695.3390346665983,33.59381866455078,33.72911071777344,31.46188053535473
2024-05-30,32.260101318359375,34.818359375,2342.89990234375,81.86000061035156,1.0801819562911987,2430.0237788331,2640.8119136109017,33.53923034667969,33.66714324951172,31.376313890454306
2024-05-31,32.24380111694336,34.895328521728516,2322.89990234375,81.62000274658203,1.0835410356521606,2408.0627046086056,2631.7391357251618,33.56956481933594,33.7021411895752,31.354718622020393
2024-06-03,32.235801696777344,34.917240142822266,2346.60009765625,78.36000061035156,1.0853049755096436,2432.0282872583953,2525.9974406346446,33.576520919799805,33.71059284210205,31.28939460022097
2024-06-04,32.1786003112793,35.0640983581543,2325.5,77.5199966430664,1.0907385349273682,2405.883287744861,2494.4849881089467,33.6213493347168,33.76562423706055,31.24718446959196
2024-06-05,32.6338005065918,35.50413131713867,2354.10009765625,78.41000366210938,1.0881866216659546,2469.9242934623417,2558.8164172304096,34.068965911865234,34.21248245239258,31.743669021059176
2024-06-06,32.27439880371094,34.955108642578125,2370.300048828125,79.87000274658203,1.087453007698059,2459.5324037965565,2577.7563210966764,33.61475372314453,33.748789215087896,31.411102473178225
2024-06-07,32.28879928588867,35.08829879760742,2305.199951171875,79.62000274658203,1.0894432067871094,2393.048822671459,2570.834287826292,33.68854904174805,33.82852401733399,31.356831815351548
2024-06-10,32.40610122680664,34.69546890258789,2307.699951171875,81.62999725341797,1.0778882503509521,2404.3472277919914,2645.3099541382107,33.550785064697266,33.665253448486325,31.35768540245462
2024-06-11,32.3828010559082,34.803001403808594,2307.5,81.91999816894531,1.0764262676239014,2402.4103130653284,2652.7990032053203,33.5929012298584,33.71391124725342,31.390585386499602
2024-06-12,32.364898681640625,34.712310791015625,2336.0,82.5999984741211,1.0740330219268799,2430.738010623703,2673.3405817185994,33.538604736328125,33.655975341796875,31.414715847165873
2024-06-13,32.32870101928711,34.87791061401367,2300.199951171875,82.75,1.0813149213790894,2390.80913636042,2675.2000093460083,33.60330581665039,33.73076629638672,31.40016283650627
2024-06-14,32.4901008605957,34.8760986328125,2331.39990234375,82.62000274658203,1.0738831758499146,2435.336038494944,2684.332222339144,33.6830997467041,33.80239963531494,31.540011145804215
2024-06-17,32.65732955932617,34.948890686035156,2312.39990234375,84.25,1.0702168941497803,2427.92168121197,2751.38001537323,33.803110122680664,33.91768817901612,31.68830610103396
2024-06-18,32.819400787353516,35.20132827758789,2330.39990234375,85.33000183105469,1.0740677118301392,2458.963957039974,2800.479529278993,34.0103645324707,34.12946090698242,31.93715067693612
2024-06-19,32.55110168457031,34.85337829589844,2330.39990234375,85.33000183105469,1.0742292404174805,2438.861889128232,2777.585566347232,33.702239990234375,33.81735382080078,31.655001477432158
2024-06-20,32.513301849365234,34.889251708984375,2353.800048828125,85.70999908447266,1.0751532316207886,2460.490573857629,2786.7150717422774,33.701276779174805,33.820074272155765,31.694009770419346
2024-06-21,32.829498291015625,35.1107292175293,2316.39990234375,85.23999786376953,1.0706409215927124,2444.9436030670017,2798.3863641947974,33.97011375427246,34.08417530059815,31.886356311336804
2024-06-24,32.82630157470703,35.00386047363281,2330.0,86.01000213623047,1.0687757730484009,2459.0589393230593,2823.3902685650974,33.91508102416992,34.023958969116215,31.893850473203987
2024-06-25,32.92097091674805,35.304378509521484,2316.60009765625,85.01000213623047,1.0732723474502563,2451.9678276184577,2798.6118079595326,34.112674713134766,34.23184509277344,32.00148439441896
2024-06-26,32.94459915161133,35.24834060668945,2299.199951171875,85.25,1.0709619522094727,2435.2975472105986,2808.5270776748657,34.09646987915039,34.2116569519043,31.9762322714766
2024-06-27,32.8385009765625,35.03974914550781,2324.5,86.38999938964844,1.068010926246643,2454.1660088630197,2836.918079322204,33.939125061035156,34.04918746948242,31.917479684169468
2024-06-28,32.88779830932617,35.146339416503906,2327.699951171875,86.41000366210938,1.0708472728729248,2461.2337395917425,2841.834772347589,34.01706886291504,34.12999591827393,31.99002350124204
2024-07-01,32.77050018310547,35.08620071411133,2327.60009765625,86.5999984741211,1.0735257863998413,2452.3502602911726,2837.9252658531186,33.9283504486084,34.0441354751587,31.90482097947103
2024-07-02,32.64820098876953,35.02764892578125,2323.0,86.23999786376953,1.0737102031707764,2438.3695554225505,2815.5807835274027,33.83792495727539,33.95689735412598,31.79209263619248
2024-07-03,32.54359817504883,34.93162155151367,2359.800048828125,87.33999633789062,1.0748412609100342,2469.0610974565743,2842.3577454305487,33.73760986328125,33.857011032104495,31.789456204664724
2024-07-04,32.53403854370117,35.131900787353516,2359.800048828125,87.33999633789062,1.0793308019638062,2468.335814599419,2841.522807263653,33.832969665527344,33.962862777709965,31.85380722221698
2024-07-05,32.63800048828125,35.24787902832031,2388.5,86.54000091552734,1.0810693502426147,2506.339232347805,2824.4925921368413,33.94293975830078,34.07343368530273,31.97595929588316
2024-07-08,32.674598693847656,35.29671096801758,2355.199951171875,85.75,1.082602620124817,2474.1675582811567,2801.8468379974365,33.98565483093262,34.116760444641116,31.936786491764387
2024-07-09,32.71730041503906,35.393680572509766,2360.10009765625,84.66000366210938,1.0830950736999512,2482.5553876530794,2769.8467729515396,34.055490493774414,34.189309501647955,31.968388220825197
2024-07-10,32.90380096435547,35.53424072265625,2372.199951171875,85.08000183105469,1.0814785957336426,2509.507073531186,2799.4554462960223,34.21902084350586,34.3505428314209,32.16222069526468
2024-07-11,32.879798889160156,35.581031799316406,2415.0,85.4000015258789,1.083329677581787,2552.920846370518,2807.934875304869,34.23041534423828,34.36547698974609,32.24259683028545
2024-07-12,32.94902038574219,35.83388137817383,2414.0,85.02999877929688,1.0872756242752075,2557.2361483132213,2801.655163178686,34.39145088195801,34.535693931579594,32.35897602230623
2024-07-15,33.084800720214844,36.00550842285156,2422.89990234375,84.8499984741211,1.0885539054870605,2577.2411537629446,2807.24529062683,34.5451545715332,34.69118995666504,32.50895525735523
2024-07-16,33.01750183105469,35.91107940673828,2462.39990234375,83.7300033569336,1.0901559591293335,2613.9294268357694,2764.55553915177,34.464290618896484,34.60896949768066,32.4613282041857
2024-07-17,33.04050064086914,36.0005989074707,2454.800048828125,85.08000183105469,1.0902509689331055,2607.677048712164,2811.08585502411,34.52054977416992,34.668554687500006,32.53901130205476
2024-07-18,33.07957077026367,36.280879974365234,2451.800048828125,85.11000061035156,1.094020128250122,2607.570007406564,2815.402288447309,34.68022537231445,34.84029083251953,32.65689359869046
2024-07-19,33.088138580322266,36.070369720458984,2395.5,82.62999725341797,1.0901559591293335,2548.3529214059436,2734.072800012742,34.579254150390625,34.728365707397465,32.41648701641121
2024-07-22,32.997840881347656,35.96303176879883,2392.0,82.4000015258789,1.0899182558059692,2537.6852850155838,2719.0221389737562,34.48043632507324,34.62869586944581,32.31174753811579
2024-07-23,32.92620086669922,35.79814147949219,2404.60009765625,81.01000213623047,1.0889805555343628,2545.514327180113,2667.351602549257,34.3621711730957,34.50576820373536,32.18545295782138
2024-07-24,32.84090042114258,35.58002853393555,2413.300048828125,81.70999908447266,1.0850694179534912,2548.105702122117,2683.4299433448177,34.21046447753906,34.347420883178714,32.09495865186246
2024-07-25,32.856300354003906,35.575130462646484,2351.89990234375,82.37000274658203,1.0839520692825317,2484.4402473346227,2706.373550401826,34.215715408325195,34.351656913757324,32.026849724931594
2024-07-26,33.11650085449219,35.937931060791016,2380.0,81.12999725341797,1.0851283073425293,2534.034138385822,2686.741623367765,34.5272159576416,34.668287467956546,32.312669044020225
2024-07-29,33.02399826049805,35.72616958618164,2377.300048828125,79.77999877929688,1.0853756666183472,2524.089290145914,2634.6545409100363,34.375083923339844,34.510192489624025,32.1345471354917
2024-07-30,33.05550003051758,35.745819091796875,2405.0,78.62999725341797,1.081946611404419,2555.9354050539705,2599.1538766099548,34.40065956115723,34.535175514221194,32.16629367852685
2024-07-31,33.0984992980957,35.79753875732422,2426.5,80.72000122070312,1.0816072225570679,2582.1392593264436,2671.7109037457267,34.44801902770996,34.582971000671385,32.313458077037154
2024-08-01,33.17599868774414,35.90114974975586,2435.0,79.5199966430664,1.082391619682312,2597.251661738889,2638.1553042797896,34.53857421875,34.67483177185059,32.36983468440033
2024-08-02,33.1593017578125,35.742549896240234,2425.699951171875,76.80999755859375,1.0787602663040161,2586.02976033918,2546.9658870622516,34.45092582702637,34.580088233947755,32.19962369438011
2024-08-05,33.24509811401367,36.26451873779297,2401.699951171875,76.30000305175781,1.0910836458206177,2567.068338711601,2536.601087555231,34.75480842590332,34.90577945709229,32.37782439945564
2024-08-06,33.39419937133789,36.528831481933594,2389.10009765625,76.4800033569336,1.0950982570648193,2565.053594883503,2553.9884800220316,34.96151542663574,35.11824703216553,32.544339639559205
2024-08-07,33.61920166015625,36.71849822998047,2390.5,78.33000183105469,1.0926215648651123,2583.8494546887287,2633.392127598636,35.16884994506836,35.32381477355957,32.8083213541874
2024-08-08,33.5123291015625,36.738590240478516,2422.199951171875,79.16000366210938,1.0928125381469727,2609.790617152501,2652.836094405502,35.12545967102051,35.28677272796631,32.830960244926736
2024-08-09,33.532649993896484,36.601219177246094,2432.10009765625,79.66000366210938,1.0915720462799072,2622.0464628195036,2671.211021314026,35.06693458557129,35.22036304473877,32.82776742513801
2024-08-12,33.523101806640625,36.55923843383789,2462.39990234375,82.30000305175781,1.091381311416626,2653.956763281572,2758.9513809909113,35.04117012023926,35.19297695159912,32.944860700412775
2024-08-13,33.453819274902344,36.58375930786133,2466.699951171875,80.69000244140625,1.0936251878738403,2653.0967872991723,2699.3887589662336,35.018789291381836,35.175286293029785,32.8648774076274
2024-08-14,33.509498596191406,36.798179626464844,2439.39990234375,79.76000213623047,1.0996986627578735,2628.100650250693,2672.7176796162385,35.153839111328125,35.3182731628418,32.89803096273154
2024-08-15,33.5921516418457,36.98704147338867,2453.10009765625,81.04000091552734,1.1013215780258179,2649.379392630963,2722.307999809709,35.28959655761719,35.459341049194336,33.07870226118047
2024-08-16,33.638179779052734,36.90814971923828,2498.60009765625,79.68000030517578,1.0972732305526733,2702.2174987498397,2680.2901750604797,35.27316474914551,35.43666324615479,33.106740736539734
2024-08-19,33.6880989074707,37.10169982910156,2501.800048828125,77.66000366210938,1.1024993658065796,2709.693454322666,2616.2178845236776,35.39489936828613,35.565579414367676,33.141592569181505
2024-08-20,33.7588005065918,37.43832015991211,2511.300048828125,77.19999694824219,1.1086474657058716,2725.691340094266,2606.1792960852035,35.59856033325195,35.78253631591797,33.30164856483256
2024-08-21,33.8985595703125,37.75376892089844,2508.39990234375,76.05000305175781,1.112792730331421,2733.814745616017,2577.9855587724596,35.82616424560547,36.018924713134766,33.45195062763594
2024-08-22,33.92499923706055,37.8354606628418,2478.89990234375,77.22000122070312,1.115536093711853,2703.7709589997085,2619.688482498168,35.88022994995117,36.07575302124023,33.48775584781658
2024-08-23,33.95750045776367,37.74953079223633,2508.39990234375,79.0199966430664,1.111716389656067,2738.568147214084,2683.3215721794113,35.853515625,36.043117141723634,33.58650975338872
2024-08-26,34.02239990234375,38.045719146728516,2517.699951171875,81.43000030517578,1.1187934875488281,2753.9749052389175,2770.444034430664,36.03405952453613,36.235225486755375,33.82636805458152
2024-08-27,34.025299072265625,37.99449920654297,2516.0,79.55000305175781,1.1164700984954834,2752.3499387637694,2706.7126450357027,36.0098991394043,36.20835914611816,33.743431904377644
2024-08-28,34.01723098754883,38.0186882019043,2501.0,78.6500015258789,1.117793083190918,2735.2921104903494,2675.4552690768905,36.01795959472656,36.21803245544434,33.691826700498446
2024-08-29,34.139400482177734,37.957969665527344,2525.699951171875,79.94000244140625,1.1124955415725708,2772.2264840460984,2729.103757893434,36.04868507385254,36.23961353302002,33.82849305976825
2024-08-30,34.07733917236328,37.75748062133789,2493.800048828125,78.80000305175781,1.1080454587936401,2732.2369984043758,2685.2944307780126,35.917409896850586,36.10141696929932,33.62970381479815
2024-09-02,34.07080078125,37.61323928833008,2493.800048828125,78.80000305175781,1.1044842004776,2731.712766332752,2684.7792055383325,35.84202003479004,36.01914196014404,33.57530241845299
2024-09-03,33.91339874267578,37.52568054199219,2489.89990234375,73.75,1.1067456007003784,2714.840169171476,2501.113157272339,35.719539642333984,35.900153732299806,33.27272109779713
2024-09-04,33.99760055541992,37.53879928588867,2493.39990234375,72.69999694824219,1.1048868894577026,2725.4063733738553,2471.625456626585,35.7681999206543,35.94525985717774,33.297354988916375
2024-09-05,34.03670120239258,37.673770904541016,2511.39990234375,72.69000244140625,1.1080454587936401,2748.238360149889,2474.1278934993315,35.8552360534668,36.03708953857422,33.39698573127055
2024-09-06,33.98500061035156,37.69548034667969,2493.5,71.05999755859375,1.1111111640930176,2724.5056739737734,2414.974060400389,35.840240478515625,36.02576446533203,33.28915093683956
2024-09-09,33.99654006958008,37.693260192871094,2501.800048828125,71.83999633789062,1.1087212562561035,2734.5028387971965,2442.3113140995847,35.844900131225586,36.02973613739014,33.33532266763229
2024-09-10,34.095699310302734,37.59590148925781,2512.300048828125,69.19000244140625,1.1037527322769165,2753.9888094472653,2359.0815185212996,35.84580039978027,36.020810508728026,33.28690997805353
2024-09-11,34.04439926147461,37.481998443603516,2512.10009765625,70.61000061035156,1.1020983457565308,2749.6263282501823,2403.8750526317745,35.76319885253906,35.93507881164551,33.26477370485812
2024-09-12,33.99919891357422,37.39923095703125,2551.199951171875,71.97000122070312,1.1010911464691162,2788.715717086439,2446.922387312865,35.699214935302734,35.86921653747559,33.31940636333315
2024-09-13,33.97460174560547,37.568260192871094,2581.300048828125,71.61000061035156,1.1077877283096313,2819.576785861042,2432.921251739259,35.77143096923828,35.951113891601565,33.40101819627789
2024-09-16,33.95515823364258,37.60150909423828,2580.39990234375,72.75,1.1088441610336304,2816.980479499253,2470.2377614974976,35.77833366394043,35.96065120697021,33.43829995718681
2024-09-17,33.979469299316406,37.81575012207031,2564.300048828125,73.69999694824219,1.1129536628723145,2801.408837464461,2504.2867836625082,35.89760971069336,36.089423751831056,33.53370030231037
2024-09-18,34.06909942626953,37.833919525146484,2570.699951171875,73.6500015258789,1.1123099327087402,2815.8084317950215,2509.189224730071,35.95150947570801,36.139750480651855,33.602413476731684
2024-09-19,34.07080078125,37.809810638427734,2588.0,74.87999725341797,1.1114816665649414,2834.8995512255724,2551.221468921751,35.94030570983887,36.12725620269775,33.66532483170982
2024-09-20,34.08000183105469,38.01176071166992,2619.89990234375,74.48999786376953,1.1161960363388062,2870.6177783010744,2538.6192635925254,36.045881271362305,36.242469215393065,33.78066291255048
2024-09-23,34.05575180053711,38.00553894042969,2626.5,73.9000015258789,1.1160838603973389,2875.801720793822,2516.7201100246457,36.0306453704834,36.22813472747803,33.75466204058061
2024-09-24,34.14970016479492,37.93600082397461,2651.199951171875,75.16999816894531,1.1111727952957153,2910.8541142075305,2567.0328988576657,36.042850494384766,36.23216552734375,33.87079442447804
2024-09-25,34.112300872802734,38.15446853637695,2659.199951171875,73.45999908447266,1.1191190481185913,2916.440158719405,2505.8895908853447,36.133384704589844,36.335493087768555,33.87953416581748
2024-09-26,34.160709381103516,38.02190017700195,2669.89990234375,71.5999984741211,1.1131023168563843,2932.3305309907187,2445.906739561906,36.091304779052734,36.28436431884766,33.81635135044007
2024-09-27,34.17539978027344,38.20637893676758,2644.300048828125,71.9800033569336,1.117717981338501,2905.4633309578353,2459.9453909086296,36.19088935852051,36.39243831634522,33.86053292732341
2024-09-30,34.1490592956543,38.14073944091797,2636.10009765625,71.7699966430664,1.1169815063476562,2894.221090554847,2450.8778710129845,36.14489936828613,36.344483375549316,33.80109202942826
2024-10-01,34.20399856567383,38.10945129394531,2667.300048828125,73.55999755859375,1.113660216331482,2933.1874256687256,2516.046050985111,36.15672492980957,36.35199756622315,33.93573456863859
2024-10-02,34.18619918823242,37.75094985961914,2647.10009765625,73.9000015258789,1.1063904762268066,2909.459022589592,2526.360172174376,35.96857452392578,36.14681205749512,33.77786083221844
2024-10-03,34.23059844970703,37.80508041381836,2657.10009765625,77.62000274658203,1.1048502922058105,2924.2430699435,2656.9791456834064,36.017839431762695,36.19656352996826,33.9673612753179
2024-10-04,34.22679901123047,37.7707405090332,2645.800048828125,78.05000305175781,1.103557825088501,2911.4837250330806,2671.4017672784394,35.998769760131836,36.175966835021974,33.94910613748187
2024-10-07,34.22624969482422,37.55030059814453,2644.800048828125,80.93000030517578,1.0974539518356323,2910.336598256909,2769.9303982471465,35.888275146484375,36.05447769165039,33.968540382912785
2024-10-08,34.24570846557617,37.581581115722656,2615.0,77.18000030517578,1.0975743532180786,2879.1806206527267,2643.08378982413,35.913644790649414,36.08043842315674,33.813691497536624
2024-10-09,34.26350021362305,37.58671951293945,2606.0,76.58000183105469,1.0975743532180786,2870.76207366958,2623.8989090975956,35.92510986328125,36.091270828247076,33.790793934579995
2024-10-10,34.25619888305664,37.48320007324219,2620.60009765625,79.4000015258789,1.0943313837051392,2886.230330953553,2719.9422435855085,35.869699478149414,36.031049537658696,33.87088731887326
2024-10-11,34.25233840942383,37.4494514465332,2657.60009765625,79.04000091552734,1.0933860540390015,2926.650884953148,2707.304859239812,35.850894927978516,36.01075057983398,33.90552455672569
2024-10-14,34.27619934082031,37.425331115722656,2647.800048828125,77.45999908447266,1.0925379991531372,2917.8899475400954,2655.0343695591437,35.850765228271484,36.008221817016604,33.84121491770034
2024-10-15,34.25215148925781,37.37168884277344,2661.39990234375,74.25,1.0909169912338257,2930.8193812138093,2543.2222480773926,35.811920166015625,35.96789703369141,33.720403010571935
2024-10-16,34.19478988647461,37.21623992919922,2674.0,74.22000122070312,1.0884116888046265,2939.7635751265307,2537.9373471158324,35.705514907836914,35.856587409973145,33.6511826396152
2024-10-17,34.16460037231445,37.091339111328125,2691.0,74.44999694824219,1.0862481594085693,2955.8412454358863,2543.554393456725,35.62796974182129,35.77430667877198,33.625125099501176
2024-10-18,34.19219970703125,36.99858093261719,2713.699951171875,73.05999755859375,1.0829542875289917,2983.183239355084,2498.082027118653,35.59539031982422,35.73570938110352,33.59924009537979
2024-10-21,34.276100158691406,37.21160125732422,2723.10009765625,74.29000091552734,1.0868619680404663,3000.8623244784,2546.3715121698915,35.74385070800781,35.89062576293946,33.78216550242753
2024-10-22,34.24570083618164,36.99971008300781,2744.199951171875,76.04000091552734,1.0817828178405762,3021.4323359019563,2604.0431229361275,35.62270545959473,35.76040592193604,33.78437049031445
2024-10-23,34.25310134887695,36.949119567871094,2714.39990234375,74.95999908447266,1.079727053642273,2989.2675842709064,2567.6124457521655,35.60111045837402,35.73591136932373,33.68494621046419
2024-10-24,34.26839828491211,36.923770904541016,2734.89990234375,74.37999725341797,1.0780508518218994,3013.1885166896473,2548.8833703107957,35.59608459472656,35.72885322570801,33.69934527589947
2024-10-25,34.28770065307617,37.116600036621094,2740.89990234375,76.05000305175781,1.0824151039123535,3021.5000070862884,2607.579739304201,35.70215034484863,35.843595314025876,33.845720023981485
2024-10-28,34.28334045410156,37.019039154052734,2742.89990234375,71.41999816894531,1.0796570777893066,3023.3202477085365,2448.5161124572624,35.65118980407715,35.787974739074706,33.65349636957915
2024-10-29,34.28770065307617,37.08238983154297,2768.39990234375,71.12000274658203,1.0816774368286133,3051.8153243745346,2438.54136462076,35.68504524230957,35.82477970123291,33.71018105345307
2024-10-30,34.27479934692383,37.07217025756836,2788.5,72.55000305175781,1.0820636749267578,3072.8165405256914,2486.6367972177104,35.673484802246094,35.813353347778325,33.781040936924704
2024-10-31,34.283199310302734,37.2194709777832,2738.300048828125,73.16000366210938,1.0859178304672241,3018.2377021396633,2508.1589870905736,35.75133514404297,35.898148727416995,33.77561010664528
2024-11-01,34.29376983642578,37.3296012878418,2738.60009765625,73.0999984741211,1.0886130332946777,3019.4991391777976,2506.8745227145846,35.81168556213379,35.96347713470459,33.81899161679622
2024-11-04,34.32815170288086,37.32670974731445,2736.10009765625,75.08000183105469,1.087453007698059,3019.767205787454,2577.357692709018,35.827430725097656,35.97735862731934,33.90261759410261
2024-11-05,34.34980010986328,37.342960357666016,2740.300048828125,75.52999877929688,1.0874056816101074,3026.309872801573,2594.4403603670653,35.84638023376465,35.99603824615479,33.94386133869784
2024-11-06,34.307498931884766,37.44974136352539,2667.60009765625,74.91999816894531,1.093445897102356,2942.3941281393177,2570.3177571579,35.87862014770508,36.03573226928711,33.81431799935467
2024-11-07,34.20090103149414,36.68648910522461,2698.39990234375,75.62999725341797,1.073306918144226,2967.1187114185273,2586.6140510763216,35.443695068359375,35.567974472045904,33.55792371763038
2024-11-08,34.340030670166016,37.0695915222168,2687.5,73.87000274658203,1.0795172452926636,2967.1548624451902,2536.6981599228748,35.704811096191406,35.84128913879395,33.69779975443294
2024-11-11,34.35115051269531,36.80332946777344,2611.199951171875,71.83000183105469,1.0714898109436035,2883.8487452131953,2467.4432042257395,35.577239990234375,35.699848937988286,33.41484184084436
2024-11-12,34.32659912109375,36.58531951904297,2600.0,71.88999938964844,1.066439151763916,2869.4270511534505,2467.7391898641363,35.45595932006836,35.56889533996582,33.30738124669685
2024-11-13,34.37080001831055,36.478389739990234,2580.800048828125,72.27999877929688,1.061672568321228,2851.9050437961837,2484.3213833669433,35.42459487915039,35.52997436523438,33.27793536538202
2024-11-14,34.34519958496094,36.284000396728516,2568.199951171875,72.55999755859375,1.0564124584197998,2835.8675290308697,2492.0875980341807,35.31459999084473,35.411540031433105,33.18336886441984
2024-11-15,34.29668045043945,36.11199951171875,2565.699951171875,71.04000091552734,1.0530084371566772,2829.104666429121,2436.4362105987675,35.2043399810791,35.295105934143066,33.03796521951979
2024-11-18,34.34925842285156,36.173561096191406,2610.60009765625,73.30000305175781,1.0533745288848877,2883.027449623126,2517.8007472206373,35.261409759521484,35.35262489318848,33.24279167446294
2024-11-19,34.571998596191406,36.57912826538086,2627.10009765625,73.30999755859375,1.059490442276001,2920.062649980859,2534.4731326824985,35.57556343078613,35.675919914245604,33.54606143901365
2024-11-20,34.499298095703125,36.534690856933594,2648.199951171875,72.80999755859375,1.0607603788375854,2937.32562825597,2511.8938101213425,35.51699447631836,35.618764114379886,33.50474329071331
2024-11-21,34.4692497253418,36.349891662597656,2672.10009765625,74.2300033569336,1.0546187162399292,2961.2536935814037,2558.652522823104,35.40957069396973,35.503602790832524,33.510695035241106
2024-11-22,34.527099609375,36.098079681396484,2709.89990234375,75.16999816894531,1.0469341278076172,3008.1840837696395,2595.402014415711,35.31258964538574,35.39113864898682,33.55284587230894
2024-11-25,34.420040130615234,36.06842041015625,2616.800048828125,73.01000213623047,1.0479873418807983,2895.8294043339865,2513.0072034653567,35.24423027038574,35.326649284362794,33.24871450576712
2024-11-26,34.597530364990234,36.13595962524414,2620.300048828125,72.80999755859375,1.0444300174713135,2914.6552035853574,2519.046101408312,35.36674499511719,35.44366645812988,33.37762692161789
2024-11-27,34.65359878540039,36.3497314453125,2639.89990234375,72.83000183105469,1.0491198301315308,2941.2156280045833,2523.821662993345,35.501665115356445,35.586471748352054,33.51949062501975
2024-11-28,34.63650131225586,36.5565299987793,2639.89990234375,72.83000183105469,1.0562450885772705,2939.7644841991882,2522.5764539929223,35.59651565551758,35.69251708984375,33.581609204766806
2024-11-29,34.64836883544922,36.59109878540039,2657.0,72.94000244140625,1.0563008785247803,2959.8207489070346,2527.2521074484102,35.619733810424805,35.71687030792236,33.63321533987879
2024-12-02,34.693389892578125,36.578250885009766,2634.89990234375,71.83000183105469,1.0545074939727783,2939.0157964568048,2492.026259509381,35.635820388793945,35.73006343841553,33.580293720979256
2024-12-03,34.74789810180664,36.4798698425293,2644.699951171875,73.62000274658203,1.0501223802566528,2954.581733871414,2558.1403536929574,35.61388397216797,35.700482559204104,33.65712664010799
2024-12-04,34.74760055541992,36.5082893371582,2653.800048828125,72.30999755859375,1.0510826110839844,2964.7227106981677,2512.5989113294054,35.62794494628906,35.715979385375974,33.63662446755
2024-12-05,34.73649978637695,36.51959991455078,2626.60009765625,72.08999633789062,1.051414132118225,2933.39854955167,2504.154142391053,35.62804985046387,35.717204856872556,33.58071185136211
2024-12-06,34.76679992675781,36.78961181640625,2638.60009765625,71.12000274658203,1.058559536933899,2949.370653056332,2472.6149062808836,35.77820587158203,35.879346466064455,33.67975499231069
2024-12-09,34.77888107299805,36.742008209228516,2664.89990234375,72.13999938964844,1.0565463304519653,2979.8031059684427,2508.9484593787347,35.76044464111328,35.85860099792481,33.7499084207606
2024-12-10,34.81956100463867,36.747108459472656,2697.60009765625,72.19000244140625,1.0555204153060913,3019.895549633893,2513.6241939335596,35.783334732055664,35.87971210479736,33.8327798810553
2024-12-11,34.84510040283203,36.695369720458984,2733.800048828125,73.5199966430664,1.0532968044281006,3062.6652382052393,2561.811664643523,35.77023506164551,35.86274852752686,33.93722908524484
2024-12-12,34.86470031738281,36.58710861206055,2687.5,73.41000366210938,1.0506850481033325,3012.4890122562215,2559.417777977418,35.72590446472168,35.81202487945557,33.829519437536064
2024-12-13,34.94660186767578,36.59724044799805,2656.0,74.48999786376953,1.0474056005477905,2984.1736072588155,2603.1722984691733,35.771921157836914,35.85445308685303,33.86710761322703
2024-12-16,34.95014953613281,36.738739013671875,2651.39990234375,73.91000366210938,1.051005244255066,2979.3075437470707,2583.1656802068464,35.844444274902344,35.9338737487793,33.890745465065734
2024-12-17,34.956600189208984,36.74127960205078,2644.39990234375,73.19000244140625,1.0517348051071167,2971.9902607998397,2558.4736531914677,35.84893989562988,35.938173866271974,33.858546980792596
2024-12-18,35.009300231933594,36.734130859375,2636.5,73.38999938964844,1.0495051145553589,2967.5788547694747,2569.3325226536253,35.8717155456543,35.95795707702637,33.88136669836253
2024-12-19,35.04899978637695,36.26905822753906,2592.199951171875,72.87999725341797,1.0350252389907837,2921.0244282037756,2554.3710081661993,35.65902900695801,35.720031929016116,33.64967794466131
2024-12-20,35.1396484375,36.41838073730469,2628.699951171875,72.94000244140625,1.0364949703216553,2969.8156487718793,2563.0860428214073,35.779014587402344,35.84295120239258,33.82010214903587
2024-12-23,35.13113021850586,36.64984893798828,2612.300048828125,72.62999725341797,1.0433076620101929,2950.572174786263,2551.5738912795496,35.89048957824707,35.96642551422119,33.85733136915719
2024-12-24,35.23160171508789,36.6611213684082,2620.0,73.58000183105469,1.0405826568603516,2967.73242062541,2592.3413187071565,35.94636154174805,36.01783752441406,33.9679731146233
2024-12-25,34.883888244628906,36.42543029785156,2620.0,73.58000183105469,1.0402579307556152,2938.442791737281,2566.756560914102,35.654659271240234,35.73173637390137,33.67687665061963
2024-12-26,35.11949157714844,36.57863998413086,2638.800048828125,73.26000213623047,1.0399551391601562,2979.5162992388755,2572.8540279652225,35.84906578063965,35.922023200988775,33.89244910212871
2024-12-27,35.23429870605469,36.70729064941406,2617.199951171875,74.16999816894531,1.0423181056976318,2964.787681004896,2613.3278705121484,35.970794677734375,36.04444427490235,34.001780601736286
2024-12-30,35.1602897644043,36.65987014770508,2606.10009765625,74.38999938964844,1.0429377555847168,2946.012601029737,2615.573934113898,35.91007995605469,35.98505897521973,33.929663293116995
2024-12-31,35.30524826049805,36.73310089111328,2629.199951171875,74.63999938964844,1.040615200996399,2984.378807536153,2635.183708614961,36.019174575805664,36.09056720733643,34.090436536008056
2025-01-02,35.374000549316406,36.60327911376953,2658.89990234375,75.93000030517578,1.0351860523223877,3023.9682595897175,2685.947872504883,35.98863983154297,36.050103759765626,34.18264817143536
2025-01-03,35.3922004699707,36.33177947998047,2645.0,76.51000213623047,1.0268205404281616,3009.7075913735957,2707.8573335633555,35.861989974975586,35.908968925476074,34.095421726605196
2025-01-06,35.28929901123047,36.36967086791992,2638.39990234375,76.30000305175781,1.0305347442626953,2993.4686615166397,2692.5736222512787,35.829484939575195,35.88350353240967,34.027881022790396
2025-01-07,35.34479904174805,36.64768981933594,2656.699951171875,77.05000305175781,1.0386372804641724,3018.972010498575,2723.3168740304536,35.99624443054199,36.06138896942139,34.216385943245115
2025-01-08,35.32183074951172,36.55384063720703,2664.5,76.16000366210938,1.034554123878479,3025.8680930510627,2690.11075923522,35.937835693359375,35.99943618774414,34.15148942163896
2025-01-09,35.34980010986328,36.45320129394531,2683.800048828125,76.91999816894531,1.0314701795578003,3050.1990459444564,2719.1065597232664,35.9015007019043,35.9566707611084,34.19294562546612
2025-01-10,35.38059997558594,36.40401077270508,2708.5,79.76000213623047,1.0297601222991943,3080.953156782605,2821.95672963385,35.89230537414551,35.94347591400147,34.33703022548891
2025-01-13,35.39105987548828,36.25669860839844,2673.5,81.01000213623047,1.0244431495666504,3042.0392930837215,2867.029836116766,35.82387924194336,35.86716117858887,34.27635723887711
2025-01-14,35.48419952392578,36.42689895629883,2677.5,79.91999816894531,1.0265253782272339,3054.6084875408937,2835.8971609786386,35.955549240112305,36.00268421173096,34.36090433656488
2025-01-15,35.469398498535156,36.55323028564453,2712.5,82.02999877929688,1.0306835174560547,3093.247229109661,2909.5547155372333,36.011314392089844,36.06550598144531,34.53081555859137
2025-01-16,35.472900390625,36.51033020019531,2746.39990234375,81.29000091552734,1.0295268297195435,3132.2147937063446,2883.5921052303165,35.991615295410156,36.043486785888675,34.54969002210819
2025-01-17,35.54610061645508,36.61228942871094,2744.300048828125,80.79000091552734,1.0301949977874756,3136.2785030317614,2871.769501346833,36.07919502258301,36.1325044631958,34.608928802525334
2025-01-20,35.547271728515625,36.53773880004883,2744.300048828125,80.79000091552734,1.0277386903762817,3136.3818317658965,2871.8641154912766,36.04250526428223,36.09202861785889,34.583554134563464
2025-01-21,35.580101013183594,37.04356002807617,2755.0,79.29000091552734,1.0420682430267334,3151.5183630956913,2821.1462419098825,36.31183052062988,36.38500347137452,34.74571020165351
2025-01-22,35.6348991394043,37.066768646240234,2767.60009765625,79.0,1.0405935049057007,3170.807912322714,2815.1570320129395,36.350833892822266,36.422427368164065,34.79869758244281
2025-01-23,35.64469909667969,37.153629302978516,2763.10009765625,78.29000091552734,1.0410159826278687,3166.5228999403466,2790.6235249127494,36.3991641998291,36.47461071014405,34.802057769537626
2025-01-24,35.67430114746094,37.14923858642578,2777.300048828125,78.5,1.041601538658142,3185.4393306523375,2800.4326400756836,36.41176986694336,36.485516738891604,34.85054560028759
2025-01-27,35.59360122680664,37.25511169433594,2737.5,77.08000183105469,1.0467586517333984,3132.687833740284,2743.5548477360862,36.42435646057129,36.507431983947754,34.71931618208675
2025-01-28,35.75226974487305,37.33967971801758,2766.800048828125,77.48999786376953,1.0445064306259155,3180.3319709850266,2770.4433061551244,36.54597473144531,36.62534523010254,34.910737061888035
2025-01-29,35.702980041503906,37.185791015625,2769.10009765625,76.58000183105469,1.0429050922393799,3178.58759505457,2734.134276952478,36.44438552856445,36.51852607727051,34.79823454160465
2025-01-30,35.79267120361328,37.314579010009766,2823.0,76.87000274658203,1.0425245761871338,3248.5985877887547,2751.3827337292605,36.55362510681152,36.629720497131345,35.00145175036112
2025-01-31,35.853031158447266,37.273529052734375,2812.5,76.76000213623047,1.0397279262542725,3241.973583259764,2752.0787483127497,36.56328010559082,36.634305000305176,35.00198675503833
2025-02-03,35.87181854248047,36.76210021972656,2833.89990234375,75.95999908447266,1.024779200553894,3268.3530435551866,2724.8233036451857,36.316959381103516,36.361473464965826,34.842815362874454
2025-02-04,35.9734001159668,37.13700866699219,2853.300048828125,76.19999694824219,1.0327378511428833,3300.0460034552066,2741.172979054565,36.55520439147949,36.61338481903076,35.07855506407137
2025-02-05,35.96950149536133,37.3119010925293,2871.60009765625,74.61000061035156,1.0372798442840576,3320.8513849077544,2683.68452852295,36.64070129394531,36.70782127380372,35.11192758641437
2025-02-06,35.910301208496094,37.32283020019531,2856.0,74.29000091552734,1.0400848388671875,3297.374789028886,2667.7763096560375,36.6165657043457,36.68719215393067,35.040949546666155
2025-02-07,35.95558166503906,37.336551666259766,2867.300048828125,74.66000366210938,1.0385725498199463,3314.595398023482,2684.443858785089,36.646066665649414,36.71511516571045,35.106362705026854
2025-02-10,35.89970016479492,36.94670867919922,2914.300048828125,75.87000274658203,1.0311616659164429,3363.691416747882,2723.710350104462,36.42320442199707,36.47555484771729,35.06047557886398
2025-02-11,35.99263000488281,37.08184051513672,2912.5,77.0,1.0301525592803955,3370.315658383927,2771.4325103759766,36.537235260009766,36.59169578552246,35.202602180202845
2025-02-12,35.99468994140625,37.28110885620117,2909.0,75.18000030517578,1.0364949703216553,3366.458152342338,2706.0808007796295,36.63789939880371,36.70222034454346,35.20203210552605
2025-02-13,36.11600112915039,37.50043869018555,2925.89990234375,75.0199966430664,1.039198637008667,3397.427395538877,2709.422283469845,36.80821990966797,36.87744178771973,35.37711737000326
2025-02-14,36.1963005065918,37.85987854003906,2883.60009765625,74.73999786376953,1.0461673736572266,3355.7552535606915,2705.311422539031,37.02808952331543,37.1112684249878,35.46842199453046
2025-02-17,36.20355987548828,37.964168548583984,2883.60009765625,74.73999786376953,1.0489217042922974,3356.428268895711,2705.8539877548465,37.08386421203613,37.17189464569092,35.50937933329813
2025-02-18,36.233280181884766,37.98733139038086,2931.60009765625,75.83999633789062,1.048536777496338,3415.1001318161207,2747.9318363039056,37.11030578613281,37.19800834655762,35.6594600934153
2025-02-19,36.29280090332031,37.90345001220703,2919.39990234375,76.04000091552734,1.044833779335022,3406.4744624605596,2759.704613915528,37.09812545776367,37.17865791320801,35.652744173206955
2025-02-20,36.30720138549805,37.817169189453125,2940.0,76.4800033569336,1.0421009063720703,3431.872673262182,2776.7748838437547,37.062185287475586,37.13768367767334,35.68347366424484
2025-02-21,36.3856315612793,38.201839447021484,2937.60009765625,74.43000030517578,1.0500562191009521,3436.4786777695026,2708.1825682100316,37.29373550415039,37.3845458984375,35.787797015833526
2025-02-24,36.446998596191406,38.17422103881836,2947.89990234375,74.77999877929688,1.0474823713302612,3454.343843722173,2725.5065105322283,37.31060981750488,37.39697093963623,35.84679907817847
2025-02-25,36.454341888427734,38.13159942626953,2904.5,73.0199966430664,1.0461344718933105,3404.173645787996,2661.8959223181882,37.29297065734863,37.376833534240724,35.695952945565615
2025-02-26,36.461299896240234,38.35786056518555,2916.800048828125,72.52999877929688,1.0524100065231323,3419.2422281772187,2644.5380369658815,37.40958023071289,37.50440826416016,35.78317253554275
2025-02-27,36.45940017700195,38.23426818847656,2883.199951171875,74.04000091552734,1.0488777160644531,3379.6781461449955,2699.4540224848024,37.34683418273926,37.43557758331299,35.73472517846987
2025-02-28,36.517799377441406,37.940818786621094,2836.800048828125,73.18000030517578,1.039511799812317,3330.614635886026,2672.37256958551,37.22930908203125,37.30046005249024,35.554700849708496
2025-03-03,36.50695037841797,38.00431823730469,2890.199951171875,71.62000274658203,1.0413846969604492,3392.3019886039774,2614.627886371629,37.25563430786133,37.33050270080567,35.60737240370142
2025-03-04,36.43709945678711,38.19940185546875,2909.60009765625,71.04000091552734,1.0485037565231323,3408.538177885576,2588.491578769317,37.31825065612793,37.40636577606202,35.64592927772659
2025-03-05,36.432498931884766,38.70370101928711,2915.300048828125,69.30000305175781,1.062699317932129,3414.7843534666927,2524.7722871627775,37.56809997558594,37.68166007995606,35.76624374686721
2025-03-06,36.4114990234375,39.301841735839844,2916.60009765625,69.45999908447266,1.0794938802719116,3414.337962615429,2529.1426888322458,37.85667037963867,38.00118751525879,35.97089384967433
2025-03-07,36.487701416015625,39.36376190185547,2904.699951171875,70.36000061035156,1.0787951946258545,3407.523384057005,2567.274693901185,37.92573165893555,38.069534683227545,36.05095700204235
2025-03-10,36.48583984375,39.61111831665039,2891.0,69.27999877929688,1.086059331893921,3391.278848552431,2527.7389398366213,38.048479080200195,38.204743003845216,36.072884560992904
2025-03-11,36.571380615234375,39.63679122924805,2912.89990234375,69.55999755859375,1.0839403867721558,3424.979519417981,2543.905146310106,38.10408592224121,38.2573564529419,36.182803601767645
2025-03-12,36.59619903564453,39.9228515625,2939.10009765625,70.94999694824219,1.0914170742034912,3458.130833769375,2596.500209896243,38.259525299072266,38.425857925415045,36.39517412168311
2025-03-13,36.59230041503906,39.80759811401367,2984.300048828125,69.87999725341797,1.0886249542236328,3510.9388129668673,2557.069852499175,38.19994926452637,38.3607141494751,36.39305757786988
2025-03-14,36.67959976196289,39.813079833984375,2994.5,70.58000183105469,1.085564136505127,3531.3435277177073,2588.846218361694,38.24633979797363,38.40301380157471,36.49227935661794
2025-03-17,36.6391716003418,39.86745071411133,3000.0,71.06999969482422,1.0881274938583374,3533.930161821182,2603.9459144549037,38.25331115722656,38.414725112915036,36.514117547262366
2025-03-18,36.63199996948242,39.994449615478516,3035.10009765625,70.55999755859375,1.091917634010315,3574.5774467476845,2584.753828413086,38.31322479248047,38.481347274780276,36.597477351745056
2025-03-19,36.69559860229492,40.13848114013672,3035.89990234375,70.77999877929688,1.093948245048523,3581.727050306884,2597.3144242760027,38.41703987121582,38.58918399810791,36.69661283970215
2025-03-20,37.99319839477539,41.45193099975586,3040.0,72.0,1.0911908149719238,3713.3894664829622,2735.510284423828,39.722564697265625,39.89550132751465,38.01104969197297
2025-03-21,37.94593811035156,41.175270080566406,3018.199951171875,72.16000366210938,1.0856702327728271,3682.174481273234,2738.1790330051444,39.560604095458984,39.72207069396973,37.85116052725386
2025-03-24,37.976688385009766,41.14698028564453,3013.10009765625,73.0,1.0835762023925781,3678.9315939603866,2772.298252105713,39.56183433532715,39.72034893035889,37.882814097025786
2025-03-25,37.848541259765625,40.87825012207031,3023.699951171875,73.0199966430664,1.0803569555282593,3679.4160696234453,2763.7003557330463,39.36339569091797,39.5148811340332,37.729628506799074
2025-03-26,37.98720169067383,40.93518829345703,3020.89990234375,73.79000091552734,1.0787487030029297,3689.4760870485356,2803.0756475331436,39.46119499206543,39.608594322204596,37.85948635708544
2025-03-27,38.022098541259766,40.785438537597656,3060.199951171875,74.02999877929688,1.0742061138153076,3740.907321956218,2814.775908595766,39.40376853942871,39.54193553924561,37.909879796193174
2025-03-28,38.003299713134766,41.04404067993164,3086.5,73.62999725341797,1.080100178718567,3771.1920541497298,2798.1828534989327,39.5236701965332,39.67570724487305,38.02170505795351
2025-03-31,37.975101470947266,41.05339813232422,3122.800048828125,74.73999786376953,1.082391619682312,3812.713591161202,2838.25900281503,39.51424980163574,39.668164634704596,38.116059324249214
2025-04-01,37.898590087890625,40.99794006347656,3118.89990234375,74.48999786376953,1.0818880796432495,3800.279617746396,2823.06589468685,39.448265075683594,39.60323257446289,38.03220037867949
2025-04-02,37.96049880981445,40.84239959716797,3139.89990234375,74.94999694824219,1.0795987844467163,3832.117138295499,2845.1392699493445,39.40144920349121,39.545544242858895,38.07235436032716
2025-04-03,37.944618225097656,41.371978759765625,3097.0,70.13999938964844,1.090869426727295,3778.178349602622,2661.4354991487926,39.65829849243164,39.829666519165045,37.986742879509755
2025-04-04,38.005699157714844,42.00600051879883,3012.0,65.58000183105469,1.1043744087219238,3680.3977445710225,2492.413820353453,40.005849838256836,40.205864906311035,37.91739028187552
2025-04-07,38.00090026855469,41.71678924560547,2951.300048828125,64.20999908447266,1.098454475402832,3605.772420210533,2440.037771453033,39.85884475708008,40.044639205932626,37.649932745152626
2025-04-08,38.004798889160156,41.471580505371094,2968.39990234375,62.81999969482422,1.0915361642837524,3627.036361130434,2387.461454618897,39.738189697265625,39.911528778076175,37.54498872885849
2025-04-09,38.007999420166016,41.650970458984375,3056.5,65.4800033569336,1.0980443954467773,3734.9988547819653,2488.763929622801,39.829484939575195,40.011633491516115,37.872301640506684
2025-04-10,37.96289825439453,41.55120849609375,3155.199951171875,63.33000183105469,1.0952062606811523,3851.0336155927266,2404.1904159629485,39.75705337524414,39.936468887329106,37.90882311474267
2025-04-11,38.03559875488281,42.78567123413086,3222.199951171875,64.76000213623047,1.1257838010787964,3940.3409862776634,2463.185456619016,40.410634994506836,40.64813861846924,38.562921369934436
2025-04-14,37.98509979248047,42.93547821044922,3204.800048828125,64.87999725341797,1.1343141794204712,3913.8598701506776,2464.4731702069403,40.460289001464844,40.70780792236329,38.55672026608237
2025-04-15,38.03839874267578,43.09479904174805,3218.699951171875,64.66999816894531,1.1339668035507202,3936.3506839758456,2459.9431770384545,40.566598892211914,40.81941890716553,38.66300836468435
2025-04-16,38.17060089111328,43.010860443115234,3326.60009765625,65.8499984741211,1.1292672157287598,4082.447935594621,2513.534010436095,40.59073066711426,40.832743644714355,38.95924742536367
2025-04-17,38.14339828491211,43.44799041748047,3308.699951171875,67.95999908447266,1.1396790742874146,4057.5869011151217,2592.225312521303,40.79569435119629,41.06092395782471,39.142761624276986
2025-04-21,38.14339828491211,43.44799041748047,3406.199951171875,66.26000213623047,1.1396790742874146,4177.154927438755,2527.381651841366,40.79569435119629,41.06092395782471,39.2572700030825
2025-04-22,38.235801696777344,43.97256088256836,3400.800048828125,67.44000244140625,1.1512778997421265,4180.636046365817,2578.6225597797893,41.10418128967285,41.39101924896241,39.53429361693838
2025-04-23,38.280399322509766,43.43635940551758,3276.300048828125,66.12000274658203,1.1351252794265747,4032.2847177489457,2531.1001083446026,40.85837936401367,41.11617736816407,39.09441270590308
2025-04-24,38.285621643066406,43.36840057373047,3332.0,66.55000305175781,1.132733702659607,4101.396513803797,2547.9082371845143,40.82701110839844,41.08115005493164,39.19319186592244
2025-04-25,38.415000915527344,43.67974090576172,3282.39990234375,66.87000274658203,1.1371906995773315,4053.996794778326,2568.8112167312647,41.04737091064453,41.31060791015625,39.303716092126294
2025-04-28,38.42399978637695,43.583011627197266,3332.5,65.86000061035156,1.1343141794204712,4116.8381307166665,2530.6046493829344,41.00350570678711,41.26145629882813,39.329515829527764
2025-04-29,38.44160079956055,43.845001220703125,3318.800048828125,64.25,1.1409143209457397,4101.791816746764,2469.872851371765,41.143301010131836,41.41347103118896,39.34495132356223
2025-04-30,38.4994010925293,43.84463882446289,3305.0,63.119998931884766,1.1389262676239014,4090.877731418416,2430.0821558386524,41.172019958496094,41.43928184509278,39.31178277854001
2025-05-01,38.5017204284668,43.73698043823242,3210.0,62.130001068115234,1.1324899196624756,3973.5275696052863,2392.1119313449162,41.11935043334961,41.381113433837896,39.061034610520906
2025-05-02,38.55839920043945,43.604408264160156,3231.89990234375,61.290000915527344,1.1296498775482178,4006.525939583436,2363.244322296203,41.081403732299805,41.33370418548584,39.05793580430319
2025-05-05,38.57176971435547,43.69557189941406,3311.300048828125,60.22999954223633,1.1323232650756836,4106.380253236914,2323.177672238875,41.133670806884766,41.3898609161377,39.20490610263136
2025-05-06,38.61050033569336,43.582130432128906,3411.39990234375,62.150001525878906,1.1313369274139404,4234.763139875979,2399.6426547782903,41.09631538391113,41.34489688873291,39.449733150114724
2025-05-07,38.63290023803711,43.85179138183594,3381.39990234375,61.119998931884766,1.1342755556106567,4199.957642425187,2361.242821284439,41.24234580993652,41.50329036712647,39.46246636377964
2025-05-08,38.644100189208984,43.70426940917969,3296.60009765625,62.84000015258789,1.1306205987930298,4095.816852782974,2428.3952617865143,41.174184799194336,41.42719326019287,39.32625490985746
2025-05-09,38.7244987487793,43.504119873046875,3335.39990234375,63.90999984741211,1.122422695159912,4152.644740506603,2474.8827091255953,41.114309310913086,41.35329036712646,39.420091274963625
2025-05-12,38.74020004272461,43.4652099609375,3220.0,64.95999908447266,1.12296462059021,4010.594858564919,2516.563359307678,41.102705001831055,41.3389554977417,39.24135915057303
2025-05-13,38.78990173339844,43.04930114746094,3240.300048828125,66.62999725341797,1.1095577478408813,4041.0569303547804,2584.571045956691,40.91960144042969,41.132571411132815,39.229372536459564
2025-05-14,38.758480072021484,43.392578125,3181.39990234375,66.08999633789062,1.1185556650161743,3964.3871811823087,2561.5478060221067,41.07552909851074,41.30723400115967,39.19892295035416
2025-05-15,38.7677001953125,43.38896179199219,3220.699951171875,64.52999877929688,1.1181930303573608,4014.3142494632257,2501.679646279663,41.078330993652344,41.30939407348633,39.216367725796765
2025-05-16,38.83620071411133,43.40380859375,3182.0,65.41000366210938,1.1192693710327148,3973.08607866958,2540.2760309324367,41.120004653930664,41.3483850479126,39.22571844239384
2025-05-19,38.856300354003906,43.427391052246094,3228.89990234375,65.54000091552734,1.1187559366226196,4033.732473871945,2546.6419607754215,41.141845703125,41.370400238037114,39.33934768147104
2025-05-20,38.846099853515625,43.60396957397461,3280.300048828125,65.37999725341797,1.1233429908752441,4096.868786266026,2539.7579017288517,41.22503471374512,41.46292819976807,39.48489037342526
2025-05-21,38.83530044555664,43.82563018798828,3309.300048828125,64.91000366210938,1.1287955045700073,4131.938769646983,2520.7994941401994,41.33046531677246,41.57998180389404,39.59179839262923
2025-05-22,38.830101013183594,44.10552978515625,3292.300048828125,64.44000244140625,1.133118748664856,4110.162483883647,2502.211804089602,41.46781539916992,41.73158683776856,39.636431359993196
2025-05-23,39.033329010009766,44.05937957763672,3363.60009765625,64.77999877929688,1.1281843185424805,4221.1521918963535,2528.579005620326,41.54635429382324,41.797656822204594,39.89442174964161
2025-05-26,39.00040054321289,44.35398864746094,3363.60009765625,64.77999877929688,1.1372811794281006,4217.591233266364,2526.4458995814202,41.677194595336914,41.94487400054932,39.97688899337744
2025-05-27,38.993900299072266,44.354190826416016,3299.10009765625,64.08999633789062,1.1388484239578247,4136.0257283091705,2499.1189273676137,41.67404556274414,41.94206008911134,39.82468442870588
2025-05-28,39.05950164794922,44.22032165527344,3293.60009765625,64.9000015258789,1.1337097883224487,4136.077110263442,2534.961716551974,41.63991165161133,41.89795265197754,39.83999062047253
2025-05-29,39.09429168701172,43.96091079711914,3317.10009765625,64.1500015258789,1.123368263244629,4169.298487325008,2507.898871374957,41.52760124206543,41.7709321975708,39.785882056158854
2025-05-30,39.20848846435547,44.64794158935547,3288.89990234375,63.900001525878906,1.1378376483917236,4145.928595399494,2505.42247269972,41.92821502685547,42.20018768310547,40.03449030781556
2025-06-02,39.254398345947266,44.538551330566406,3370.60009765625,64.62999725341797,1.1353315114974976,4253.893535731259,2537.0116572831466,41.896474838256836,42.16068248748779,40.208104264957186
2025-06-03,39.145301818847656,44.867698669433594,3350.199951171875,65.62999725341797,1.1453442573547363,4216.396420419203,2569.106050855189,42.006500244140625,42.29262008666993,40.255515943324816
2025-06-04,39.14459991455078,44.551170349121094,3373.5,64.86000061035156,1.1384464502334595,4245.644583750748,2538.9187743497314,41.84788513183594,42.11821365356445,40.158135237988546
2025-06-05,39.264400482177734,45.006690979003906,3350.699951171875,65.33999633789062,1.1422044038772583,4229.855897602608,2565.535783714964,42.13554573059082,42.422660255432135,40.368421665641335
2025-06-06,39.282501220703125,44.99549865722656,3322.699951171875,66.47000122070312,1.1453834772109985,4196.442916244637,2611.1079040924087,42.138999938964844,42.424649810791024,40.36719729676991
2025-06-09,39.24409866333008,44.73303985595703,3332.10009765625,67.04000091552734,1.1407841444015503,4204.200894625184,2630.924410318694,41.988569259643555,42.263016319274904,40.29142916717346
2025-06-10,39.29912185668945,44.95671081542969,3320.89990234375,66.87000274658203,1.1428048610687256,4195.944098959224,2627.9323864950857,42.12791633605957,42.41079578399658,40.37634606301009
2025-06-11,39.19559860229492,44.822750091552734,3321.300048828125,69.7699966430664,1.143746018409729,4185.395233746014,2734.676782905095,42.00917434692383,42.29053192138672,40.37897160648555
2025-06-12,39.129539489746094,45.149879455566406,3380.89990234375,69.36000061035156,1.1509333848953247,4253.320523949866,2714.0248828915646,42.13970947265625,42.44072647094727,40.54827927416304
2025-06-13,39.395599365234375,45.69314956665039,3431.199951171875,74.2300033569336,1.1600254774093628,4345.950759381953,2924.3354731297586,42.54437446594238,42.859251976013184,41.19410370662408
2025-06-16,39.36800003051758,45.324100494384766,3396.39990234375,73.2300033569336,1.1556684970855713,4298.85933070732,2882.918774390564,42.34605026245117,42.643855285644534,40.94184295569325
2025-06-17,39.38759994506836,45.48168182373047,3386.60009765625,76.44999694824219,1.1551345586776733,4288.589686552785,3011.18189559906,42.434640884399414,42.739344978332525,41.11769504176124
2025-06-18,39.52090072631836,45.43484115600586,3389.800048828125,76.69999694824219,1.1482638120651245,4307.169647729075,3031.2529651004006,42.47787094116211,42.77356796264649,41.202562131823406
2025-06-19,39.53409957885742,45.467918395996094,3389.800048828125,76.69999694824219,1.1477497816085815,4308.608119423705,3032.265317049867,42.50100898742676,42.79769992828369,41.22258876632703
2025-06-20,39.663700103759766,45.65922164916992,3368.10009765625,77.01000213623047,1.1512778997421265,4295.060422083794,3054.501629721344,42.661460876464844,42.96123695373535,41.34329988156041
2025-06-23,39.72050094604492,45.710838317871094,3377.699951171875,71.4800033569336,1.1500862836837769,4313.470644091414,2839.221540962375,42.71566963195801,43.01518650054932,41.19642129677235
2025-06-24,39.67070007324219,45.956748962402344,3317.39990234375,67.13999938964844,1.1599044799804688,4231.153237148133,2663.4907787044067,42.813724517822266,43.12802696228027,40.963362800564305
2025-06-25,39.6245002746582,45.89949035644531,3327.10009765625,67.68000030517578,1.161224365234375,4238.5833449138845,2681.786190681305,42.76199531555176,43.075744819641116,40.95428294267127
2025-06-26,39.75859832763672,46.5700798034668,3333.5,67.7300033569336,1.1683744192123413,4261.108440622207,2692.8499981978093,43.16433906555176,43.504913139343266,41.28747992139919
2025-06-27,39.85430145263672,46.58531188964844,3273.699951171875,67.7699966430664,1.1692214012145996,4194.740850305391,2700.925875656947,43.21980667114258,43.55635719299317,41.23961689354668
2025-06-30,39.89059829711914,46.749691009521484,3294.39990234375,67.61000061035156,1.1727453470230103,4225.1091085245835,2697.003375215514,43.32014465332031,43.66309928894043,41.353298210182565
2025-07-01,39.82659912109375,46.90476989746094,3336.699951171875,67.11000061035156,1.178717017173767,4272.493785733155,2672.7630913248286,43.365684509277344,43.7195930480957,41.428812882473395
2025-07-02,39.83879852294922,47.014671325683594,3348.0,69.11000061035156,1.180553913116455,4288.2761407185835,2753.2593902366934,43.426734924316406,43.78552856445313,41.57632797448351
2025-07-03,39.904701232910156,47.01271057128906,3331.60009765625,68.80000305175781,1.18002450466156,4274.329438453869,2745.4435666037025,43.45870590209961,43.81410636901856,41.57326691739974
2025-07-04,39.82059860229492,46.876949310302734,3332.5,68.29000091552734,1.1771491765975952,4266.473027933258,2719.348715007567,43.34877395629883,43.70159149169922,41.454229956431384
2025-07-07,39.95100021362305,47.01287841796875,3332.199951171875,69.58000183105469,1.178078293800354,4280.059165639716,2779.790668016358,43.4819393157959,43.83503322601318,41.63478694821421
2025-07-08,40.00320053100586,46.930381774902344,3307.0,70.1500015258789,1.1736538410186768,4253.241044616478,2806.224578290101,43.4667911529541,43.81315021514892,41.61299997883298
2025-07-09,40.02954864501953,46.97623825073242,3311.60009765625,70.19000244140625,1.1724566221237183,4261.9626755675845,2809.674117122311,43.50289344787598,43.85022792816162,41.65612097623785
2025-07-10,40.04629898071289,47.05857849121094,3317.39990234375,68.63999938964844,1.17311692237854,4271.21344607512,2748.7779375938117,43.552438735961914,43.90305271148682,41.64462017091547
2025-07-11,40.15909957885742,47.05656051635742,3356.0,70.36000061035156,1.1702749729156494,4333.082730694772,2825.5942708795774,43.60783004760742,43.95270309448243,41.85865437918981
2025-07-14,40.19459915161133,46.87126922607422,3351.5,69.20999908447266,1.1682106256484985,4331.097771572127,2781.8681704837654,43.53293418884277,43.86676769256592,41.76129871761247
2025-07-15,40.226898193359375,46.944488525390625,3329.800048828125,68.70999908447266,1.1666297912597656,4306.513012347612,2763.9901380368974,43.585693359375,43.921572875976565,41.74508991778878
2025-07-16,40.25429916381836,46.76401138305664,3352.5,68.5199966430664,1.1607391834259033,4338.824846317536,2758.224443573825,43.5091552734375,43.83464088439942,41.73558536264729
2025-07-17,40.240699768066406,46.84315872192383,3340.10009765625,69.5199966430664,1.1635754108428955,4321.316426756331,2797.5333127906197,43.54192924499512,43.87205219268799,41.77089341282502
2025-07-18,40.33599853515625,46.799678802490234,3353.0,69.27999877929688,1.161548137664795,4348.279260162289,2794.4779292773455,43.56783866882324,43.89102268218994,41.83118381445486
2025-07-21,40.394500732421875,46.99903106689453,3401.89990234375,69.20999908447266,1.1630746126174927,4418.092838317371,2795.703358708648,43.6967658996582,44.02699241638184,42.03030378256655
2025-07-22,40.40439987182617,47.24599075317383,3439.199951171875,68.58999633789062,1.1694538593292236,4467.629485920155,2771.3376392432256,43.8251953125,44.16727485656739,42.17063858046477
2025-07-23,40.433998107910156,47.4653205871582,3394.10009765625,68.51000213623047,1.1739156246185303,4412.273194059466,2770.1332967492635,43.94965934753418,44.30122547149658,42.17500453650789
2025-07-24,40.45109939575195,47.62879943847656,3371.0,69.18000030517578,1.1774264574050903,4384.096895015925,2798.407068542816,44.03994941711426,44.39883441925049,42.22507197283428
2025-07-25,40.5359992980957,47.673240661621094,3334.0,68.44000244140625,1.1756131649017334,4345.077642890748,2774.283890926512,44.1046199798584,44.46148204803467,42.1919343060683
2025-07-28,40.54029846191406,47.67491149902344,3309.10009765625,70.04000091552734,1.1756821870803833,4313.083918622671,2839.4425413882127,44.10760498046875,44.46433563232422,42.21140682874606
2025-07-29,40.56169891357422,47.046409606933594,3323.39990234375,72.51000213623047,1.1596757173538208,4334.008930097138,2941.1288748724037,43.804054260253906,44.128289794921876,42.13306519787456
2025-07-30,40.571998596191406,46.875370025634766,3295.800048828125,73.23999786376953,1.1550945043563843,4299.107646846164,2971.493090513919,43.723684310913086,44.03885288238526,42.0553335082319
2025-07-31,40.58700180053711,46.485069274902344,3293.199951171875,72.52999877929688,1.1429355144500732,4297.304549173153,2943.7751910482766,43.53603553771973,43.83093891143799,41.89430698123867
2025-08-01,40.66279983520508,46.49150085449219,3347.699951171875,69.66999816894531,1.142374038696289,4376.579952721805,2832.9771900629275,43.57715034484863,43.868585395812985,41.934992352299936
2025-08-04,40.677799224853516,47.160308837890625,3374.39990234375,68.76000213623047,1.158668041229248,4413.113126051052,2797.005561598082,43.91905403137207,44.24317951202393,42.193903033877795
2025-08-05,40.67490005493164,47.127620697021484,3381.89990234375,67.63999938964844,1.1584129333496094,4422.606559650434,2751.2502148895874,43.90126037597656,44.22389640808106,42.14978732029541
2025-08-06,40.66899871826172,47.080230712890625,3380.0,66.88999938964844,1.1579166650772095,4419.480707948528,2720.3492994421395,43.87461471557617,44.19517631530762,42.095250598181345
2025-08-07,40.659400939941406,47.529579162597656,3400.300048828125,66.43000030517578,1.1663167476654053,4444.974556715958,2701.004016848572,44.09449005126953,44.43799896240235,42.26757893480825
2025-08-08,40.656009674072266,47.50260925292969,3439.10009765625,66.58999633789062,1.1676650047302246,4495.320177209751,2707.283535309718,44.07930946350098,44.42163944244385,42.33858090927864
2025-08-11,40.74729919433594,47.45275115966797,3353.10009765625,66.62999725341797,1.1647952795028687,4392.749202486465,2714.9924334028037,44.10002517700195,44.43529777526855,42.21149882075066
2025-08-12,40.708499908447266,47.3120002746582,3348.89990234375,66.12000274658203,1.1618449687957764,4383.06920620397,2691.6461257557676,44.010250091552734,44.34042510986328,42.108849994571
2025-08-13,40.755001068115234,47.541988372802734,3358.699951171875,65.62999725341797,1.1677058935165405,4400.917009300014,2674.750608163449,44.148494720458984,44.48784408569336,42.21782247984052
2025-08-14,40.781898498535156,47.8488883972168,3335.199951171875,66.83999633789062,1.171289324760437,4373.009061193146,2725.861946294317,44.31539344787598,44.668742942810056,42.34524587652397
2025-08-15,40.846900939941406,47.5648307800293,3336.0,65.8499984741211,1.1651345491409302,4381.029889740317,2689.768364567717,44.20586585998535,44.541762351989746,42.24776434816501
2025-08-18,40.89889907836914,47.89997863769531,3331.699951171875,66.5999984741211,1.1706587076187134,4380.952680582189,2723.8666162126174,44.39943885803223,44.74949283599854,42.41984779162692
2025-08-19,40.88309860229492,47.71522903442383,3313.39990234375,65.79000091552734,1.1668338775634766,4355.20619728126,2689.6990944745776,44.299163818359375,44.640770339965826,42.27607799336277
2025-08-20,40.86960983276367,47.61688995361328,3343.39990234375,66.83999633789062,1.164252758026123,4393.188915899243,2731.7245715529425,44.24324989318848,44.58061389923096,42.33526336227193
2025-08-21,40.911800384521484,47.77518844604492,3336.89990234375,67.66999816894531,1.165175199508667,4389.174354547294,2768.501457108825,44.3434944152832,44.68666381835938,42.43829909885408
2025-08-22,41.007598876953125,47.6585807800293,3374.39990234375,67.7300033569336,1.16130530834198,4448.892917519185,2777.4448095958214,44.33308982849121,44.66563892364502,42.5343270096661
2025-08-25,40.96030044555664,47.89318084716797,3373.800048828125,68.80000305175781,1.1709601879119873,4442.97158584,2818.0687956552138,44.426740646362305,44.77338466644288,42.62925964914666
2025-08-26,41.003501892089844,47.62165069580078,3388.60009765625,67.22000122070312,1.1618449687957764,4467.16845866517,2756.255447239382,44.31257629394531,44.64348373413087,42.52598663560335
2025-08-27,41.037498474121094,47.79991912841797,3404.60009765625,68.05000305175781,1.1639411449432373,4491.982430483813,2792.601896400447,44.41870880126953,44.756829833984376,42.675546626720894
2025-08-28,41.05189895629883,47.91339874267578,3431.800048828125,68.62000274658203,1.1647952795028687,4529.458547306634,2816.9814191336336,44.482648849487305,44.825723838806155,42.80161838254964
2025-08-29,41.140499114990234,48.17053985595703,3473.699951171875,68.12000274658203,1.1681560277938843,4594.6551469425485,2802.4909127088904,44.65551948547363,45.007021522521974,43.01036222870377
2025-09-01,41.142398834228516,48.10546875,3473.699951171875,68.12000274658203,1.1691803932189941,4594.867311475397,2802.62032158862,44.62393379211426,44.97208728790284,42.98879488499312
2025-09-02,41.14289855957031,48.2234001159668,3549.39990234375,69.13999938964844,1.1715912818908691,4695.057117520627,2844.619981297059,44.683149337768555,45.03717441558838,43.22255512199451
2025-09-03,41.16619873046875,47.926639556884766,3593.199951171875,67.5999984741211,1.163602590560913,4755.686453298752,2782.834971365053,44.54641914367676,44.88444118499756,43.15716798841034
2025-09-04,41.158599853515625,48.08816146850586,3565.800048828125,66.98999786376953,1.16604483127594,4718.550865264146,2757.2145162627567,44.62338066101074,44.969858741760255,43.129337269542276
2025-09-05,41.247501373291016,48.117740631103516,3613.199951171875,65.5,1.1656913757324219,4791.6016240324925,2701.7113399505615,44.682621002197266,45.026132965087896,43.22932354620193
2025-09-08,41.25559997558594,48.352508544921875,3638.10009765625,66.0199966430664,1.1713168621063232,4825.569927926719,2723.694571895874,44.804054260253906,45.15889968872071,43.38766744474298
2025-09-09,41.261390686035156,48.59711837768555,3643.300048828125,66.38999938964844,1.1769136190414429,4833.145428331929,2739.3437024619197,44.92925453186035,45.29604091644288,43.50260955156381
2025-09-10,41.257301330566406,48.28929901123047,3643.60009765625,67.48999786376953,1.1702749729156494,4833.064423109287,2784.4551786648226,44.77330017089844,45.12490005493164,43.438226999485984
2025-09-11,41.27539825439453,48.400611877441406,3636.89990234375,66.37000274658203,1.1703435182571411,4826.292984731755,2739.448295510432,44.83800506591797,45.19426574707032,43.42926123147037
2025-09-12,41.34280014038086,48.500301361083984,3649.39990234375,66.98999786376953,1.1734747886657715,4850.789246651779,2769.5540930863644,44.92155075073242,45.27942581176758,43.557963495595764
2025-09-15,41.27825927734375,48.43959045410156,3682.199951171875,67.44000244140625,1.1726491451263428,4886.746432652672,2783.8059064410627,44.858924865722656,45.21699142456055,43.579085925293114
2025-09-16,41.307701110839844,48.5915412902832,3688.89990234375,68.47000122070312,1.1763737201690674,4899.129945299938,2828.338345483644,44.94962120056152,45.31381320953369,43.70715315936861
2025-09-17,41.30730056762695,49.00954818725586,3681.800048828125,67.94999694824219,1.1871408224105835,4889.653405141092,2806.8309475103742,45.158424377441406,45.54353675842285,43.81757314781235
2025-09-18,41.30110168457031,48.84550094604492,3643.699951171875,67.44000244140625,1.1826341152191162,4838.3279836874535,2785.3463984401897,45.07330131530762,45.45052127838135,43.65920437891522
2025-09-19,41.39720153808594,48.78377914428711,3671.5,66.68000030517578,1.1791062355041504,4886.586358959154,2760.3654111929936,45.09049034118652,45.45981922149659,43.723448265366585
2025-09-22,41.407901763916016,48.56401824951172,3740.699951171875,66.56999969482422,1.1736950874328613,4979.974975222399,2756.5240077872004,44.98596000671387,45.34376583099366,43.78705356351631
2025-09-23,41.39189910888672,48.803531646728516,3780.60009765625,67.62999725341797,1.1801080703735352,5031.1487303964295,2799.3340230477625,45.09771537780762,45.46829700469971,43.984052838552074
2025-09-24,41.418701171875,48.9213981628418,3732.10009765625,69.30999755859375,1.1814465522766113,4969.821852467301,2870.7300771027803,45.1700496673584,45.545184516906744,44.015432681548354
2025-09-25,41.469600677490234,48.81203842163086,3736.89990234375,69.41999816894531,1.1744670867919922,4982.328751168666,2878.8196030982654,45.14081954956055,45.50794143676758,44.02436644841816
2025-09-26,41.56399917602539,48.498008728027344,3775.300048828125,70.12999725341797,1.166275978088379,5044.984814004484,2914.8831480557274,45.03100395202637,45.37770442962647,44.082263094282176
2025-09-29,41.56108856201172,48.687259674072266,3820.89990234375,67.97000122070312,1.170823097229004,5105.56296484162,2824.907240293687,45.12417411804199,45.48048267364502,44.1482279982861
2025-09-30,41.57659912109375,48.807891845703125,3840.800048828125,67.0199966430664,1.1731443405151367,5134.069254097158,2786.463533525821,45.19224548339844,45.553810119628906,44.200969209105146
2025-10-01,41.582698822021484,48.817909240722656,3867.5,65.3499984741211,1.1735849380493164,5170.518033346295,2717.429304568941,45.20030403137207,45.562064552307135,44.1925541176499
2025-10-02,41.59410095214844,48.89686965942383,3839.699951171875,64.11000061035156,1.1734058856964111,5134.759320379335,2666.597837429261,45.24548530578613,45.61062374114991,44.12028157965597
2025-10-03,41.64179992675781,48.85895919799805,3880.800048828125,64.52999877929688,1.1725116968154907,5195.673147030711,2687.1452984414063,45.25037956237793,45.61123752593994,44.23801070898992
2025-10-06,41.68830108642578,48.86220169067383,3948.5,65.47000122070312,1.171248197555542,5292.214047265359,2729.3331230173353,45.275251388549805,45.63394641876221,44.44474522022153
2025-10-07,41.703800201416016,48.84886169433594,3976.60009765625,65.44999694824219,1.171028733253479,5331.858461353351,2729.51359591278,45.27633094787598,45.63358402252197,44.505922961526785
2025-10-08,41.71736145019531,48.652610778808594,4043.300048828125,66.25,1.1654603481292725,5423.053206339789,2763.7751960754395,45.18498611450195,45.53174858093262,44.61371335824626
2025-10-09,41.73080062866211,48.6669807434082,3946.300048828125,65.22000122070312,1.1631964445114136,5294.65762356593,2721.6828679422615,45.198890686035156,45.54569969177246,44.389432814948876
2025-10-10,41.822471618652344,48.370750427246094,3975.89990234375,62.72999954223633,1.156644344329834,5346.089181398978,2623.5236254932533,45.09661102294922,45.42402496337891,44.301408694588794
2025-10-13,41.8129997253418,48.55015182495117,4108.60009765625,63.31999969482422,1.160240888595581,5523.269821553842,2647.5991298483277,45.181575775146484,45.51843338012696,44.65025689104871
2025-10-14,41.81230163574219,48.35567855834961,4138.7001953125,62.38999938964844,1.1566845178604126,5563.6410700655615,2608.6694735337514,45.0839900970459,45.411158943176275,44.60353922835133
2025-10-15,41.81919860839844,48.526100158691406,4176.89990234375,61.90999984741211,1.1602274179458618,5615.919008241333,2589.026579464844,45.17264938354492,45.507994461059575,44.724719590728206
2025-10-16,41.851200103759766,48.84128189086914,4280.2001953125,61.060001373291016,1.1646324396133423,5759.211936659604,2555.4343358094484,45.34624099731445,45.69574508666992,45.02918094410697
2025-10-17,41.89630126953125,48.97101974487305,4189.89990234375,61.290000915527344,1.1699601411819458,5643.784125052325,2567.8243431667797,45.43366050720215,45.78739643096924,44.93187794926334
2025-10-20,41.93040084838867,48.89311981201172,4336.39990234375,61.0099983215332,1.165745735168457,5845.873350859186,2558.1736853814073,45.411760330200195,45.75989627838135,45.21173598522975
2025-10-21,41.92890167236328,48.76993942260742,4087.699951171875,61.31999969482422,1.164442539215088,5510.405490064369,2571.080237753631,45.34942054748535,45.691472434997564,44.67772793970809
2025-10-22,41.96820068359375,48.7087516784668,4044.39990234375,62.59000015258789,1.160038948059082,5457.145123604621,2626.789687189972,45.33847618103027,45.675503730773926,44.647850733497776
2025-10-23,41.97639846801758,48.84103012084961,4125.5,65.98999786376953,1.1608469486236572,5567.661550936536,2770.0224452332186,45.408714294433594,45.7519458770752,45.00643470114241
2025-10-24,42.03110122680664,48.810791015625,4118.39990234375,65.94000244140625,1.1618045568466187,5565.32262617923,2771.530917510623,45.42094612121582,45.75993061065674,45.015732202970874
2025-10-27,41.99216079711914,48.88618087768555,4001.89990234375,65.62000274658203,1.1631693840026855,5402.882297492675,2755.5257068418723,45.439170837402344,45.78387184143067,44.76687677911848
2025-10-28,41.95940017700195,48.86592102050781,3966.199951171875,64.4000015258789,1.165175199508667,5350.507018984653,2702.1854354238894,45.41266059875488,45.75798664093018,44.61477839187939
2025-10-29,41.94852066040039,48.94620132446289,3983.699951171875,64.91999816894531,1.1657865047454834,5372.721537888311,2723.297884463158,45.44736099243164,45.797245025634766,44.69295891901779
2025-10-30,41.89762878417969,48.729759216308594,4001.300048828125,65.0,1.1603351831436157,5389.911397298222,2723.3458709716797,45.31369400024414,45.65530052185059,44.62268020629889
2025-10-31,42.026798248291016,48.56747817993164,3982.199951171875,65.06999969482422,1.157246708869934,5380.720457986058,2734.6837491907354,45.29713821411133,45.62417221069336,44.615101098462304
2025-11-03,42.03961944580078,48.495121002197266,4000.300048828125,64.88999938964844,1.1528042554855347,5406.82615011556,2727.9508801790653,45.26737022399902,45.59014530181885,44.627330234441764
2025-11-04,42.06949996948242,48.46527862548828,3947.699951171875,64.44000244140625,1.1519144773483276,5339.524068105176,2710.9586807421874,45.26738929748535,45.587178230285645,44.51089228961382
2025-11-05,42.071998596191406,48.354698181152344,3980.300048828125,63.52000045776367,1.1485539674758911,5383.937594613779,2672.4133700891107,45.213348388671875,45.52748336791993,44.50126356388966
2025-11-06,42.11119842529297,48.47084045410156,3979.89990234375,63.380001068115234,1.1496764421463013,5388.412220861488,2669.007801174681,45.291019439697266,45.6090015411377,44.56089966151964
2025-11-07,42.16474151611328,48.739009857177734,3999.39990234375,63.630001068115234,1.1549211740493774,5421.698165328351,2682.942547707091,45.45187568664551,45.78058910369873,44.74003985215714
2025-11-10,42.23031997680664,48.7448616027832,4111.7998046875,64.05999755859375,1.1543878316879272,5582.739915189294,2705.2741946128663,45.48759078979492,45.81331787109375,45.03221361909359
2025-11-11,42.234100341796875,48.827781677246094,4106.7998046875,65.16000366210938,1.1557220220565796,5576.450380455335,2751.974132937379,45.530941009521484,45.86062507629395,45.10001342737526
2025-11-12,42.23789978027344,48.96567916870117,4204.39990234375,62.709999084472656,1.1587486267089844,5709.491027427092,2648.738656550995,45.601789474487305,45.9381784439087,45.246122818846416
2025-11-13,42.2484016418457,49.10354995727539,4186.89990234375,63.0099983215332,1.159218668937683,5687.140053372532,2662.0717165401584,45.67597579956055,46.018733215332034,45.278384938383624
2025-11-14,42.28519821166992,49.13608932495117,4087.60009765625,64.38999938964844,1.1631964445114136,5557.095158552688,2722.7438870405895,45.71064376831055,46.05318832397461,45.170097173270506
2025-11-17,42.31201171875,49.18955993652344,4068.300048828125,64.19999694824219,1.1615345478057861,5534.363905626358,2716.4310232177377,45.75078582763672,46.09466323852539,45.15912754694048
2025-11-18,42.318599700927734,49.04941177368164,4061.300048828125,64.88999938964844,1.159057378768921,5525.701584323066,2746.0539087639772,45.68400573730469,46.02054634094239,45.12934028640824
2025-11-19,42.326900482177734,49.00263977050781,4077.699951171875,63.5099983215332,1.1581177711486816,5549.103116003835,2688.181378578811,45.66477012634277,45.99855709075928,45.09352016513339
2025-11-20,42.342899322509766,48.9529914855957,4056.5,63.380001068115234,1.154068112373352,5522.339904513854,2683.693004287765,45.647945404052734,45.978450012207034,45.03790961002095
2025-11-21,42.43870162963867,48.992820739746094,4076.699951171875,62.560001373291016,1.1534557342529297,5562.395933220743,2654.965232230883,45.71576118469238,46.043467140197755,45.1215270428286
2025-11-24,42.395748138427734,48.82347106933594,4091.89990234375,63.369998931884766,1.1507612466812134,5577.484433104361,2686.618514248621,45.609609603881836,45.93099575042725,45.09935929354384
2025-11-25,42.442501068115234,48.91347122192383,4139.2001953125,62.47999954223633,1.1520073413848877,5648.179135738727,2651.8074473072047,45.67798614501953,46.001534652709964,45.220791505834725
2025-11-26,42.46220016479492,49.07426834106445,4165.2001953125,63.130001068115234,1.156483769416809,5686.295636885272,2680.6387417580263,45.76823425292969,46.09883766174317,45.37095618237646
2025-11-27,42.44240188598633,49.36241912841797,4165.2001953125,63.130001068115234,1.1602139472961426,5683.644364318842,2679.388876395693,45.90241050720215,46.24841136932373,45.458662872214774
2025-11-28,42.48509979248047,49.21104049682617,4218.2998046875,63.20000076293945,1.1599851846694946,5761.892450452656,2685.0583392983244,45.84807014465332,46.184367179870605,45.54580110585866
2025-12-01,42.46950149536133,49.31333923339844,4239.2998046875,63.16999816894531,1.1601465940475464,5788.450935956484,2682.7983316979953,45.89142036437988,46.23361225128174,45.612944065466706
2025-12-02,42.41801071166992,49.27872848510742,4186.60009765625,62.45000076293945,1.1607661247253418,5709.562597447664,2649.0048013061605,45.84836959838867,46.19140548706055,45.42810795193322
2025-12-03,42.45227813720703,49.406349182128906,4199.2998046875,62.66999816894531,1.1627906560897827,5731.508552449445,2660.4841931263218,45.92931365966797,46.277017211914064,45.53088049042842
2025-12-04,42.446998596191406,49.62971878051758,4211.7998046875,63.2599983215332,1.1666841506958008,5747.854542004434,2685.1970599491906,46.03835868835449,46.39749469757081,45.65617988461355
2025-12-05,42.500099182128906,49.36796188354492,4212.89990234375,63.75,1.1642799377441406,5756.548209876992,2709.381322860718,45.934030532836914,46.27742366790772,45.623029969768496
2025-12-08,42.51499938964844,49.528648376464844,4187.2001953125,62.4900016784668,1.164022445678711,5723.437765261238,2656.7623832191457,46.02182388305664,46.372506332397464,45.58294571873307
2025-12-09,42.55390167236328,49.48305130004883,4206.7001953125,61.939998626708984,1.1641442775726318,5755.353577592314,2635.788611147291,46.018476486206055,46.36493396759033,45.60944760149816
2025-12-10,42.549400329589844,49.44255065917969,4196.39990234375,62.209999084472656,1.1628313064575195,5740.654028358526,2646.9981555486447,45.995975494384766,46.34063301086426,45.58263206063526
2025-12-11,42.61159896850586,49.982730865478516,4285.5,61.279998779296875,1.1701242923736572,5871.112369647752,2611.238732773927,46.29716491699219,46.66572151184082,45.95650267756538
2025-12-12,42.63240051269531,50.033119201660156,4300.10009765625,61.119998931884766,1.1739431619644165,5893.990269536731,2605.692273799621,46.332759857177734,46.70279579162598,46.01122960376389
2025-12-15,42.68220138549805,50.142398834228516,4306.7001953125,60.560001373291016,1.1737639904022217,5909.932391972717,2584.8341745208454,46.41230010986328,46.78530998229981,46.072452908659116
2025-12-16,42.69390106201172,50.20753860473633,4304.5,58.91999816894531,1.1754610538482666,5908.532293773326,2515.524572398863,46.45071983337402,46.826401710510254,46.02852194952125
2025-12-17,42.70759963989258,50.201080322265625,4347.5,59.68000030517578,1.1749500036239624,5969.4705716768285,2548.789559542114,46.4543399810791,46.82901401519776,46.156413385807355
2025-12-18,42.72959899902344,50.29452133178711,4339.5,59.81999969482422,1.1742326021194458,5961.555232187489,2556.0845990815433,46.51206016540527,46.89030628204346,46.193339513097634
2025-12-19,42.785301208496094,50.153099060058594,4361.39990234375,60.470001220703125,1.1725666522979736,5999.45175622562,2587.2272163059097,46.469200134277344,46.837590026855466,46.25411000506328
2025-12-22,42.806880950927734,50.158409118652344,4444.60009765625,62.06999969482422,1.1708093881607056,6116.983913992948,2657.023087560461,46.48264503479004,46.850221443176274,46.51069453044929
2025-12-23,42.815799713134766,50.3745002746582,4482.7998046875,62.380001068115234,1.1765950918197632,6170.842566114013,2670.8496318375546,46.595149993896484,46.97308502197266,46.684508462392856
2025-12-24,42.847999572753906,50.692970275878906,4480.60009765625,62.2400016784668,1.179551362991333,6172.4530766945045,2666.8595653271477,46.770484924316406,47.16273345947266,46.807278606028085
2025-12-26,42.85449981689453,50.424049377441406,4529.10009765625,60.63999938964844,1.1785364151000977,6240.212968914998,2598.6968427401735,46.63927459716797,47.01775207519532,46.749233504974974
2025-12-29,42.90407943725586,50.547508239746094,4325.10009765625,61.939998626708984,1.1772738695144653,5966.0352235582495,2657.478621423841,46.72579383850098,47.10796527862549,46.45979111557469
2025-12-30,42.935699462890625,50.62076950073242,4370.10009765625,61.91999816894531,1.1772878170013428,6032.550818103965,2658.5784321245737,46.77823448181152,47.16248798370361,46.59895376969312
2025-12-31,42.95198059082031,50.600608825683594,4325.60009765625,60.849998474121094,1.1747292280197144,5973.386597030905,2613.627953411895,46.77629470825195,47.15872611999512,46.46471317427563
2026-01-02,42.99399948120117,50.47666931152344,4314.39990234375,60.75,1.175046682357788,5963.7483087762575,2611.885468482971,46.735334396362305,47.109467887878424,46.42194198316103
2026-01-05,43.01118850708008,50.38591003417969,4436.89990234375,61.7599983215332,1.1704667806625366,6135.530741912179,2656.370930004414,46.69854927062988,47.06728534698486,46.6992109576676
2026-01-06,43.03919982910156,50.43701171875,4482.2001953125,60.70000076293945,1.1714951992034912,6202.210483430353,2612.4794624627684,46.73810577392578,47.10799636840821,46.78442922081142
2026-01-07,43.04059982299805,50.30607986450195,4449.2998046875,59.959999084472656,1.1688251495361328,6156.885084502775,2580.714325982117,46.67333984375,47.0366138458252,46.63940983451118
2026-01-08,43.036598205566406,50.343719482421875,4449.7001953125,61.9900016784668,1.1676785945892334,6156.8666638867335,2667.8387949985627,46.69015884399414,47.055514907836915,46.738079891902885
2026-01-09,43.12889862060547,50.27003860473633,4490.2998046875,63.34000015258789,1.1657865047454834,6226.3677561761115,2731.784445210098,46.6994686126709,47.05652561187745,46.917409039374164
2026-01-12,43.10540008544922,50.11655044555664,4604.2998046875,63.869998931884766,1.1623716354370117,6380.96462561415,2753.141857416107,46.61097526550293,46.961532783508304,47.107541485961846
2026-01-13,43.14179992675781,50.33720016479492,4589.2001953125,65.47000122070312,1.1666978597640991,6365.4091767004575,2824.493693868164,46.73950004577637,47.099270057678225,47.2473474873002
2026-01-14,43.152400970458984,50.24348831176758,4626.2998046875,66.5199966430664,1.164252758026123,6418.444647365953,2870.497567695187,46.69794464111328,47.052499008178714,47.344345836046365
2026-01-15,43.16960144042969,50.308868408203125,4616.2998046875,63.7599983215332,1.1646324396133423,6407.123678787343,2752.493715383054,46.739234924316406,47.09619827270508,47.239123752607036
2026-01-16,43.27220153808594,50.218849182128906,4588.39990234375,64.12999725341797,1.1609008312225342,6383.536046090918,2775.0461657868,46.74552536010742,47.092857742309576,47.235828063902666
2026-01-19,43.26826858520508,50.343021392822266,4588.39990234375,64.12999725341797,1.162493348121643,6382.955854984615,2774.7939455293526,46.80564498901367,47.159382629394536,47.276592649576095
2026-01-20,43.276100158691406,50.39493942260742,4759.60009765625,64.91999816894531,1.1639139652252197,6622.31209282331,2809.48434306134,46.835519790649414,47.19146175384522,47.69162134368547
2026-01-21,43.289398193359375,50.79916000366211,4831.7998046875,65.23999786376953,1.1727865934371948,6724.833595957133,2824.2002456586342,47.04427909851074,47.41976718902588,48.00691591821982
2026-01-22,43.295799255371094,50.667179107666016,4908.7998046875,64.05999755859375,1.1672970056533813,6833.0113798903285,2773.5287945964374,46.981489181518555,47.3500581741333,48.074878254263474
2026-01-23,43.339900970458984,50.92757034301758,4976.2001953125,65.87999725341797,1.1754610538482666,6933.887972100354,2855.2325568972446,47.13373565673828,47.51311912536622,48.41667452328752
2026-01-26,43.38639831542969,51.482730865478516,5079.7001953125,65.58999633789062,1.1858457326889038,7085.699692479206,2845.713706623297,47.4345645904541,47.83938121795654,48.84777837443146
2026-01-27,43.38180160522461,51.54167175292969,5079.89990234375,67.56999969482422,1.1876484155654907,7085.227518290702,2931.3083212259517,47.46173667907715,47.869730186462405,48.95145535427724
2026-01-28,43.41460037231445,52.19538879394531,5301.60009765625,68.4000015258789,1.2017642259597778,7400.036049139348,2969.5587317117315,47.80499458312988,48.24403400421143,49.70383903222739
2026-01-29,43.40729904174805,52.08562088012695,5318.39990234375,70.70999908447266,1.1977769136428833,7422.236956629838,3069.330075501435,47.7464599609375,48.180376052856445,49.79557243518984
2026-01-30,43.455101013183594,51.94350814819336,4713.89990234375,70.69000244140625,1.19657301902771,6585.855264334434,3071.8411967135035,47.69930458068848,48.123724937438965,48.51289235035627
2026-02-02,43.48197937011719,51.55615997314453,4622.5,66.30000305175781,1.1849182844161987,6462.153762770556,2882.85536493524,47.51906967163086,47.92277870178223,48.013533747738535
2026-02-03,43.47489929199219,51.27619934082031,4903.7001953125,67.33000183105469,1.1798714399337769,6854.1492489782795,2927.165048934752,47.37554931640625,47.76561431884765,48.54501840848616
2026-02-04,43.49100112915039,51.39521026611328,4920.39990234375,69.45999908447266,1.1816140413284302,6880.038494883103,3020.8848986135854,47.443105697631836,47.83831615447998,48.72566668573805
2026-02-05,43.519500732421875,51.44532012939453,4861.39990234375,67.55000305175781,1.180163860321045,6801.995094344065,2939.742407286074,47.4824104309082,47.87870140075684,48.55639738705901
2026-02-06,43.60929870605469,51.39113998413086,4951.2001953125,68.05000305175781,1.177786946296692,6941.936737788077,2967.6129100320395,47.50021934509277,47.88931140899658,48.811136493581834
2026-02-09,43.46875,51.423728942871094,5050.89990234375,69.04000091552734,1.182578206062317,7058.899123779142,3001.082539796829,47.44623947143555,47.8439884185791,48.97523635547043
2026-02-10,43.58409881591797,51.841941833496094,5003.7998046875,68.80000305175781,1.1904053688049316,7011.631096577957,2998.5861315432703,47.71302032470703,48.125912475585935,49.09435194450102
2026-02-11,43.627498626708984,51.872100830078125,5071.60009765625,69.4000015258789,1.1889617443084717,7113.713612097385,3027.7484712638834,47.749799728393555,48.16202983856202,49.3045536306209
2026-02-12,43.63610076904297,51.9387092590332,4923.7001953125,67.5199966430664,1.1876062154769897,6907.622554891123,2946.3093774422887,47.787405014038086,48.2025354385376,48.94073175805778
2026-02-13,43.72809982299805,51.88227844238281,5022.0,67.75,1.1868449449539185,7060.384879901792,2962.5787630081177,47.80518913269043,48.212898063659665,49.203193466894014
2026-02-16,43.69063186645508,51.87784957885742,5022.0,67.75,1.1867464780807495,7054.33526432445,2960.0403089523315,47.78424072265625,48.19360160827637,49.175043304621134
2026-02-17,43.722801208496094,51.81526184082031,4882.89990234375,67.41999816894531,1.1849884986877441,6863.993473268582,2947.7911774179665,47.7690315246582,48.173654556274414,48.86824351500639
2026-02-18,43.734500885009766,51.83794021606445,4986.5,70.3499984741211,1.185185194015503,7011.501963764424,3076.7220705268846,47.78622055053711,48.19139251708985,49.231054445799984
2026-02-19,43.763999938964844,51.693580627441406,4975.89990234375,71.66000366210938,1.1788839101791382,7001.316425900884,3136.128395894775,47.728790283203125,48.12526931762696,49.23645622993652
2026-02-20,43.83829879760742,51.628231048583984,5059.2998046875,71.76000213623047,1.1769136190414429,7130.74933618249,3145.836415365018,47.7332649230957,48.122761535644536,49.44716080568611
2026-02-23,43.80820083618164,51.876739501953125,5204.7001953125,71.48999786376953,1.1834739446640015,7330.645153096319,3131.848184194212,47.84247016906738,48.24589710235596,49.80795507399493
2026-02-24,43.84659957885742,51.727569580078125,5155.7998046875,70.7699966430664,1.1793843507766724,7268.135681374506,3103.0237050056166,47.78708457946777,48.18113307952881,49.64851641163768
2026-02-25,43.854801177978516,51.649898529052734,5206.39990234375,70.8499984741211,1.1775233745574951,7340.839547890412,3107.112596542662,47.752349853515625,48.142104721069344,49.737756874738146
2026-02-26,43.8650016784668,51.910850524902344,5176.5,70.75,1.181516408920288,7300.379396446875,3103.448868751526,47.88792610168457,48.29021854400635,49.76881631852438
2026-02-27,43.95539855957031,51.908180236816406,5230.5,72.4800033569336,1.1803030967712402,7391.736738763318,3185.8874351530103,47.93178939819336,48.32942848205566,50.02351505001186
2026-03-02,43.9486083984375,51.712100982666016,5294.39990234375,77.73999786376953,1.1759449243545532,7480.884195326717,3416.564723010175,47.83035469055176,48.218529319763185,50.31656971930836
2026-03-03,43.96500015258789,51.43804168701172,5107.39990234375,81.4000015258789,1.1697274446487427,7219.348464795111,3578.7510795059206,47.701520919799805,48.075172996521,49.99708842818785
2026-03-04,43.948001861572266,50.91952133178711,5120.2001953125,81.4000015258789,1.161224365234375,7234.643546833852,3577.3674185913114,47.43376159667969,47.782337570190435,49.830365949596484
2026-03-05,43.93980026245117,51.2323112487793,5065.2998046875,85.41000366210938,1.1635618209838867,7155.735775731724,3752.898501328309,47.586055755615234,47.95068130493164,49.99373120697912
2026-03-06,44.03340148925781,51.05189895629883,5146.10009765625,92.69000244140625,1.1608065366744995,7285.368550952687,4081.4560915427282,47.54265022277832,47.89357509613038,50.49103414837947
2026-03-09,44.083091735839844,50.8290901184082,5091.5,98.95999908447266,1.152325987815857,7216.204896200818,4362.462717819435,47.45609092712402,47.79339084625245,50.61018829789947
2026-03-10,44.07979965209961,51.23508834838867,5229.7001953125,87.80000305175781,1.1617234945297241,7411.523101813531,3870.2065439752187,47.65744400024414,48.0152084350586,50.55169197947139
2026-03-11,44.088401794433594,51.225711822509766,5167.39990234375,91.9800033569336,1.1611299514770508,7324.660345593525,4055.251345053839,47.65705680847168,48.01392230987549,50.606601719095984
2026-03-12,44.0984001159668,50.99441909790039,5115.7998046875,100.45999908447266,1.1543211936950684,7253.162987241805,4430.125235276733,47.546409606933594,47.89121055603027,50.797276446791294
2026-03-13,44.18539810180664,50.94316864013672,5052.5,103.13999938964844,1.1521666049957275,7177.548842686875,4557.28193325171,47.56428337097168,47.90217189788819,50.82787346205252
2026-03-16,44.17097091674805,50.54063034057617,4994.0,100.20999908447266,1.1435105800628662,7092.127680023211,4426.37295512759,47.35580062866211,47.67428359985352,50.42217346106329
2026-03-17,44.18349838256836,50.828609466552734,5001.0,103.41999816894531,1.1499539613723755,7104.082827525712,4569.457321822818,47.50605392456055,47.83830947875977,50.68899422943219
2026-03-18,44.21540069580078,51.07699966430664,4889.89990234375,107.37999725341797,1.153948187828064,6951.27702072477,4747.849605273863,47.64620018005371,47.98928012847901,50.73787529718865
2026-03-19,44.319000244140625,50.787750244140625,4600.7001953125,108.6500015258789,1.1464471817016602,6555.486847672043,4815.2594441513065,47.553375244140625,47.87681274414062,50.151802398764836
2026-03-20,44.3036994934082,51.308380126953125,4570.39990234375,112.19000244140625,1.157755732536316,6510.063975810566,4970.432154328795,47.806039810180664,48.15627384185791,50.41494095984152
2026-03-23,44.29280090332031,51.237709045410156,4404.10009765625,99.94000244140625,1.1560158729553223,6271.643843487678,4426.622630414553,47.765254974365234,48.11250038146973,49.48440692286775
2026-03-24,44.338600158691406,51.49837112426758,4399.2998046875,104.48999786376953,1.1607122421264648,6271.285884613653,4632.940235864196,47.91848564147949,48.276474189758304,49.79973901975489
2026-03-25,44.339298248291016,51.50090026855469,4549.7998046875,102.22000122070312,1.16146719455719,6485.928624868564,4532.363121065428,47.92009925842285,48.27817935943604,50.02229045167882
2026-03-26,44.35459899902344,51.379119873046875,4375.5,108.01000213623047,1.1561496257781982,6239.609454857698,4790.740332636167,47.866859436035156,48.21808547973633,49.8746860700985
2026-03-27,44.45555114746094,51.31721115112305,4492.0,112.56999969482422,1.1535090208053589,6420.321980030044,5004.36137910292,47.88638114929199,48.2294641494751,50.37808871102543
2026-03-30,44.4452018737793,51.070369720458984,4526.0,112.77999877929688,1.149200677871704,6467.411504321764,5012.529813070432,47.75778579711914,48.08904418945313,50.36635722122544
2026-03-31,44.473899841308594,50.97687911987305,4647.60009765625,118.3499984741211,1.1460003852844238,6645.459688468657,5263.485978357086,47.72538948059082,48.05053844451905,50.863143139539076
2026-04-01,44.454898834228516,51.598079681396484,4783.2001953125,101.16000366210938,1.1574207544326782,6836.428035160342,4497.057728869258,48.0264892578125,48.383648300170904,50.592987203789946
2026-04-02,44.48640060424805,51.70368957519531,4651.5,109.02999877929688,1.159057378768921,6652.905517323381,4850.352203576476,48.09504508972168,48.45590953826905,50.72056207257912
2026-04-03,44.55580139160156,51.440040588378906,4651.5,109.02999877929688,1.1541746854782104,6663.284349389347,4857.918971336912,47.997920989990234,48.34213294982911,50.679180257994176
2026-04-06,44.58409881591797,51.335060119628906,4656.7998046875,109.7699966430664,1.150999665260315,6675.113010457242,4893.996377357456,47.95957946777344,48.29712753295898,50.707576461280624
2026-04-07,44.605098724365234,51.532508850097656,4657.10009765625,109.2699966430664,1.1541212797164917,6678.687754457342,4873.998987875035,48.068803787231445,48.415174293518064,50.77044820684132
2026-04-08,44.567901611328125,52.035640716552734,4749.5,94.75,1.1686612367630005,6805.517275901546,4222.80867767334,48.30177116394043,48.67515811920167,50.47071948685037
2026-04-09,44.48469924926758,51.755741119384766,4792.2001953125,95.91999816894531,1.16593599319458,6853.882792638729,4266.972270535829,48.12022018432617,48.48377227783203,50.45618555098562
2026-04-10,44.638099670410156,52.06966018676758,4761.89990234375,95.19999694824219,1.1691256761550903,6834.032215373964,4249.5469523983775,48.35387992858887,48.725457954406735,50.580216208992034
2026-04-13,44.69960021972656,52.14493942260742,4742.39990234375,99.36000061035156,1.1675150394439697,6815.423918037224,4441.352305114502,48.42226982116699,48.79453678131104,50.79505706797356
2026-04-14,44.702999114990234,52.58774948120117,4825.0,94.79000091552734,1.176885962486267,6934.65788782262,4237.397327036742,48.6453742980957,49.03961181640625,50.92629612318717
2026-04-15,44.7317008972168,52.77178955078125,4800.0,94.93000030517578,1.179940938949585,6903.156379824414,4246.380379823822,48.75174522399902,49.15374965667725,50.9639216512206
2026-04-16,44.72779846191406,52.840450286865234,4785.39990234375,99.38999938964844,1.1809163093566895,6881.558732742524,4445.495861829957,48.78412437438965,49.18975696563721,51.1531109461122
2026-04-17,44.8484992980957,52.843990325927734,4857.60009765625,90.37999725341797,1.1782727241516113,7004.235441941524,4053.4072433818073,48.84624481201172,49.24601936340332,50.994556739607084
2026-04-20,44.85419845581055,52.60765075683594,4806.60009765625,95.4800033569336,1.1741223335266113,6931.578616252695,4282.679019133357,48.73092460632324,49.118597221374515,51.0344040907292
2026-04-21,44.885501861572266,52.92557907104492,4698.39990234375,98.4800033569336,1.1784392595291138,6780.27215153842,4420.324374005286,48.905540466308594,49.30754432678223,51.06888602080755
2026-04-22,44.9192008972168,52.75336837768555,4732.5,101.91000366210938,1.174425721168518,6834.609507258639,4577.7159279343905,48.83628463745117,49.22799301147461,51.26098947989901
2026-04-23,44.920101165771484,52.683128356933594,4705.10009765625,105.06999969482422,1.1706037521362305,6795.175142021423,4719.755015779083,48.80161476135254,49.18976612091065,51.31965312004657
2026-04-24,44.975799560546875,52.45817947387695,4722.2998046875,105.33000183105469,1.16838800907135,6828.471647916695,4737.301050065551,48.716989517211914,49.09110851287842,51.33069116201628
2026-04-27,45.01279830932617,52.665809631347656,4675.39990234375,108.2300033569336,1.1706448793411255,6766.2156926341595,4871.735312123346,48.839303970336914,49.22195453643799,51.45921154577673
2026-04-28,45.02980041503906,52.79362106323242,4591.5,111.26000213623047,1.1723467111587524,6647.306020967144,5010.015690371278,48.91171073913574,49.299901771545414,51.47066225996896
2026-04-29,45.060691833496094,52.918949127197266,4545.2001953125,118.02999877929688,1.171783447265625,6584.790074739259,5318.513402101817,48.98982048034668,49.38273334503174,51.741607442128185
2026-04-30,45.16600036621094,52.78350830078125,4614.7001953125,114.01000213623047,1.168470025062561,6701.101360843301,5149.375798236695,48.974754333496094,49.355629730224614,51.74165589125946
2026-05-01,45.14099884033203,52.92005920410156,4629.89990234375,108.16999816894531,1.172910451889038,6719.451573418718,4882.901761903078,49.0305290222168,49.41948204040528,51.54049937959951
2026-05-04,45.185298919677734,53.02119064331055,4519.5,114.44000244140625,1.1726628541946411,6565.663375210952,5171.005718683591,49.10324478149414,49.49503936767579,51.651037074529796
2026-05-05,45.21440124511719,52.87385177612305,4555.7998046875,109.87000274658203,1.1691941022872925,6622.660279624017,4967.706388986087,49.04412651062012,49.42709903717041,51.49330542811205
2026-05-06,45.22959899902344,53.020511627197266,4681.89990234375,101.2699966430664,1.1715774536132812,6808.256726353332,4580.401338798343,49.12505531311035,49.514600944519046,51.44180509745676
2026-05-07,45.227901458740234,53.219459533691406,4699.7998046875,100.05999755859375,1.1747430562973022,6834.029642699393,4525.503709541867,49.22368049621582,49.62325839996338,51.49451959387903
2026-05-08,45.223751068115234,53.079010009765625,4720.39990234375,101.29000091552734,1.1731581687927246,6863.354585669639,4580.713787092973,49.15138053894043,49.544143486022946,51.54289959626149
2026-05-11,45.352500915527344,53.311439514160156,4718.7001953125,104.20999908447266,1.176885962486267,6880.4158552464205,4726.18407888565,49.33197021484375,49.72991714477539,51.84681205792228
2026-05-12,45.38529968261719,53.48059844970703,4677.60009765625,107.7699966430664,1.177994966506958,6825.419665867333,4891.173594440217,49.43294906616211,49.8377140045166,52.00163242368555
2026-05-13,45.40019989013672,53.30133056640625,4697.7001953125,105.62999725341797,1.1735436916351318,6856.999597264374,4795.622989699768,49.350765228271484,49.74582176208496,51.89666803989319
2026-05-14,45.43050003051758,53.36751174926758,4678.10009765625,105.72000122070312,1.1716049909591675,6832.947583189046,4802.912518683472,49.39900588989258,49.79585647583008,51.90316301791772
2026-05-15,45.54199981689453,53.17879867553711,4555.7998046875,109.26000213623047,1.166208028793335,6670.644417182527,4975.918997282104,49.36039924621582,49.74223918914795,51.811265086251694
2026-05-18,45.49235916137695,52.824310302734375,4552.5,112.0999984741211,1.161440134048462,6658.5470947147805,5099.693392574525,49.158334732055664,49.52493228912354,51.77296630515451
2026-05-19,45.57270050048828,53.144439697265625,4506.2998046875,111.27999877929688,1.1655147075653076,6602.6139998738745,5071.330056063598,49.35857009887695,49.73715705871582,51.804885150112696
2026-05-20,45.58430099487305,52.93585968017578,4531.2998046875,105.0199966430664,1.1607122421264648,6640.9339226952425,4787.263137458096,49.260080337524414,49.62765827178956,51.5099353075117
2026-05-21,45.59130096435547,53.11545944213867,4539.7998046875,102.58000183105469,1.1625338792800903,6654.41296303666,4676.755736403749,49.35338020324707,49.72958812713623,51.48530637144946
2026-05-22,45.71379852294922,53.12063980102539,4521.0,103.54000091552734,1.1621150970458984,6644.661767273986,4733.206740918395,49.417219161987305,49.78756122589112,51.57794273136795
2026-05-25,45.72740173339844,53.238399505615234,4521.0,103.54000091552734,1.164225697517395,6646.639041867317,4734.615217340761,49.482900619506836,49.85845050811768,51.628974300466446
2026-05-26,45.897499084472656,53.40237045288086,4500.39990234375,99.58000183105469,1.1637378931045532,6640.964986833341,4570.473042872618,49.64993476867676,50.025178337097174,51.58174981541999
2026-05-27,45.893699645996094,53.38982009887695,4447.5,94.29000091552734,1.1636837720870972,6562.360551781389,4327.316981637909,49.64175987243652,50.016565895080575,51.21477470231537
2026-05-28,45.892799377441406,53.3031005859375,4499.2998046875,93.70999908447266,1.1617909669876099,6638.66179987585,4300.6141876439215,49.59794998168945,49.96846504211426,51.27181184351238
2026-05-29,45.89179992675781,53.508628845214844,4560.5,92.05000305175781,1.1652837991714478,6728.8153961610815,4224.340323308716,49.70021438598633,50.08105583190918,51.40230348407866
2026-06-01,45.897701263427734,53.47719955444336,4475.2001953125,94.9800033569336,1.164890170097351,6603.808409562965,4359.3638200759015,49.68745040893555,50.06642532348633,51.34117678384661
2026-06-02,45.92539978027344,53.43695831298828,4489.10009765625,96.0,1.1635483503341675,6628.31740529174,4408.83837890625,49.68117904663086,50.0567569732666,51.424409808499135
2026-06-03,45.945098876953125,53.44028091430664,4436.7001953125,97.80999755859375,1.1622096300125122,6553.7570115322305,4493.890008984134,49.69268989562988,50.067448997497564,51.40666339707105
2026-06-04,45.97380065917969,53.4898796081543,4475.7998046875,95.02999877929688,1.160941243171692,6615.643946631025,4368.890220521484,49.73184013366699,50.10764408111572,51.4033342669939
2026-06-05,46.06439971923828,53.51042938232422,4337.10009765625,93.08999633789062,1.1612648963928223,6423.266241437835,4288.1348011710215,49.78741455078125,50.15971603393555,51.07744433483656
2026-06-08,46.09109878540039,53.13671875,4335.89990234375,94.25,1.1522595882415771,6425.210660775187,4344.086060523987,49.613908767700195,49.96618976593018,51.01619312834692
2026-06-09,46.10660171508789,53.170448303222656,4260.0,91.44999694824219,1.1528440713882446,6314.860700919276,4216.448586138606,49.63852500915527,49.99171733856201,50.74103722968061
2026-06-10,46.119998931884766,53.21553039550781,4108.2001953125,93.0999984741211,1.1535356044769287,6091.608016624729,4293.771830184938,49.66776466369629,50.022541236877444,50.50461906630367
2026-06-11,46.150901794433594,53.3638801574707,4090.300048828125,90.37999725341797,1.1535621881484985,6069.129733536212,4171.118377423671,49.75739097595215,50.11803989410401,50.41253175061617
2026-06-12,46.24079895019531,53.558631896972656,4215.0,87.33000183105469,1.157594919204712,6266.3402174728335,4038.2090569899883,49.899715423583984,50.265607070922854,50.67956012721778
2026-06-15,46.26443862915039,53.72441864013672,4328.0,83.16999816894531,1.1603081226348877,6437.624053236483,3847.8132760737208,49.994428634643555,50.36742763519287,50.81357133163645
2026-06-16,46.284400939941406,53.67995834350586,4330.89990234375,78.95999908447266,1.1594202518463135,6444.717058474672,3654.616255843139,49.98217964172363,50.35195751190186,50.623437639758755
2026-06-17,46.30540084838867,53.92314910888672,4358.89990234375,79.55000305175781,1.1609952449798584,6489.3262105035665,3683.5947788021876,50.114274978637695,50.4951623916626,50.81284662202336
2026-06-18,46.44004821777344,53.434139251708984,4224.10009765625,79.8499984741211,1.150734782218933,6306.928755047016,3708.237779327319,49.93709373474121,50.286798286437985,50.44659893710536
2026-06-19,46.419891357421875,53.22755813598633,4224.10009765625,79.8499984741211,1.1458560228347778,6304.191292726421,3706.6282540590037,49.8237247467041,50.16410808563233,50.3605170837126
2026-06-22,46.45209884643555,53.2828483581543,4181.89990234375,77.9000015258789,1.1462763547897339,6245.540615239871,3618.618571017607,49.86747360229492,50.20901107788086,50.216765957805634
2026-06-23,46.46657180786133,53.134830474853516,4129.89990234375,77.08000183105469,1.1427135467529297,6169.801903674491,3581.6434400327853,49.80070114135742,50.134114074707036,50.02016568488778
2026-06-24,46.47090148925781,52.87369155883789,3990.300048828125,73.73999786376953,1.1379542350769043,5961.8042598270695,3426.7641765453154,49.67229652404785,49.992436027526864,49.463623207582316
2026-06-25,46.50558853149414,52.9040412902832,4030.5,75.26000213623047,1.1354217529296875,6026.36084002632,3500.010692226904,49.70481491088867,50.02473754882813,49.658201816463155
2026-06-26,46.57929992675781,52.89323043823242,4078.699951171875,71.98999786376953,1.1361699104309082,6108.094910369866,3353.243702223175,49.73626518249512,50.051961708068845,49.65973669186245
2026-06-29,46.6161994934082,53.05546188354492,4022.300048828125,73.1500015258789,1.1385631561279297,6028.404564036308,3409.9750640734856,49.83583068847656,50.1577938079834,49.668473366731945
2026-06-30,46.64070129394531,53.27199935913086,4022.89990234375,72.91999816894531,1.1422044038772583,6032.472636006295,3401.0398529528175,49.956350326538086,50.28791522979736,49.75122910023619
2026-07-01,46.654701232910156,53.25630187988281,4068.300048828125,71.56999969482422,1.1413310766220093,6102.382846920508,3339.076953001495,49.955501556396484,50.28558158874512,49.7942373745053
2026-07-02,46.67720031738281,53.121700286865234,4112.7001953125,71.80000305175781,1.13779878616333,6171.957305491359,3351.4231252355967,49.89945030212402,50.22167530059815,49.872834310828594
2026-07-03,46.7234992980957,53.29071044921875,4112.7001953125,71.80000305175781,1.1422696113586426,6178.079252187063,3354.7473921920755,50.00710487365723,50.33546543121338,49.96301464693751
2026-07-06,46.80759811401367,53.556968688964844,4155.10009765625,71.98999786376953,1.1437721252441406,6253.006914474356,3369.678888236027,50.18228340148926,50.51975193023682,50.21716754669072
2026-07-07,46.81850051879883,53.56153869628906,4145.2998046875,74.16000366210938,1.144177794456482,6239.711473552641,3472.0601699285908,50.190019607543945,50.52717151641846,50.30556613147825
2026-07-08,46.851898193359375,53.42469024658203,4070.89990234375,78.0199966430664,1.140380859375,6132.092209703257,3655.3849397671875,50.1382942199707,50.46693382263184,50.292924117969534
2026-07-09,46.868099212646484,53.61286926269531,4130.60009765625,76.30000305175781,1.1422044038772583,6224.171542929259,3576.0361129550147,50.2404842376709,50.57772274017334,50.42403735435086
2026-07-10,46.94770050048828,53.69432830810547,4104.10009765625,76.01000213623047,1.1433405876159668,6194.743547409155,3568.4948153332225,50.321014404296875,50.65834579467774,50.43270524447919
2026-07-13,46.986541748046875,53.672019958496094,3997.0,83.30000305175781,1.1404459476470947,6038.07762632322,3913.9790710038505,50.329280853271484,50.66355476379395,50.550919195181066
2026-07-14,47.02259826660156,53.48801040649414,4061.10009765625,84.7300033569336,1.1384334564208984,6139.618398305434,3984.22490898089,50.25530433654785,50.578574943542485,50.72349545535261
2026-07-15,47.02579879760742,53.750789642333984,4044.0,84.94999694824219,1.1424654722213745,6114.18239704715,3994.8414643454016,50.3882942199707,50.724543762207034,50.789210953775985
2026-07-16,47.036598205566406,54.05255889892578,3985.60009765625,84.2300033569336,1.1470258235931396,6027.270571935652,3961.892824753595,50.544578552246094,50.89537658691407,50.735833579507656
2026-07-17,47.10210037231445,53.86412811279297,4012.699951171875,88.0999984741211,1.1444659233093262,6076.703163425092,4149.694970928802,50.48311424255371,50.82121562957764,50.95803470446975
2026-07-20,47.14113998413086,53.90245819091797,4010.300048828125,89.22000122070312,1.142765760421753,6078.102367648284,4205.932566929492,50.521799087524414,50.859864997863774,51.045402478875545
2026-07-21,47.180599212646484,53.86111068725586,4071.10009765625,91.01000213623047,1.1418131589889526,6175.417085915151,4293.90643513159,50.52085494995117,50.85488052368164,51.280660489602454
2026-07-22,47.19770050048828,53.813148498535156,4146.89990234375,94.06999969482422,1.140380859375,6292.67720952419,4439.8876716773375,50.50542449951172,50.83619689941406,51.59258566064624
2026-07-23,47.212398529052734,53.92314147949219,4046.60009765625,100.69000244140625,1.1411746740341187,6142.390374128548,4753.816523154965,50.56777000427246,50.903307151794436,51.72546101379115
2026-07-24,47.31679916381836,53.72990036010742,4067.60009765625,96.77999877929688,1.137682318687439,6187.919702260705,4579.319765314576,50.52334976196289,50.84400482177735,51.59338411027058
2026-07-27,47.35100173950195,53.98455810546875,4074.5,88.36000061035156,1.1394972801208496,6202.896796013516,4183.9345426031505,50.66777992248535,50.9994577407837,51.32327576933827
2026-07-28,47.354400634765625,53.8408317565918,4036.300048828125,84.08999633789062,1.1369450092315674,6145.183409024264,3982.031375960447,50.59761619567871,50.921937751770024,50.98585785821021
2026-07-29,47.383399963378906,53.945289611816406,4034.699951171875,90.73999786376953,1.1386538743972778,6146.509046172044,4299.569611455139,50.664344787597656,50.99243927001953,51.35354453020051
2026-07-30,47.36988830566406,54.39569091796875,4100.10009765625,89.02999877929688,1.1467232704162598,6244.3592694440795,4217.341098028701,50.882789611816406,51.234079742431646,51.5703271457495
2026-07-31,47.501399993896484,54.71337127685547,4049.10009765625,90.12000274658203,1.1523525714874268,6183.807829293697,4280.826297916443,51.10738563537598,51.467984199523926,51.706777986315
2026-08-03,47.53409957885742,54.89104080200195,4033.699951171875,83.7699966430664,1.154401183128357,6164.529334876037,3981.9313621520705,51.21257019042969,51.580417251586915,51.45422947670978
2026-08-04,47.540000915527344,54.720130920410156,4095.39990234375,79.36000061035156,1.150734782218933,6259.599734100224,3772.774501672364,51.13006591796875,51.48907241821289,51.3302202911772
2026-08-05,47.568199157714844,54.86048126220703,4245.7998046875,79.44999694824219,1.153242826461792,6493.327160555948,3779.293277913821,51.21434020996094,51.578954315185555,51.74773212360614
2026-08-06,47.55060958862305,55.038089752197266,4242.0,82.48999786376953,1.1557353734970093,6485.116991002722,3922.449683386454,51.294349670410156,51.668723678588876,51.9337004186088
2026-08-07,47.6598014831543,54.84270095825195,4340.7001953125,83.55000305175781,1.1524720191955566,6651.247091658989,3981.976559363713,51.251251220703125,51.61039619445801,52.2177131255021
2026-08-10,47.69150161743164,55.1080207824707,4361.7998046875,87.72000122070312,1.155641794204712,6688.023457241504,4183.498580098269,51.39976119995117,51.77058715820313,52.57994168679792
2026-08-11,47.72330093383789,55.118019104003906,4383.0,88.91000366210938,1.1546411514282227,6725.0111406520155,4243.078860795475,51.4206600189209,51.7903959274292,52.711222631710015
2026-08-12,47.75019836425781,55.14221954345703,4408.89990234375,88.9800033569336,1.1543744802474976,6768.563085689217,4248.812810745905,51.44620895385742,51.81581001281739,52.80151362519281
2026-08-13,47.757999420166016,55.068721771240234,4363.60009765625,87.06999969482422,1.1530035734176636,6700.1130540397835,4158.28899493927,51.413360595703125,51.77889671325684,52.58571096399943
2026-08-14,47.87969970703125,55.068721771240234,4380.39990234375,88.5199966430664,1.1530035734176636,6743.047835762456,4238.310857337434,51.47421073913574,51.833661842346196,52.778815113727696
2026-08-17,47.857398986816406,55.348018646240234,4417.7998046875,90.87000274658203,1.1573940515518188,6797.452556712544,4348.801977376279,51.60270881652832,51.977239799499515,53.05974693335573
2026-08-18,47.90330123901367,55.484378814697266,4366.0,91.0199966430664,1.1582788228988647,6724.1940363893245,4360.158317966823,51.69384002685547,52.07289390563965,53.027302453300315
2026-08-19,47.910099029541016,55.48025131225586,4489.39990234375,91.62000274658203,1.1579434871673584,6915.226721679579,4389.523404675565,51.69517517089844,52.07368278503418,53.34449105830089
2026-08-20,47.94490051269531,56.097381591796875,4574.7998046875,93.44000244140625,1.1682243347167969,7051.8907873746175,4479.97162095923,52.021141052246094,52.428765106201176,53.869851564228185
