Date_Raw,SP_Price,Dividend,Earnings,CPI,Date_Fraction,Rate_GS10,Real_Price,Real_Dividend,Real_Total_Return_Price,Real_Earnings,Real_TR_Earnings,CAPE,Date,Gold_USD_oz,Oil_WTI_bbl,CPI_YoY_Inflation,SP_Peak,SP_Drawdown_Pct,SP_MoM_Return,SP_Realized_Vol_12M,Rate_GS10_YoY_Delta,Empirical_A_load,Empirical_PFC_control,CAPE_Roll_Mean_30Y,CAPE_Roll_Std_30Y,CAPE_Z_Score,Empirical_CI,Date_Str
1900.01,6.1,0.2175,0.48,7.897091074,1900.0416666666404,3.15,236.46400079493364,8.431298388999682,1063.3358659373823,18.60700334124068,83.67233043441698,18.674275362444785,1900-01-01,18.96,,,236.46400079493364,0.0,,,,0.061034851072991926,93.89651489270081,,,,0.11136219787554717,1900-01-01
1900.02,6.21,0.225,0.48,7.992232066,1900.1249999999736,3.145833333333333,237.86243433637551,8.6182041426223,1072.8539109544413,18.385502170927573,82.92590616072974,18.70379741725144,1900-02-01,18.96,,,237.86243433637551,0.0,0.0180327868852459,,,0.061034851072991926,93.89651489270081,,,,0.11136219787554717,1900-02-01
1900.03,6.26,0.2325,0.48,7.992232066,1900.2083333333069,3.1416666666666666,239.77759081251378,8.905477614043043,1084.839295829234,18.385502170927573,83.18256581438216,18.775793421238376,1900-03-01,18.96,,,239.77759081251378,0.0,0.008051529790660261,,,0.061034851072991926,93.89651489270081,,,,0.11136219787554717,1900-03-01
1900.04,6.34,0.24,0.48,7.992232066,1900.2916666666401,3.1374999999999997,242.84184117433503,9.192751085463787,1102.1689970405635,18.385502170927573,83.44497138477452,18.93640203332273,1900-04-01,18.96,,,242.84184117433503,0.0,0.012779552715654896,,,0.061034851072991926,93.89651489270081,,,,0.11136219787554717,1900-04-01
1900.05,6.04,0.2475,0.48,7.801941983,1900.3749999999734,3.1333333333333337,236.9935721169025,9.711243228300225,1079.2988515423638,18.83392626094589,85.77209416230703,18.403197016950415,1900-05-01,18.96,,,242.84184117433503,-2.4082625255810375,-0.04731861198738163,,,0.07091076732058117,92.90892326794187,,,,0.1268600811901086,1900-05-01
1900.06,5.86,0.255,0.48,7.706792893,1900.4583333333067,3.129166666666667,232.76960661929647,10.129052847768019,1063.9064586075995,19.066452419328034,87.14592152417195,17.99271158430398,1900-06-01,18.96,,,242.84184117433503,-4.147652029951359,-0.02980132450331119,,,0.078941011560802,92.1058988439198,,,,0.1383676141960375,1900-06-01
1900.07,5.86,0.2625,0.48,7.801941983,1900.54166666664,3.125,229.9308497690478,10.299803423954785,1054.854577525543,18.83392626094589,86.40447051403764,17.689545468952804,1900-07-01,18.96,,,242.84184117433503,-5.316625562898155,0.0,,,0.08479654248293106,91.52034575170688,,,,0.14626191768351665,1900-07-01
1900.08,5.94,0.27,0.48,7.706792893,1900.6249999999732,3.1208333333333336,235.94734868918445,10.724879485872021,1086.5567050079092,19.066452419328034,87.80256202084112,18.069614666784194,1900-08-01,18.96,,,242.84184117433503,-2.8390875525445614,0.013651877133105783,,,0.07282649872773714,92.71735012722628,,,,0.12968471231743078,1900-08-01
1900.09,5.8,0.2775,0.48,7.801941983,1900.7083333333064,3.116666666666667,227.57660898642953,10.888363619609345,1052.1872520197655,18.83392626094589,87.07756568439439,17.34187415122471,1900-09-01,18.96,,,242.84184117433503,-6.286079908670541,-0.023569023569023684,,,0.08994871017558516,91.00512898244149,,,,0.1529124481048075,1900-09-01
1900.1,6.01,0.285,0.48,7.706792893,1900.7916666666397,3.1125000000000003,238.72787300033647,11.320706123976022,1108.106193418488,19.066452419328034,88.50099381711715,18.102398784556055,1900-10-01,18.96,,,242.84184117433503,-1.6940936348135982,0.036206896551724155,,,0.06783738988430273,93.21626101156973,,,,0.12221355463357395,1900-10-01
1900.11,6.48,0.2925,0.48,7.706792893,1900.874999999973,3.1083333333333334,257.3971076609285,11.61861944302802,1199.2576076233574,19.066452419328034,88.83389686098943,19.419584603760757,1900-11-01,18.96,,,257.3971076609285,0.0,0.07820299500831962,,,0.061034851072991926,93.89651489270081,,,,0.11136219787554717,1900-11-01
1900.12,6.87,0.3,0.48,7.611651901,1900.9583333333062,3.104166666666667,276.29954080318623,12.065482131143503,1292.0119075260313,19.304771409829602,90.27157432496287,20.74405116087085,1900-12-01,18.96,,,276.29954080318623,0.0,0.06018518518518512,,,0.061034851072991926,93.89651489270081,,,,0.11136219787554717,1900-12-01
1901.01,7.07,0.3017,0.4817,7.706792893,1901.0416666666395,3.1,280.83295542635256,11.984059781065143,1317.8806488043415,19.13397943831316,89.79110445955465,20.978581834536193,1901-01-01,18.98,,-2.4097250394709113,280.83295542635256,0.0,0.02911208151382816,12.491255865889778,-0.04999999999999982,0.03729547923910769,96.27045207608923,,,,0.07492841773368768,1901-01-01
1901.02,7.25,0.3033,0.4833,7.611651901,1901.1249999999727,3.106666666666667,291.582484835968,12.198202434586083,1373.0958377792458,19.437491713272188,91.53340943430479,21.679149848206194,1901-02-01,18.98,,-4.761875804620807,291.582484835968,0.0,0.02545968882602545,12.546109975199373,-0.03916666666666613,0.03749293098305371,96.25070690169463,,,,0.07459127584406877,1901-02-01
1901.03,7.51,0.305,0.485,7.611651901,1901.208333333306,3.1133333333333333,302.03923601629236,12.266573499995896,1427.151622197567,19.505862778681998,92.16624990223967,22.34758395068385,1901-03-01,18.98,,-4.761875804620807,302.03923601629236,0.0,0.035862068965517135,12.719455722114494,-0.02833333333333332,0.038123527369335115,96.1876472630665,,,,0.07440573457926727,1901-03-01
1901.04,8.14,0.3067,0.4867,7.51650281,1901.2916666666392,3.12,331.5209097886308,12.491088824591282,1571.3725373246166,19.822018033676486,93.95417861374581,24.409716994827217,1901-04-01,18.98,,-5.952395426852197,331.5209097886308,0.0,0.08388814913448739,14.40525349157434,-0.017499999999999627,0.04481018378947657,95.51898162105235,,,,0.07633981432631678,1901-04-01
1901.05,7.73,0.3083,0.4883,7.51650281,1901.3749999999725,3.126666666666667,314.82268214571445,12.556252639783152,1497.1843848841995,19.88718184886835,94.57634348498766,23.064012684863563,1901-05-01,18.98,,-3.6585656958479817,331.5209097886308,-5.036855036855046,-0.05036855036855037,14.567269425797091,-0.006666666666666821,0.06253325900672399,93.74667409932759,,,,0.10732091583662862,1901-05-01
1901.06,8.5,0.31,0.49,7.51650281,1901.4583333333057,3.1333333333333333,346.1827682068011,12.625489193424512,1651.3252955746275,19.956418402509712,95.19404645077266,25.238466205960346,1901-06-01,18.98,,-2.4691215352736218,346.1827682068011,0.0,0.09961190168175937,15.317814092065765,0.00416666666666643,0.048882479499148174,95.11175205008519,,,,0.07726511782470186,1901-06-01
1901.07,7.93,0.3117,0.4917,7.611651901,1901.541666666639,3.14,318.9309109998933,12.5360359342581,1526.3144755841224,19.775325212944203,94.63919642430177,23.144848553708112,1901-07-01,18.98,,-2.4390091904634925,346.1827682068011,-7.872101014175324,-0.06705882352941184,18.081507108012666,0.015000000000000124,0.10274936587734725,89.72506341226527,,,,0.13588528312794815,1901-07-01
1901.08,8.04,0.3133,0.4933,7.706792893,1901.6249999999723,3.146666666666667,319.36307802374455,12.444832381198903,1533.3458315648911,19.59475203844692,94.0795396406668,23.07717771384438,1901-08-01,18.98,,0.0,346.1827682068011,-7.7472631933647005,0.013871374527112179,18.079783741010214,0.025833333333333375,0.10196884710661033,89.80311528933896,,,,0.1353941624541371,1901-08-01
1901.09,8.0,0.315,0.495,7.801941983,1901.7083333333055,3.1533333333333333,313.8987710157649,12.359764108745741,1512.0554671603843,19.42248645660045,93.55843203054876,22.590468316860246,1901-09-01,18.98,,0.0,346.1827682068011,-9.32570889020984,-0.004975124378109319,17.604220461629748,0.03666666666666618,0.10737261842678757,89.26273815732124,,,,0.14558396090042483,1901-09-01
1901.1,7.91,0.3167,0.4967,7.801941983,1901.7916666666388,3.16,310.36740984183757,12.42646759758659,1500.033051138681,19.4891899454413,94.19297300892322,22.252901618408934,1901-10-01,18.98,,1.2346132992158365,346.1827682068011,-10.345794665194976,-0.011249999999999982,18.007706468467415,0.047499999999999876,0.13647344429818864,86.35265557018114,,,,0.1612759288303409,1901-10-01
1901.11,8.08,0.3183,0.4983,7.897091074,1901.874999999972,3.1666666666666665,313.2178895775515,12.338769090660229,1518.7792008670524,19.316395343625484,93.66431631089756,22.375074777652806,1901-11-01,18.98,,2.4692266114072714,346.1827682068011,-9.52239153901421,0.02149178255372952,17.024689100763187,0.058333333333333126,0.13782484901034828,86.21751509896517,,,,0.1580381548486929,1901-11-01
1901.12,7.95,0.32,0.5,7.992232066,1901.9583333333053,3.173333333333334,304.50987970598794,12.257001447285049,1481.5072630550285,19.15156476138289,93.17655742484456,21.68021514102968,1901-12-01,18.98,,4.999968074604144,346.1827682068011,-12.03782866393823,-0.016089108910891103,16.750061135445108,0.06916666666666682,0.20492220179418377,79.50777982058163,,,,0.19450566394765545,1901-12-01
1902.01,8.12,0.3208,0.5108,7.897091074,1902.0416666666385,3.18,314.7684731893215,12.435680566395854,1536.4594264915315,19.800952722303627,96.6531373216594,22.34029079603357,1902-01-01,18.97,,2.4692266114072714,346.1827682068011,-9.074482586237057,0.02138364779874191,16.688168554643514,0.08000000000000007,0.13044981861413385,86.95501813858661,,,,0.15402984944613213,1902-01-01
1902.02,8.19,0.3217,0.5217,7.897091074,1902.1249999999718,3.1900000000000004,317.4819945099191,12.470568697660681,1554.7774161852424,20.22348675651097,99.0387518954629,22.459957452460408,1902-02-01,18.97,,3.7500292539980773,346.1827682068011,-8.290641918877037,0.008620689655172376,16.632049861979247,0.08333333333333348,0.14379986412474596,85.6200135875254,,,,0.15490816203804628,1902-02-01
1902.03,8.2,0.3225,0.5325,7.897091074,1902.208333333305,3.1999999999999997,317.8696404128616,12.501580369896084,1561.777711328323,20.64214433168888,101.42032088808926,22.410652288217346,1902-03-01,18.97,,3.7500292539980773,346.1827682068011,-8.178664680682754,0.0012210012210012167,16.43235939843572,0.08666666666666645,0.1404550216248478,85.95449783751522,,,,0.1533025809721105,1902-03-01
1902.04,8.48,0.3233,0.5433,7.992232066,1902.2916666666383,3.21,324.81053835305386,12.383401774710176,1600.9504250974157,20.81009026971865,102.57032617398892,22.823108698497855,1902-04-01,18.97,,6.329130288717333,346.1827682068011,-6.173683908200764,0.034146341463414887,14.587613695715381,0.08999999999999986,0.14359142062757077,85.64085793724291,,,,0.1445004167606536,1902-04-01
1902.05,8.46,0.3242,0.5542,8.087381157,1902.3749999999716,3.2199999999999998,320.2320503663136,12.271776681886392,1583.424135845094,20.977848973169152,103.72738251599897,22.427954493329803,1902-05-01,18.97,,7.5949994489525,346.1827682068011,-7.4962477118402235,-0.002358490566037652,13.366753306930521,0.09333333333333282,0.1609862376577124,83.90137623422876,,,,0.15732642173940042,1902-05-01
1902.06,8.41,0.325,0.565,8.18251405,1902.4583333333048,3.2300000000000004,314.63829567148736,12.159030451038454,1560.7753170845506,21.138006784113003,104.85589228927124,21.963742295514628,1902-06-01,18.97,,8.860653110033212,346.1827682068011,-9.11208628283596,-0.005910165484633634,8.922043366880802,0.09666666666666712,0.13956557677385462,86.04344232261454,,,,0.15803338328502894,1902-06-01
1902.07,8.6,0.3258,0.5758,8.18251405,1902.541666666638,3.2399999999999998,321.74665193517137,12.188960372148701,1601.075240997144,21.542060719101357,107.1975725309483,22.385686589401377,1902-07-01,18.97,,7.499845715816322,346.1827682068011,-7.058732703018938,0.022592152199762072,5.471122270803417,0.09999999999999964,0.07710650684395777,92.28934931560421,,,,0.1260309409104799,1902-07-01
1902.08,8.83,0.3267,0.5867,8.087381157,1902.6249999999714,3.25,334.237471008812,12.366407902443814,1668.3601792793686,22.208054840415627,110.85242550206178,23.168671834092873,1902-08-01,18.97,,4.938348146680882,346.1827682068011,-3.450575330443152,0.02674418604651163,5.792199031203172,0.10333333333333306,0.04598801909071277,95.40119809092872,,,,0.09722368333396522,1902-08-01
1902.09,8.85,0.3275,0.5975,8.18251405,1902.7083333333046,3.26,331.09975228212403,12.25256145450798,1657.7947236329564,22.35390982921685,111.9245590249369,22.85656638195451,1902-09-01,18.97,,4.877914599073474,346.1827682068011,-4.356951676943907,0.0022650056625141968,5.659432191607328,0.10666666666666647,0.047733806941311775,95.22661930586882,,,,0.10249159081417863,1902-09-01
1902.1,8.57,0.3283,0.6083,8.753424793,1902.7916666666379,3.27,299.7127109720516,11.481409919734483,1505.432423768607,21.27365718603255,106.85583936737963,20.604425401859817,1902-10-01,18.97,,12.195461233539406,346.1827682068011,-13.423561627709162,-0.031638418079095953,6.708455392602201,0.10999999999999988,0.21279007213111695,78.72099278688832,,,,0.2057193333844367,1902-10-01
1902.11,8.24,0.3292,0.6192,8.467928926,1902.8749999999711,3.2800000000000002,297.88754984172374,11.90104143299702,1501.2462851961902,22.384947920145063,112.8120994895001,20.408541255072187,1902-11-01,18.97,,7.228457246484088,346.1827682068011,-13.95078634769798,-0.03850641773628938,7.865346028017542,0.11333333333333373,0.13947963528997648,86.05203647100235,,,,0.18282180408998167,1902-11-01
1902.12,8.05,0.33,0.63,8.563094215,1902.9583333333044,3.29,287.7845686531431,11.797379832985989,1455.28543431383,22.522270590245977,113.89190355499538,19.63323212682385,1902-12-01,18.97,,7.142712377290961,346.1827682068011,-16.869181518235578,-0.0230582524271844,8.067248497689452,0.11666666666666625,0.1657155843310229,83.4284415668977,,,,0.2067213621070359,1902-12-01
1903.01,8.46,0.3317,0.6217,8.658259504,1903.0416666666376,3.3,299.1176978240868,11.727818010431394,1517.537607129842,21.98126155286463,111.51928254759135,20.3181320538285,1903-01-01,18.95,,9.638592525620403,346.1827682068011,-13.595439954018381,0.05093167701863366,9.314734249847543,0.11999999999999966,0.20148831021736968,79.85116897826303,,,,0.20299810834617127,1903-01-01
1903.02,8.41,0.3333,0.6133,8.658259504,1903.124999999971,3.308333333333333,297.3498627305638,11.784388733424127,1513.5509317966905,21.684265257152767,110.37583667906186,20.107051517552808,1903-02-01,18.95,,9.638592525620403,346.1827682068011,-14.106105202517098,-0.005910165484633634,9.345204456419397,0.11833333333333274,0.20752208489129714,79.24779151087029,,,,0.20760075572453945,1903-02-01
1903.03,8.08,0.335,0.605,8.372844628,1903.2083333333042,3.3166666666666664,295.42053028527783,12.248252183857435,1508.9258073203164,22.119977824578353,112.98268730554348,19.88456038487284,1903-03-01,18.95,,6.024415187085119,346.1827682068011,-14.663421343721863,-0.03923900118906065,10.240613131760973,0.1166666666666667,0.15510344666448436,84.48965533355157,,,,0.19197831305117882,1903-03-01
1903.04,7.75,0.3367,0.5967,8.372844628,1903.2916666666374,3.325,283.3550878355078,12.310407493447158,1452.538731436821,21.816513665993227,111.83611110301307,18.980022601826267,1903-04-01,18.95,,4.76228116071824,346.1827682068011,-18.148702402703528,-0.04084158415841588,10.192142257694185,0.11500000000000021,0.16302352348928348,83.69764765107165,,,,0.21211424523476685,1903-04-01
1903.05,7.6,0.3383,0.5883,8.18251405,1903.3749999999707,3.333333333333333,284.33425054736074,12.656615389496334,1462.9648383324395,22.009715736448992,113.24502820933873,18.95485872303988,1903-05-01,18.95,,1.1763127167273346,346.1827682068011,-17.865856807319062,-0.01935483870967747,10.247857876092276,0.11333333333333329,0.10647011969740765,89.35298803025924,,,,0.19084382593068797,1903-05-01
1903.06,7.18,0.34,0.58,8.18251405,1903.458333333304,3.341666666666667,268.6210419644803,12.720216471855613,1387.5708170587282,21.699192804930163,112.08789330000869,17.81855172296852,1903-06-01,18.95,,0.0,346.1827682068011,-22.40484893112511,-0.05526315789473679,11.251387081927183,0.11166666666666636,0.13225056090220036,86.77494390977996,,,,0.22249944097139565,1903-06-01
1903.07,6.85,0.3417,0.5717,8.18251405,1903.5416666666372,3.3499999999999996,256.27494950650276,12.78381755421489,1329.299606666857,21.388669873411335,110.94315111407916,16.91817841476666,1903-07-01,18.95,,0.0,346.1827682068011,-25.97119988554416,-0.04596100278551529,10.99737028486738,0.10999999999999988,0.15857761119153668,84.14223888084634,,,,0.24948316334475862,1903-07-01
1903.08,6.63,0.3433,0.5633,8.18251405,1903.6249999999704,3.3583333333333334,248.04422120118443,12.843677396435389,1292.158458167687,21.074405701753726,109.78474502049143,16.2991187909035,1903-08-01,18.95,,1.1763127167273346,346.1827682068011,-28.348767188490186,-0.03211678832116782,9.885137860940024,0.10833333333333339,0.18774545220882805,81.2254547791172,,,,0.27151724421554074,1903-08-01
1903.09,6.47,0.345,0.555,8.277679339,1903.7083333333037,3.3666666666666663,239.27538672200788,12.758888472811856,1252.017034509802,20.525168412784293,107.39867915810512,15.65435911519692,1903-09-01,18.95,,1.1630323934488151,346.1827682068011,-30.881774398698365,-0.02413273001508298,9.487028497060887,0.10666666666666647,0.207931166465723,79.2068833534277,,,,0.29118478025649486,1903-09-01
1903.1,6.26,0.3467,0.5467,8.18251405,1903.791666666637,3.3749999999999996,234.2016326876945,12.970879561153945,1231.1243173993448,20.453359838716064,107.51687928469995,15.252943825778841,1903-10-01,18.95,,-6.522141407515725,346.1827682068011,-32.34740310708123,-0.03245749613601234,9.493232915450257,0.10499999999999954,0.19874077756115943,80.12592224388406,,,,0.2952337876818119,1903-10-01
1903.11,6.28,0.3483,0.5383,8.087381157,1903.8749999999702,3.3833333333333333,237.71362604024225,13.184021648059932,1255.3611163692287,20.37599441042395,107.60523709260443,15.407877534297898,1903-11-01,18.95,,-4.493988699309515,346.1827682068011,-31.332912013044517,0.0031948881789138905,9.781143706223496,0.10333333333333306,0.19262781839196164,80.73721816080383,,,,0.28795929650240915,1903-11-01
1903.12,6.57,0.35,0.53,8.087381157,1903.9583333333035,3.3916666666666666,248.69084762490314,13.24837087803898,1319.1619799002021,20.061818758173313,106.41641542573929,16.042894140050144,1903-12-01,18.95,,-5.5553874108577705,346.1827682068011,-28.161979606003573,0.04617834394904463,11.917863153986676,0.10166666666666657,0.19298210512646216,80.70178948735378,,,,0.2721661348242796,1903-12-01
1904.01,6.68,0.3467,0.5267,8.277679339,1904.0416666666367,3.4,247.0416666619803,12.821758358040206,1316.0816943979564,19.478569735159432,103.76949527535982,15.861833914033642,1904-01-01,18.96,,-4.395573554063336,346.1827682068011,-28.6383698583161,0.016742770167427645,10.179024482314771,0.10000000000000009,0.17180722349273767,82.81927765072624,,,,0.26707437751403873,1904-01-01
1904.02,6.5,0.3433,0.5233,8.467928926,1904.12499999997,3.4066666666666667,234.98411091883548,12.410776196682496,1257.3563965904311,18.918028499050248,101.22686189781118,15.02149838033144,1904-02-01,18.96,,-2.198254486505846,346.1827682068011,-32.12137272573263,-0.026946107784431073,10.098785226585427,0.0983333333333336,0.20608353870470517,79.39164612952948,,,,0.29642360217530994,1904-02-01
1904.03,6.48,0.34,0.52,8.372844628,1904.2083333333032,3.4133333333333336,236.92141537730205,12.43106191794486,1273.265579016808,19.012212345092138,102.17563288406483,15.081930176258867,1904-03-01,18.96,,0.0,346.1827682068011,-31.56175375090564,-0.003076923076922977,10.027634449482127,0.09666666666666712,0.1989101913517318,80.10898086482682,,,,0.29105233572763434,1904-03-01
1904.04,6.64,0.3367,0.5167,8.277679339,1904.2916666666365,3.42,245.56237524484268,12.451935503755804,1325.2805273284057,19.108746880875035,103.12838079376316,15.565490611691484,1904-04-01,18.96,,-1.1365944697188324,346.1827682068011,-29.0656850088651,0.024691358024691246,10.516930376539909,0.09499999999999975,0.18085068597053397,81.9149314029466,,,,0.27218866513401235,1904-04-01
1904.05,6.5,0.3333,0.5133,8.087381157,1904.3749999999698,3.4266666666666667,246.04117344929534,12.616234324715405,1333.5386304196825,19.429682204849737,105.30851984529583,15.52582089625464,1904-05-01,18.96,,-1.1626364760107033,346.1827682068011,-28.92737708356518,-0.02108433734939752,10.530864719369388,0.09333333333333371,0.17969404637872244,82.03059536212776,,,,0.27102980165037877,1904-05-01
1904.06,6.51,0.33,0.51,8.087381157,1904.458333333303,3.4333333333333336,246.419698331525,12.49132111357961,1341.2321225182575,19.304768993713942,105.07348425258239,15.474433638652657,1904-06-01,18.96,,-1.1626364760107033,346.1827682068011,-28.81803458677067,0.0015384615384614886,9.496867944677547,0.09166666666666679,0.1639521954506212,83.60478045493788,,,,0.2649109413415707,1904-06-01
1904.07,6.78,0.3267,0.5067,8.087381157,1904.5416666666363,3.44,256.63987015172654,12.366407902443814,1402.4683310613434,19.179855782578148,104.81278810454022,16.036401629624113,1904-07-01,18.96,,-1.1626364760107033,346.1827682068011,-25.865787173318754,0.04147465437788034,9.685767694778907,0.0900000000000003,0.1409965617862092,85.90034382137908,,,,0.242052732491767,1904-07-01
1904.08,7.01,0.3233,0.5033,8.18251405,1904.6249999999695,3.4466666666666663,262.26093372855246,12.095429368679175,1438.6941327443183,18.829661618485087,103.29454450930321,16.304651978851034,1904-08-01,18.96,,0.0,346.1827682068011,-24.24206002885614,0.03392330383480813,9.58490846587935,0.08833333333333293,0.12726373537294855,87.27362646270514,,,,0.22906510752481268,1904-08-01
1904.09,7.32,0.32,0.5,8.277679339,1904.7083333333028,3.453333333333333,270.71032933618204,11.834331337100853,1490.4552838032073,18.491142714220082,101.80705490459064,16.74260004916369,1904-09-01,18.96,,0.0,346.1827682068011,-21.801327449531996,0.04422253922967201,9.75402294293295,0.08666666666666689,0.11193010109900742,88.80698989009926,,,,0.21143217263231256,1904-09-01
1904.1,7.75,0.3167,0.4967,8.277679339,1904.791666666636,3.46,286.61271207041125,11.712289795186999,1583.3830667358689,18.36910117230623,101.47953151583305,17.633197370821403,1904-10-01,18.96,,1.1630323934488151,346.1827682068011,-17.207689581130207,0.058743169398907114,9.614579506086834,0.08500000000000041,0.09653848659970729,90.34615134002927,,,,0.1830144182155486,1904-10-01
1904.11,8.17,0.3133,0.4933,8.467928926,1904.8749999999693,3.466666666666667,295.3569517241363,11.32623414628787,1636.9046342248682,17.833486448655623,98.83538017908538,18.07620022377007,1904-11-01,18.96,,4.705451141876993,346.1827682068011,-14.681786949113157,0.05419354838709678,10.081723441762067,0.08333333333333348,0.13174143577697509,86.8258564223025,,,,0.18264343726750706,1904-11-01
1904.12,8.25,0.31,0.49,8.467928926,1904.9583333333026,3.473333333333333,298.249063858522,11.206934520744461,1658.1089272222735,17.714186823112215,98.48162113198957,18.159679118703203,1904-12-01,18.96,,4.705451141876993,346.1827682068011,-13.846357690352939,0.009791921664626724,9.80421924475455,0.08166666666666655,0.12248622513859195,87.7513774861408,19.438275995645665,2.8116966207657073,-0.4547421181572081,0.11516446725027188,1904-12-01
1905.01,8.43,0.3117,0.505,8.467928926,1905.0416666666358,3.48,304.75631616088975,11.268391903600156,1699.506380105256,18.256457848309527,101.80910106205863,18.459852032455853,1905-01-01,18.92,,2.298344490147697,346.1827682068011,-11.966641858142456,0.021818181818181737,9.801684019894976,0.08000000000000007,0.08199010937031598,91.80098906296841,19.422236258544192,2.790980279205657,-0.3448194289506926,0.09152974757032287,1905-01-01
1905.02,8.8,0.3133,0.52,8.467928926,1905.124999999969,3.475833333333333,318.1323347824234,11.32623414628787,1779.362683748537,18.798728873506843,105.14415858514086,19.168996375829835,1905-02-01,18.92,,0.0,346.1827682068011,-8.102781536376483,0.043890865954923086,8.58990380400345,0.06916666666666638,0.0430732709647904,95.69267290352096,19.418151744306865,2.7681956933903096,-0.09000641431237856,0.05818330251955905,1905-02-01
1905.03,9.05,0.315,0.535,8.372844628,1905.2083333333023,3.4716666666666667,330.8856186982382,11.517013247507737,1856.0617807196459,19.56064154735441,109.72298924696247,19.831506074218424,1905-03-01,18.92,,0.0,346.1827682068011,-4.418807321866679,0.02840909090909083,7.989522737127965,0.058333333333333126,0.03209416485226807,96.79058351477319,19.42471292414673,2.7462746054256044,0.1481254457467676,0.04538952402407839,1905-03-01
1905.04,8.94,0.3167,0.55,8.372844628,1905.2916666666356,3.4675,326.8638045483148,11.57916855709746,1838.9145727583564,20.109070749616684,113.1323283016886,19.48292752471129,1905-04-01,18.92,,1.149661458274065,346.1827682068011,-5.580567674860579,-0.012154696132596787,8.969095185393943,0.047499999999999876,0.04403382500048824,95.59661749995118,19.425622527280552,2.724401308657367,0.02103397808855784,0.046498192330377636,1905-04-01
1905.05,8.5,0.3183,0.565,8.277679339,1905.3749999999688,3.463333333333333,314.3494261417414,11.771461451872506,1774.0282811025422,20.89499126706869,117.92070339093368,18.62948750984513,1905-05-01,18.92,,2.3530260081199295,346.1827682068011,-9.195530508336349,-0.04921700223713643,10.811553410917,0.03666666666666618,0.07641579990714639,92.35842000928535,19.413374296243084,2.7048362838310007,-0.2898093282332393,0.07409818250918296,1905-05-01
1905.06,8.6,0.32,0.58,8.277679339,1905.458333333302,3.4591666666666665,318.04765468458544,11.834331337100853,1800.4647809777957,21.449725548495294,121.42669453106063,18.735862386183538,1905-06-01,18.92,,2.3530260081199295,346.1827682068011,-8.127242631963824,0.0117647058823529,10.636503293268843,0.02583333333333293,0.07038458487666903,92.9615415123331,19.403108964272484,2.6852445358710266,-0.24848633678441054,0.06623956786665328,1905-06-01
1905.07,8.87,0.3217,0.595,8.277679339,1905.5416666666354,3.455,328.03287175026423,11.897201222329201,1862.603496194933,22.0044598299219,124.94352652040422,19.205883309548053,1905-07-01,18.92,,2.3530260081199295,346.1827682068011,-5.2428653657580515,0.03139534883720918,10.501778494136756,0.015000000000000124,0.05805472972703796,94.1945270272962,19.40016529778406,2.6649330582443866,-0.07290314015016823,0.04709598223325355,1905-07-01
1905.08,9.2,0.3233,0.61,8.372844628,1905.6249999999686,3.4508333333333336,336.36991072086084,11.820477406092861,1915.5351929092767,22.302787558665777,127.00831170376728,19.573308430803724,1905-08-01,18.92,,2.326064786897608,346.1827682068011,-2.834588658693226,0.03720405862457721,10.543823677963053,0.004166666666667318,0.04990204606925922,95.00979539307409,19.402711520328467,2.6450540699507776,0.06449656829829277,0.036094680637593066,1905-08-01
1905.09,9.23,0.325,0.625,8.277679339,1905.7083333333019,3.4466666666666663,341.34649450450274,12.019242764243055,1949.5793445668141,23.113928392775104,132.01376926915046,19.74349241969778,1905-09-01,18.92,,0.0,346.1827682068011,-1.3970290108169887,0.003260869565217428,10.45401954054768,-0.006666666666666821,0.03352179970088134,96.64782002991187,19.407650373942513,2.6258536084451243,0.1278982364725707,0.0274943240475648,1905-09-01
1905.1,9.36,0.3267,0.64,8.277679339,1905.7916666666351,3.4425000000000003,346.1541916101999,12.082112649471403,1982.7887283641614,23.668662674201705,135.57529766592558,19.897394814329534,1905-10-01,18.92,,0.0,346.1827682068011,-0.008254771532735147,0.014084507042253502,9.560711245599443,-0.017499999999999627,0.028102861856134285,97.18971381438656,19.4146467230909,2.6074133747104944,0.1851444408166518,0.022876488228420783,1905-10-01
1905.11,9.31,0.3283,0.655,8.372844628,1905.8749999999684,3.438333333333334,340.39172487078423,12.003287140180285,1955.510646928377,23.948075165452597,137.57889084189978,19.443525693264984,1905-11-01,18.92,,-1.1228754850321598,346.1827682068011,-1.672828305699326,-0.005341880341880212,8.80366124490349,-0.028333333333332877,0.02908229933806295,97.0917700661937,19.41505346914969,2.5887242671832276,0.010998554182162699,0.020338683242296162,1905-11-01
1905.12,9.54,0.33,0.67,8.467928926,1905.9583333333017,3.434166666666667,344.8843720254908,11.929962554340879,1987.0317326638387,24.221439125479968,139.55044663362392,19.577960809096112,1905-12-01,18.92,,0.0,346.1827682068011,-0.37506089284451766,0.02470461868958096,8.9026105266547,-0.03916666666666613,0.026995070116244996,97.3004929883755,19.417316071093392,2.5705008648016774,0.06249550046936635,0.016958695702866074,1905-12-01
1906.01,9.87,0.3358,0.6775,8.467928926,1906.041666666635,3.43,356.8143345798317,12.139640684083838,2061.5940222967643,24.492574638078622,141.51265958521356,20.132402260807893,1906-01-01,18.9,,0.0,356.8143345798317,0.0,0.03459119496855356,9.137232156632058,-0.04999999999999982,0.026954599667678797,97.30454003323213,19.427111772322355,2.5539594720209307,0.276155708895195,0.029719490476700573,1906-01-01
1906.02,9.8,0.3417,0.685,8.467928926,1906.1249999999682,3.45,354.2837364622443,12.352933953994782,2052.920497294143,24.76371015067728,143.49495312719264,19.866752563675888,1906-02-01,18.9,,0.0,356.8143345798317,-0.7092198581560205,-0.007092198581560183,8.702360085798851,-0.02583333333333293,0.02705429075463393,97.2945709245366,19.433052864097405,2.5369211168544377,0.17095513798088963,0.025380860253627936,1906-02-01
1906.03,9.56,0.3475,0.6925,8.467928926,1906.2083333333014,3.4700000000000006,345.6074000590873,12.562612083737742,2008.7111336938246,25.034845663275934,145.50548745637798,19.25945302085411,1906-03-01,18.9,,1.13562716405875,356.8143345798317,-3.1408308004052587,-0.02448979591836742,9.036587904880593,-0.001666666666666039,0.03785014018916334,96.21498598108367,19.430738199520825,2.519801188155821,-0.06797567183944134,0.02901420306823344,1906-03-01
1906.04,9.43,0.3533,0.7,8.467928926,1906.2916666666347,3.49,340.9077178407105,12.772290213480703,1987.5821960628243,25.30598117587459,147.5405659855755,18.87620499611588,1906-04-01,18.9,,1.13562716405875,356.8143345798317,-4.457953394123616,-0.013598326359832713,9.067397811244074,0.02250000000000041,0.04130274513664907,95.86972548633508,19.42344171000234,2.5037542876981154,-0.21856646100427607,0.037589477768445276,1906-04-01
1906.05,9.18,0.3592,0.7075,8.563094215,1906.374999999968,3.51,328.18165717215567,12.841269200025963,1919.6248949262017,25.29286736920481,147.94494696735163,18.054044460926395,1906-05-01,18.9,,3.448005948421762,356.8143345798317,-8.024531144857896,-0.026511134676564185,7.786333447520236,0.046666666666666856,0.06141820107342619,93.85817989265738,19.405657330144212,2.492118655651792,-0.5423549421102161,0.06336902609998865,1906-05-01
1906.06,9.3,0.365,0.715,8.563094215,1906.4583333333012,3.5300000000000002,332.4716134750597,13.048617087999652,1951.07844372197,25.56098963813631,150.00226744744177,18.172666376497496,1906-06-01,18.9,,3.448005948421762,356.8143345798317,-6.822237434333149,0.013071895424836777,7.796764793707927,0.07083333333333375,0.05701297954471118,94.29870204552888,19.389849753815408,2.479816148467952,-0.49083613640869983,0.05672198001231467,1906-06-01
1906.07,9.06,0.3708,0.7225,8.277679339,1906.5416666666345,3.55,335.05950598166794,13.713031436865615,1972.9713843285765,26.719701222048023,157.33684604607026,18.19520014351375,1906-07-01,18.9,,0.0,356.8143345798317,-6.096960376824905,-0.02580645161290329,7.923425445168736,0.09499999999999975,0.0355302702789052,96.44697297210948,19.374727606849564,2.4675320070404854,-0.4780191138231762,0.04648289648174133,1906-07-01
1906.08,9.73,0.3767,0.73,8.467928926,1906.6249999999677,3.5700000000000003,351.7531383446568,13.618233012788512,2077.953007974503,26.390523226269213,155.8998659631436,18.967251477549294,1906-08-01,18.9,,1.13562716405875,356.8143345798317,-1.4184397163120568,0.07395143487858724,10.222741214425232,0.11916666666666664,0.03798837746046105,96.2011622539539,19.36963415523331,2.452288183309624,-0.1640845804431347,0.02485688069272165,1906-08-01
1906.09,10.03,0.3825,0.7375,8.563094215,1906.708333333301,3.59,358.56884765105895,13.674235715506487,2124.947874892374,26.36535644493081,156.2461672714981,19.20099368200136,1906-09-01,18.9,,3.448005948421762,358.56884765105895,0.0,0.03083247687564228,10.536547528844324,0.14333333333333353,0.048034416376419344,95.19655836235806,19.3675521740823,2.436985222280099,-0.06834612313533114,0.022187045731746777,1906-09-01
1906.1,9.73,0.3883,0.745,8.753424793,1906.7916666666342,3.61,340.28059250385786,13.579748619655499,2023.2745115059095,26.05437219068593,154.91670206288822,18.095380908869096,1906-10-01,18.9,,5.747328864969936,358.56884765105895,-5.1003469116196865,-0.029910269192422678,11.13218681774094,0.16749999999999954,0.09275527358300437,90.72447264169956,19.352037890360187,2.4259666287563855,-0.5180025836279892,0.06424733031214995,1906-10-01
1906.11,9.93,0.3942,0.7525,8.848509091,1906.8749999999675,3.6300000000000003,343.5433069839855,13.63794276063314,2049.4317742868493,26.03387094717513,155.30688923976376,18.141851654007958,1906-11-01,18.9,,5.6810377372740195,358.56884765105895,-4.190419989216567,0.020554984583761593,11.203710096363274,0.19166666666666643,0.08764009394055092,91.2359906059449,19.337457333295703,2.414785114734592,-0.4951188708230684,0.05881363282527565,1906-11-01
1906.12,9.84,0.4,0.76,8.94367438,1906.9583333333007,3.6499999999999995,336.8072754008291,13.69135265857029,2016.05389782007,26.01357005128355,155.71147991293225,17.660003667768652,1906-12-01,18.9,,5.618203201248728,358.56884765105895,-6.069008055994621,-0.009063444108761365,11.092371145819317,0.21583333333333243,0.09647075364640911,90.35292463535909,19.317487646801332,2.4071622519642397,-0.688563464170384,0.07220355405621626,1906-12-01
1907.01,9.56,0.4033,0.7517,8.848509091,1907.041666666634,3.67,330.742599674411,13.952770967436187,1986.7119397691104,26.00619374218146,156.21457794188706,17.218913853705978,1907-01-01,18.94,,4.494371272194586,358.56884765105895,-7.76036405809772,-0.028455284552845517,10.926779455459586,0.23999999999999977,0.09189486999644693,90.81051300035531,19.29279854335315,2.403593289629498,-0.8628267929500052,0.07996502478924501,1907-01-01
1907.02,9.26,0.4067,0.7433,9.038839669,1907.1249999999673,3.6866666666666665,313.61776000100434,13.774119113651022,1890.7409654571786,25.174090821678888,151.76973646050982,16.217071288766146,1907-02-01,18.94,,6.74203513030287,358.56884765105895,-12.536250135650024,-0.03138075313807542,11.308459376944766,0.23666666666666636,0.16321947724664937,83.67805227533506,19.25703427295098,2.4123213032687416,-1.2601816267450046,0.12868306771457738,1907-02-01
1907.03,8.35,0.41,0.735,8.94367438,1907.2083333333005,3.7033333333333336,285.8069867476548,14.033636475034546,1730.1256865599821,25.157860510122905,152.29250055348348,14.687545255978645,1907-03-01,18.94,,5.618203201248728,358.56884765105895,-20.292298502800314,-0.09827213822894165,14.660414436223611,0.23333333333333295,0.2825100336559706,71.74899663440294,19.204511410686926,2.4477807300371235,-1.845331201148796,0.20909000429359126,1907-03-01
1907.04,8.39,0.4133,0.7267,8.94367438,1907.2916666666338,3.7199999999999998,287.1761220135118,14.146590134467752,1745.5500505899624,24.873764942457576,151.19084883953823,14.66970990560273,1907-04-01,18.94,,5.618203201248728,358.56884765105895,-19.910465202214922,0.004790419161676773,14.73156110668336,0.22999999999999954,0.2788072446485042,72.11927553514958,19.15297957540188,2.481219021052474,-1.8068818720797382,0.20575986163805107,1907-04-01
1907.05,8.1,0.4167,0.7183,9.134004959,1907.374999999967,3.736666666666667,271.4726739398959,13.965760892685758,1657.1734131151609,24.073928603830524,146.9565015605704,13.79010715342424,1907-05-01,18.94,,6.66710805306725,358.56884765105895,-24.289944394701187,-0.03456495828367112,14.858363625804365,0.22666666666666702,0.3761583737225122,62.38416262774877,19.092722581896513,2.531726439546161,-2.094466189412954,0.2616051527763852,1907-05-01
1907.06,7.84,0.42,0.71,9.229089256,1907.4583333333003,3.753333333333333,260.05161868379264,13.931336715203178,1594.5417598481652,23.550593018557752,144.40365427196394,13.144269952673199,1907-06-01,18.94,,7.777504536074997,358.56884765105895,-27.475122173228584,-0.032098765432098775,14.795560416720374,0.22333333333333272,0.46213052609574257,53.786947390425745,19.026628663794032,2.5943740849235626,-2.2673517845034072,0.30749629499965275,1907-06-01
1907.07,8.14,0.4233,0.7017,9.229089256,1907.5416666666335,3.7699999999999996,270.0025734803664,14.040797217965489,1662.7318094059578,23.27528326918588,143.33401850861924,13.585007357961837,1907-07-01,18.94,,11.493679303539395,358.56884765105895,-24.69993552169395,0.03826530612244916,15.57102199929648,0.21999999999999975,0.5587905825077729,44.12094174922271,18.966830627466205,2.6422317746811084,-2.036847532103387,0.3273263814861902,1907-07-01
1907.08,7.53,0.4267,0.6933,9.229089256,1907.6249999999668,3.7866666666666666,249.76896539399985,14.15357470565999,1545.3924443181395,22.996656534881815,142.28692983343504,12.513471604446607,1907-08-01,18.94,,8.988742544389172,358.56884765105895,-30.342815046481014,-0.07493857493857492,14.074614386524676,0.21666666666666634,0.5321592386925573,46.78407613074427,18.896685420694254,2.7124421461983403,-2.353308742527145,0.3460948087748001,1907-08-01
1907.09,7.45,0.43,0.685,9.229089256,1907.7083333333,3.8033333333333337,247.11537744824685,14.2630352084223,1536.3280574712091,22.721346785509947,141.25969387486958,12.328569657736622,1907-09-01,18.94,,7.777504536074997,358.56884765105895,-31.082864820223584,-0.010624169986719778,12.999354669234487,0.21333333333333382,0.47729738576395586,52.27026142360442,18.82606052001729,2.782309078240877,-2.3352872307014594,0.33046840911850245,1907-09-01
1907.1,6.64,0.4333,0.6767,9.324254545,1907.7916666666333,3.82,217.99990446314004,14.225807018656415,1362.6859867453325,22.216948094910673,138.8749408479769,10.831840153050601,1907-10-01,18.94,,6.5212161582342665,358.56884765105895,-39.20277628934276,-0.10872483221476514,15.543286107777051,0.20999999999999996,0.6311940033938893,36.88059966061107,18.741015622496366,2.8875374072054907,-2.7390729033360404,0.4248067826345751,1907-10-01
1907.11,6.25,0.4367,0.6683,8.94367438,1907.8749999999666,3.836666666666667,213.92738529016077,14.947534264994113,1345.0154965036884,22.87482745430631,143.81981701014638,10.59117755918978,1907-11-01,18.94,,1.075495182536379,358.56884765105895,-40.33854678353316,-0.0587349397590361,14.708975709001573,0.20666666666666655,0.45104072610842755,54.89592738915725,18.65522785340893,2.9913755924274965,-2.6957665612545787,0.3673069880556154,1907-11-01
1907.12,6.57,0.44,0.66,8.753424793,1907.9583333332998,3.853333333333333,229.7680876413511,15.387817132754106,1452.6722502896778,23.08172569913116,145.9305456912005,11.333306235811166,1907-12-01,18.94,,-2.12719715540447,358.56884765105895,-35.92078923014814,0.051200000000000134,17.011207495027104,0.2033333333333336,0.40031327435118796,59.96867256488121,18.578957836558953,3.0679925186492993,-2.361691417662819,0.32733859217365646,1907-12-01
1908.01,6.85,0.4367,0.6533,8.658259504,1908.041666666633,3.87,242.19340781264708,15.440271706829632,1539.3642529610206,23.098533331971144,146.81265203787368,11.902968628266972,1908-01-01,18.95,,-2.1500750583339223,358.56884765105895,-32.45553555496337,0.0426179604261796,18.583120861248105,0.20000000000000018,0.38272792248546555,61.72720775145344,18.510133205545632,3.12634017661441,-2.1133863252314784,0.3037324506447298,1908-01-01
1908.02,6.6,0.4333,0.6467,8.563094215,1908.1249999999663,3.8608333333333333,235.94759665971975,15.49031721706918,1507.8709307196486,23.119289509066785,147.74850468127227,11.55484629514479,1908-02-01,18.95,,-5.263346529219204,358.56884765105895,-34.19740777666999,-0.03649635036496346,18.60619002648028,0.1741666666666668,0.4110675797053335,58.893242029466656,18.43916089013338,3.1885534023765625,-2.1590714428233886,0.32139194178021663,1908-02-01
1908.03,6.87,0.43,0.64,8.563094215,1908.2083333332996,3.8516666666666666,245.59999834125378,15.37234341873932,1577.743232686077,22.87976694882131,146.9804467131134,11.984662664464292,1908-03-01,18.95,,-4.255299878214036,358.56884765105895,-31.505483549351933,0.040909090909091006,17.940159375506262,0.14833333333333298,0.35305932570230175,64.69406742976982,18.373963938358944,3.2378917229203705,-1.97329059173477,0.28666068174256526,1908-03-01
1908.04,7.24,0.4267,0.6333,8.658259504,1908.2916666666329,3.8425,255.98252154212628,15.086704688125039,1652.517396751696,22.391399294561957,144.54962256392943,12.448889158370363,1908-04-01,18.95,,-3.191248516809253,358.56884765105895,-28.609938309187555,0.05385735080058218,19.156431222612404,0.12250000000000005,0.3369250212634998,66.30749787365002,18.31471319055906,3.275531942849145,-1.7908004362450052,0.2655671989881627,1908-04-01
1908.05,7.63,0.4233,0.6267,8.658259504,1908.3749999999661,3.833333333333333,269.7716352716055,14.966491901765478,1749.5856751914168,22.158045062216928,143.70450100163316,13.078451355438341,1908-05-01,18.95,,-5.208508831947089,358.56884765105895,-24.764341063411738,0.05386740331491713,19.981887580669376,0.09666666666666623,0.29925349665920736,70.07465033407927,18.262869013973706,3.3004981588793516,-1.5707985306968562,0.23218542914778123,1908-05-01
1908.06,7.64,0.42,0.62,8.658259504,1908.4583333332994,3.8241666666666663,270.12520229031,14.849814785592962,1759.9043325156124,21.921155159684847,142.8194615392251,13.051684129229988,1908-06-01,18.95,,-6.185114653961044,358.56884765105895,-24.665736005827757,0.001310615989515096,19.736371443545266,0.0708333333333333,0.29276754808517186,70.7232451914828,18.21177896608406,3.3244057280208135,-1.5521856412893795,0.2284535718589489,1908-06-01
1908.07,7.92,0.4167,0.6133,8.753424793,1908.5416666666326,3.8149999999999995,276.98070838957386,14.572962270951447,1812.4810131996712,21.4485187443593,140.35285421658565,13.3454871048344,1908-07-01,18.95,,-5.15396969089622,358.56884765105895,-22.753828113055302,0.03664921465968596,19.702264393124057,0.04499999999999993,0.26642214210046733,73.35778578995327,18.16453341403309,3.342638830366142,-1.4416892023811105,0.20870439030044008,1908-07-01
1908.08,8.26,0.4133,0.6067,8.753424793,1908.624999999966,3.805833333333333,288.87129435579294,14.454056411289255,1898.1714691825216,21.217701487367993,139.42138381998018,13.88423289520861,1908-08-01,18.95,,-5.15396969089622,358.56884765105895,-19.43770457245414,0.04292929292929282,18.339644591889417,0.019166666666666554,0.20258938192998985,79.74106180700102,18.123376678275164,3.352748058576519,-1.2643788644430305,0.16881355653776714,1908-08-01
1908.09,8.17,0.41,0.6,8.753424793,1908.7083333332992,3.7966666666666664,285.72378630591146,14.338647782793599,1885.340810542971,20.983386999210143,138.4583214597041,13.701442268825113,1908-09-01,18.95,,-5.15396969089622,358.56884765105895,-20.31550198026032,-0.010895883777239712,18.342846447553974,-0.006666666666667265,0.21226126930797043,78.77387306920296,18.081263017232782,3.36438071958435,-1.3018207847026215,0.1761189541590913,1908-09-01
1908.1,8.27,0.4067,0.5933,8.848509091,1908.7916666666324,3.7874999999999996,286.11310662211076,14.070399088659304,1895.6466598404613,20.526107153433898,135.99602941757507,13.690810359178709,1908-10-01,18.95,,-5.102235805597044,358.56884765105895,-20.20692581176445,0.012239902080783294,13.113892554379802,-0.032500000000000195,0.1368760711198035,86.31239288801964,18.039843652534163,3.375367659577973,-1.2884620971628375,0.1501600039507535,1908-10-01
1908.11,8.83,0.4033,0.5867,8.94367438,1908.8749999999657,3.778333333333333,302.2366099379392,13.804306318003494,2010.094891598984,20.081791511957974,133.55862660261877,14.435014091256262,1908-11-01,18.95,,0.0,358.56884765105895,-15.71029889577564,0.06771463119709797,10.819981778879253,-0.058333333333334014,0.08543844797220738,91.45615520277927,18.006153656634368,3.3774356234411083,-1.0573523713057902,0.1106424512691508,1908-11-01
1908.12,9.03,0.4,0.58,9.038839669,1908.958333333299,3.769166666666667,305.8281180139383,13.547203455766926,2041.4892873467663,19.64344501086204,131.12555776978124,14.582482908962438,1908-12-01,18.95,,3.260608079117122,358.56884765105895,-14.708675888220284,0.022650056625141524,10.573773808198604,-0.08416666666666606,0.11636662421026844,88.36333757897316,17.97445300156333,3.377720511247404,-1.0042186975820047,0.11742794791469534,1908-12-01
1909.01,9.06,0.4033,0.595,8.94367438,1909.0416666666322,3.76,310.1091377166171,13.804306318003494,2077.7452772240235,20.365887079623306,136.45236644020903,14.76441845644136,1909-01-01,18.96,,3.296446310810408,358.56884765105895,-13.514757417409658,0.0033222591362127574,10.681552734893469,-0.11000000000000032,0.10994189737247018,89.00581026275299,17.945003143351204,3.3760764303891104,-0.9420949888102105,0.11017845116741287,1909-01-01
1909.02,8.8,0.4067,0.61,9.038839669,1909.1249999999654,3.7725,298.0384760268724,13.774119113651022,2004.561898705794,20.659485270044563,138.95258616028798,14.167157516701366,1909-02-01,18.96,,5.555765732048523,358.56884765105895,-16.881101640790515,-0.028697571743929284,10.218081768206785,-0.08833333333333337,0.16630886737523148,83.36911326247684,17.91065909219984,3.3798033626489494,-1.107609281909369,0.14592611178528359,1909-02-01
1909.03,8.92,0.41,0.625,9.038839669,1909.2083333332987,3.7849999999999997,302.10263706360246,13.8858835421611,2039.6796971206204,21.167505399635825,142.9147769843484,14.33605838058622,1909-03-01,18.96,,5.555765732048523,358.56884765105895,-15.747662117710389,0.013636363636363447,10.108173693226712,-0.06666666666666687,0.1546521595222546,84.53478404777454,17.878455482185302,3.381470053029743,-1.047590854286925,0.13536656642134107,1909-03-01
1909.04,9.32,0.4133,0.64,9.229089256,1909.291666666632,3.7975,309.1429956802229,13.709098724746365,2094.926673956771,21.22870356602389,143.8576256794349,14.645198603086122,1909-04-01,18.96,,6.592892621620816,358.56884765105895,-13.784201358991115,0.04484304932735439,9.838562398950886,-0.04499999999999993,0.15211029841482568,84.78897015851743,17.849587117193344,3.3800394213219147,-0.9480328820703529,0.12384711124014454,1909-04-01
1909.05,9.63,0.4167,0.655,9.324254545,1909.3749999999652,3.8099999999999996,316.16552409337936,13.680807257498564,2150.2410096116923,21.504508648095893,146.25211436091985,14.953509786582782,1909-05-01,18.96,,7.692019864873756,358.56884765105895,-11.82571320276667,0.03326180257510725,9.30324571160293,-0.023333333333333428,0.14733072033407138,85.26692796659286,17.823958114267587,3.3759271486909808,-0.8502696300178825,0.11156931813075834,1909-05-01
1909.06,9.8,0.42,0.67,9.419419835,1909.4583333332985,3.8225,318.4962081053689,13.649837490230096,2173.8280290795688,21.7747407582242,148.61885504931746,15.040444676080996,1909-06-01,18.96,,8.791147119676346,358.56884765105895,-11.175716967104377,0.017653167185877505,9.087793259872875,-0.0016666666666664831,0.15788895387965576,84.21110461203443,17.799541329722093,3.3710519396228773,-0.8184675594021725,0.11120221869340138,1909-06-01
1909.07,9.94,0.4233,0.685,9.419419835,1909.5416666666317,3.835,323.04615393544555,13.75708621336762,2212.7073870180297,22.26223495430385,152.48536822005542,15.231503240497684,1909-07-01,18.96,,7.608393945791203,358.56884765105895,-9.906798638063027,0.014285714285714235,8.94918703957904,0.020000000000000462,0.1267311531675117,87.32688468324884,17.777210563728836,3.364766456102519,-0.7565777168915014,0.09463989679894423,1909-07-01
1909.08,10.18,0.4267,0.7,9.514585124,1909.624999999965,3.8474999999999997,327.536924562177,13.728880718141545,2251.303299198555,22.522185382467967,154.8047455244586,15.417580706254759,1909-08-01,18.96,,8.695571721924079,358.56884765105895,-8.654383472565543,0.024144869215291687,8.601051049377245,0.04166666666666652,0.12970987200144174,87.02901279985582,17.756868927026474,3.3572612168640217,-0.6967846913493425,0.09023287256333232,1909-08-01
1909.09,10.19,0.43,0.715,9.609669421,1909.7083333332982,3.8600000000000003,324.61462391027646,13.698163717509216,2239.063177956092,22.777179204695553,157.10796587228714,15.25444643682118,1909-09-01,18.96,,9.781824237351389,358.56884765105895,-9.469373584239815,0.0009823182711197198,8.242577864716806,0.06333333333333391,0.1492865915738581,85.07134084261419,17.735480700614463,3.350755096243883,-0.740440346289248,0.10197217497204941,1909-09-01
1909.1,10.23,0.4333,0.73,9.8,1909.7916666666315,3.8724999999999996,319.5596249999999,13.535208749999997,2211.975839153597,22.803374999999992,157.84382820939646,14.988845296121768,1909-10-01,18.96,,10.753121223187545,358.56884765105895,-10.879144383736543,0.003925417075564264,8.356317574318627,0.08499999999999996,0.18163006724776515,81.83699327522349,17.71220412938995,3.345972193664886,-0.8139215377893655,0.12115374545540052,1909-10-01
1909.11,10.18,0.4367,0.745,9.895165289,1909.8749999999648,3.885,314.9394536607017,13.510221946328922,2187.788333202647,23.048123082241922,160.10828175206012,14.74563117682459,1909-11-01,18.96,,10.638702490418716,358.56884765105895,-12.167647657114697,-0.00488758553274693,6.634440666342965,0.10666666666666691,0.16702143424413615,83.29785657558638,17.68727494491461,3.3428441173591503,-0.8799823338498716,0.12329574027102114,1909-11-01
1909.12,10.3,0.44,0.76,9.990330579,1909.958333333298,3.8975000000000004,315.61650788893274,13.482646938944699,2200.296608793896,23.288208349086297,162.3519827847923,14.750638489265036,1909-12-01,18.96,,10.526693080565153,358.56884765105895,-11.978826393732131,0.011787819253438192,6.534049224580173,0.1283333333333334,0.16186078860302072,83.81392113969792,17.662802974450862,3.3395460492114344,-0.8720240542493716,0.1213579079797179,1909-12-01
1910.01,10.08,0.4425,0.7575,9.895165289,1910.0416666666313,3.91,311.8457458644276,13.68965699851282,2181.9620606064623,23.434836556776183,163.97185128069398,14.547885040564148,1910-01-01,18.92,,10.638702490418716,358.56884765105895,-13.03044090213322,-0.021359223300970953,7.28157738309673,0.15000000000000036,0.18472570945627084,81.52742905437292,17.637059851030312,3.337636509043079,-0.9255575920554179,0.1354312028203609,1910-01-01
1910.02,9.72,0.445,0.755,9.895165289,1910.1249999999645,3.9158333333333335,300.7083977978409,13.766999693419674,2112.062068998906,23.357493861869333,164.0542039191537,14.002037903032702,1910-02-01,18.92,,9.473844557027512,358.56884765105895,-16.13649658419989,-0.0357142857142857,7.7009748886326,0.14333333333333353,0.1992550534413876,80.07449465586124,17.607264589161478,3.3400687553066453,-1.0793869678283872,0.15579675162548512,1910-02-01
1910.03,9.96,0.4475,0.7525,10.08541488,1910.2083333332978,3.921666666666667,302.3207211878228,13.583185013207904,2131.3366816721873,22.8409982624334,161.02719407212058,14.050006965077824,1910-03-01,18.92,,11.578645593077397,358.56884765105895,-15.686841406248977,0.024691358024691468,7.858421537582825,0.13666666666666716,0.24516846475205029,75.48315352479497,17.578343795469742,3.341780198501137,-1.0558255243640668,0.16936816969446247,1910-03-01
1910.04,9.72,0.45,0.75,10.18058017,1910.291666666631,3.9274999999999998,292.27796945878765,13.531387474943873,2068.4856917353263,22.55231245823979,159.60537744871348,13.559883620820079,1910-04-01,18.92,,10.309694571232143,358.56884765105895,-18.48762898019022,-0.02409638554216864,7.4881415873009445,0.1299999999999999,0.24157731419480752,75.84226858051925,17.545936858577406,3.347675049785299,-1.1906929969242295,0.18186520486913374,1910-04-01
1910.05,9.56,0.4525,0.7475,9.990330579,1910.3749999999643,3.9333333333333336,292.9411471279803,13.865676681528356,2081.3564976052776,22.905178606502645,162.74204832217,13.568792287251453,1910-05-01,18.92,,7.143477591537573,358.56884765105895,-18.302677701366914,-0.016460905349794275,6.982135155623389,0.12333333333333396,0.1639476183439933,83.60523816560067,17.5141197020068,3.3530719075118065,-1.1766307205988404,0.15352005492723222,1910-05-01
1910.06,9.1,0.455,0.745,9.895165289,1910.4583333332976,3.9391666666666665,281.5274094609416,14.076370473047081,2008.5959385806243,23.048123082241922,164.43999716951265,13.019657302315943,1910-06-01,18.92,,5.050687434402912,358.56884765105895,-21.485814703314706,-0.04811715481171552,8.12845908997783,0.1166666666666667,0.17060558347550897,82.9394416524491,17.478449365501316,3.363549534854142,-1.3256210491274136,0.17151602773300165,1910-06-01
1910.07,8.64,0.4575,0.7425,9.895165289,1910.5416666666308,3.9450000000000003,267.2963535980808,14.153713167953933,1915.477651592855,22.970780387335072,164.61136068376098,12.34258125998522,1910-07-01,18.92,,5.050687434402912,358.56884765105895,-25.4546636303999,-0.05054945054945048,8.919152935012455,0.11000000000000032,0.2248397005122255,77.51602994877746,17.43800945915867,3.3810309211945384,-1.5070634720410088,0.21009221333127842,1910-07-01
1910.08,8.85,0.46,0.74,9.8,1910.624999999964,3.9508333333333336,276.4518749999999,14.369249999999997,1989.6681938039317,23.115749999999995,166.36773597908584,12.745055150886254,1910-08-01,18.92,,2.9997616530862414,358.56884765105895,-22.901312590036017,0.024305555555555358,8.926131772321352,0.10333333333333394,0.15700750748736958,84.29924925126303,17.40134575362529,3.3931431441663156,-1.3722647129533556,0.17333419057075944,1910-08-01
1910.09,8.91,0.4625,0.7375,9.704834711,1910.7083333332973,3.956666666666667,281.0553817993819,14.589013926174427,2031.55032057318,23.26356274714301,168.1558205861639,12.937161101070847,1910-09-01,18.92,,0.9903076352661522,358.56884765105895,-21.617456831361217,0.006779661016949268,9.031298180806537,0.09666666666666668,0.11674051484795189,88.32594851520481,17.36673967104735,3.402640113600368,-1.301806368611084,0.15257146435358923,1910-09-01
1910.1,9.32,0.465,0.735,9.419419835,1910.7916666666306,3.9625,302.8963938308202,15.112320078469034,2198.5265510892395,23.887215607902668,173.38165397538532,13.918866656445815,1910-10-01,18.92,,-3.8834710714285903,358.56884765105895,-15.526294095246207,0.04601571268237947,10.621224395360725,0.0900000000000003,0.08296009436964004,91.703990563036,17.34021757093503,3.402888912385752,-1.0054253907720194,0.11004250350560507,1910-10-01
1910.11,9.31,0.4675,0.7325,9.229089256,1910.8749999999638,3.9683333333333333,308.81129718700373,15.506904557994014,2250.838499491668,24.29691462830078,177.09336207063876,14.164523175780351,1910-11-01,18.92,,-6.7313280126856,358.56884765105895,-13.876707580708947,-0.0010729613733905241,10.637515496240365,0.08333333333333348,0.07508127942116267,92.49187205788373,17.315975628987285,3.401112126312095,-0.9265946949605943,0.09878698570095167,1910-11-01
1910.12,9.05,0.47,0.73,9.229089256,1910.958333333297,3.9741666666666666,300.1871363633066,15.589829181298793,2197.4485780483014,24.213990004995996,177.25275822931044,13.74147841778155,1910-12-01,18.92,,-7.619781117154966,358.56884765105895,-16.281869345372264,-0.027926960257787292,10.61436725821307,0.07666666666666622,0.08681926154512874,91.31807384548712,17.288896104659965,3.402360558052499,-1.042634261228606,0.11467108826765637,1910-12-01
1911.01,9.27,0.47,0.7183,9.229089256,1911.0416666666304,3.98,307.48450321412724,15.589829181298793,2260.377354086332,23.825902767929623,175.1487652039064,14.049215181401202,1911-01-01,18.92,,-6.7313280126856,358.56884765105895,-14.246732467580228,0.024309392265193353,11.067685107837958,0.06999999999999984,0.07991890905465283,92.00810909453472,17.26453760147757,3.4010694995508506,-0.945385685444237,0.10183028050702962,1911-01-01
1911.02,9.43,0.47,0.7067,8.94367438,1911.1249999999636,3.9825,322.77363892579456,16.08733937382009,2382.6258052026988,24.189197309529057,178.5579699402701,14.721488469928302,1911-02-01,18.92,,-9.615715162006733,358.56884765105895,-9.982799386994843,0.01725997842502691,10.806233922163338,0.06666666666666643,0.05986921031736777,94.01307896826322,17.24555962288392,3.3953738659745367,-0.7433853391668145,0.07336822054605292,1911-02-01
1911.03,9.32,0.47,0.695,9.038839669,1911.2083333332969,3.985,315.6498405193694,15.917964060526137,2339.8317283213323,23.538266004395034,174.48315999821094,14.370623221979534,1911-03-01,18.92,,-10.377116097379623,358.56884765105895,-11.96953037410996,-0.01166489925768821,10.42895766138031,0.06333333333333302,0.06542817285262471,93.45718271473753,17.224263797692036,3.391718410391431,-0.8413553928797908,0.08512251236896842,1911-03-01
1911.04,9.28,0.47,0.6833,8.753424793,1911.2916666666301,3.9875,324.54305225445023,16.436986482714612,2415.908436673527,23.89658056093382,177.88687874773933,14.752935420329353,1911-04-01,18.92,,-14.018409100156415,358.56884765105895,-9.489333950650643,-0.0042918454935623185,10.221433308819714,0.06000000000000005,0.05492818026668883,94.50718197333113,17.206092265505543,3.385771493708931,-0.724548850899825,0.0689215328465943,1911-04-01
1911.05,9.48,0.47,0.6717,8.753424793,1911.3749999999634,3.99,331.5375145875203,16.436986482714612,2478.1718814764463,23.490901745615755,175.58945704511905,15.047660591685043,1911-05-01,18.92,,-12.381029598760385,358.56884765105895,-7.5386730444146535,0.02155172413793105,10.398915783113246,0.05666666666666664,0.049381816703066135,95.06181832969338,17.190337289784228,3.3783375472172565,-0.6342399680766395,0.05710200106814641,1911-05-01
1911.06,9.67,0.47,0.66,8.753424793,1911.4583333332967,3.9924999999999997,338.1822538039368,16.436986482714612,2538.0784626478617,23.08172569913116,173.22976063573824,15.328355684719284,1911-06-01,18.92,,-11.538367098013202,358.56884765105895,-5.685545183490488,0.020042194092827037,9.135659338408317,0.05333333333333323,0.03888828058458175,96.11117194154183,17.176844669457672,3.3697150952434693,-0.5485594278719966,0.04403862412205605,1911-06-01
1911.07,9.63,0.47,0.6483,8.848509091,1911.54166666663,3.995,333.16435511135757,16.2603579337838,2510.588408179922,22.428914996749022,169.01500156002527,15.08311057870027,1911-07-01,18.92,,-10.577450375321362,358.56884765105895,-7.084969234255327,-0.00413650465356763,6.953303550734008,0.04999999999999982,0.0344783024547293,96.55216975452707,17.161781834272364,3.362177111955335,-0.6182515633042324,0.04936725203043189,1911-07-01
1911.08,9.17,0.47,0.6367,9.134004959,1911.6249999999632,3.9975,307.33387901590686,15.752118117500132,2325.83243867274,21.339092777473056,161.4893689970484,13.899790665654447,1911-08-01,18.92,,-6.795867765306129,358.56884765105895,-14.288739518445665,-0.047767393561786164,8.754488720369226,0.04666666666666641,0.06464783472118119,93.53521652788189,17.138481897353667,3.36138567996115,-0.9634988484084495,0.09582043974464173,1911-08-01
1911.09,8.67,0.47,0.625,9.229089256,1911.7083333332964,4.0,287.5825936209799,15.589829181298793,2186.190920640878,20.731155826195206,157.59738470594567,12.997953983252437,1911-09-01,18.92,,-4.9021489717981925,358.56884765105895,-19.797105770649463,-0.05452562704471098,10.464904309317708,0.043333333333333,0.10586401133240254,89.41359886675974,17.109116451154367,3.3674613008604743,-1.2208492097151706,0.1376629328195882,1911-09-01
1911.1,8.72,0.47,0.6133,9.229089256,1911.7916666666297,4.0024999999999995,289.24108608707553,15.589829181298793,2208.67481419226,20.343068589128826,155.34177334221474,13.066472850619194,1911-10-01,18.92,,-2.0206189163878507,358.56884765105895,-19.334574662060348,0.005767012687428075,9.147668206260606,0.03999999999999959,0.09143305268418414,90.85669473158158,17.080647130023838,3.37260475735189,-1.190229679494523,0.13017444174976614,1911-10-01
1911.11,9.07,0.47,0.6017,9.134004959,1911.874999999963,4.005,303.98236452282174,15.752118117500132,2331.2644726535486,20.166062704893257,154.65510840084235,13.727997586413094,1911-11-01,18.92,,-1.0302673900155823,358.56884765105895,-15.223431562955522,0.04013761467889898,10.216551375044444,0.036666666666666625,0.0784605652681771,92.15394347318228,17.057202028320265,3.3723825713859172,-0.987196550638974,0.10495335565863959,1911-11-01
1911.12,9.11,0.47,0.59,9.038839669,1911.9583333332962,4.0075,308.5375587050917,15.917964060526137,2376.3716213055054,19.982125097256215,153.90332124810627,13.929258419578236,1911-12-01,18.92,,-2.0614123639157045,358.56884765105895,-13.95304953950019,0.004410143329658167,9.817352949461068,0.03333333333333366,0.06991073168417707,93.0089268315823,17.035480197704,3.3706642744120234,-0.9215458809428927,0.09548400378696294,1911-12-01
1912.01,9.12,0.4708,0.5992,9.134004959,1912.0416666666295,4.01,305.6581217693643,15.778930233444816,2364.321563607845,20.082274842566125,155.34007466160313,13.794952631845822,1912-01-01,18.93,,-1.0302673900155823,358.56884765105895,-14.756085540700592,0.001097694840834329,9.482888754285492,0.029999999999999805,0.07122834370287269,92.87716562971274,17.013131731732564,3.3697032532441633,-0.9550333836632224,0.09983534799950838,1912-01-01
1912.02,9.04,0.4717,0.6083,9.229089256,1912.1249999999627,4.046666666666667,299.8554378700874,15.646217925146043,2329.5222708364195,20.17721934251927,156.75314129975598,13.531634369686595,1912-02-01,18.93,,3.1912485168092752,358.56884765105895,-16.374375567090098,-0.00877192982456143,9.291125135230835,0.06416666666666693,0.11367273855408097,88.6327261445919,16.989285859389785,3.3704020088568116,-1.0258869655955292,0.12406358632937885,1912-02-01
1912.03,9.3,0.4725,0.6175,9.419419835,1912.208333333296,4.083333333333333,302.24640156938074,15.356067176508857,2358.03877294495,20.06851107194544,156.56870347242005,13.639769173944167,1912-03-01,18.93,,4.210498027808307,358.56884765105895,-15.707568142252102,0.028761061946902755,9.756184143917835,0.09833333333333316,0.12832946324240765,87.16705367575923,16.966500031597636,3.370181844617314,-0.9871072277499678,0.12714065284610318,1912-03-01
1912.04,9.59,0.4733,0.6267,9.704834711,1912.2916666666292,4.12,302.50517524759516,14.929687116234282,2369.7640742407816,19.768508167640032,154.8624760507506,13.654392690553232,1912-04-01,18.93,,10.869002024908347,358.56884765105895,-15.635399664731084,0.03118279569892457,10.212692839624326,0.13250000000000028,0.271471325258782,72.85286747412181,16.94412092794193,3.3697153438088003,-0.9762629485701034,0.17816071216422913,1912-04-01
1912.05,9.58,0.4742,0.6358,9.704834711,1912.3749999999625,4.156666666666666,302.18973710865083,14.958076548739273,2377.0578736420334,20.055556874079354,157.7592271463053,13.645500685612367,1912-05-01,18.93,,10.869002024908347,358.56884765105895,-15.723371093652123,-0.0010427528675703845,10.016515841399135,0.16666666666666607,0.26875990741395706,73.12400925860429,16.921982537053815,3.3691667804748286,-0.9724902520200206,0.17893282306314556,1912-05-01
1912.06,9.58,0.475,0.645,9.609669421,1912.4583333332957,4.193333333333333,305.18234514822853,15.131692478643899,2410.5170230567983,20.547245576263823,162.29472650017067,13.785417404502525,1912-06-01,18.93,,9.781824237351389,358.56884765105895,-14.88877320284763,0.0,9.804875211573918,0.20083333333333364,0.22746439687506595,77.2535603124934,16.901072102836807,3.3675938909107614,-0.925187180895989,0.16158765492051125,1912-06-01
1912.07,9.59,0.4758,0.6542,9.609669421,1912.541666666629,4.23,305.5009070951474,15.157177434397404,2423.0099427013465,20.840322567429137,165.29020902139948,13.802876645015786,1912-07-01,18.93,,8.602130846813406,358.56884765105895,-14.799930586149129,0.0010438413361169019,9.797063047751395,0.23500000000000032,0.19993816469834128,80.00618353016587,16.88055425212276,3.365806342501797,-0.9143953317347849,0.15279051057516507,1912-07-01
1912.08,9.81,0.4767,0.6633,9.704834711,1912.6249999999623,4.266666666666667,309.44481430437,15.03693608347535,2464.2286316100235,20.92301175617621,166.61802766023735,13.984761763426272,1912-08-01,18.93,,6.249501227142917,358.56884765105895,-13.700028228468398,0.02294056308654846,8.49996051104953,0.26916666666666655,0.1297239303128655,87.02760696871346,16.861502985749755,3.3628554327591793,-0.8554459981537638,0.1239972667518449,1912-08-01
1912.09,9.86,0.4775,0.6725,9.8,1912.7083333332955,4.303333333333334,308.0017499999999,14.915906249999995,2462.6353800317524,21.007218749999993,167.96372140683098,13.92628500131587,1912-09-01,18.93,,6.185992227010284,358.56884765105895,-14.102479337599453,0.0050968399592252744,5.4010258384917895,0.3033333333333337,0.1002064163602207,89.97935836397794,16.842318554478947,3.3601647535929025,-0.8678245761744473,0.11695964241407451,1912-09-01
1912.1,9.84,0.4783,0.6817,9.8,1912.7916666666288,4.34,307.3769999999999,14.940896249999996,2467.595200950123,21.294603749999993,170.95118378940032,13.905092701178463,1912-10-01,18.93,,6.185992227010284,358.56884765105895,-14.276713659429879,-0.0020283975659228792,5.536179285238854,0.33750000000000036,0.10249522788011174,89.75047721198882,16.823245659327643,3.3575188905374724,-0.8691396990716683,0.11991314805518849,1912-10-01
1912.11,9.73,0.4792,0.6908,9.8,1912.874999999962,4.376666666666667,303.94087499999995,14.969009999999997,2450.0244519243874,21.578864999999993,173.94418205440562,13.74954101860653,1912-11-01,18.93,,7.291380330856678,358.56884765105895,-15.235002429497216,-0.011178861788617822,4.848077493017289,0.37166666666666703,0.11636200792128902,88.3637992078711,16.803415306806862,3.3556943964846493,-0.910057331620991,0.13083921491993725,1912-11-01
1912.12,9.38,0.48,0.7,9.704834711,1912.9583333332953,4.413333333333333,295.8809743297646,15.141030669326971,2395.225540431401,22.080669726101835,178.74817465905977,13.388999452579629,1912-12-01,18.93,,7.368147532078995,358.56884765105895,-17.482799672072737,-0.03597122302158273,6.4167935956790085,0.4058333333333328,0.1531143059671845,84.68856940328155,16.781528025690022,3.35600470535457,-1.0108831396146583,0.15622275544887823,1912-12-01
1913.01,9.3,0.48,0.6942,9.8,1913.0416666666285,4.45,290.50874999999996,14.993999999999994,2361.851124813165,21.685072499999997,176.30075815540852,13.148088791761557,1913-01-01,18.92,,7.291380330856678,358.56884765105895,-18.981040348851394,-0.008528784648187626,6.512774529166842,0.4400000000000004,0.1664309805844179,83.3569019415582,16.758385100633152,3.3577758659802535,-1.0752046750498703,0.16965604494880326,1913-01-01
1913.02,8.97,0.48,0.6883,9.8,1913.1249999999618,4.425833333333333,280.20037499999995,14.993999999999994,2288.2020037168404,21.500771249999996,175.58187727517293,12.682960516236756,1913-02-01,18.92,,6.185992227010284,358.56884765105895,-21.855906659053446,-0.03548387096774197,7.463791962465881,0.37916666666666643,0.18667503803704402,81.3324961962956,16.732591274149634,3.362731991636531,-1.204268067745136,0.18883454660823262,1913-02-01
1913.03,8.8,0.48,0.6825,9.8,1913.208333333295,4.401666666666667,274.88999999999993,14.993999999999994,2255.039655836886,21.319593749999996,174.89370058053123,12.443453515183657,1913-03-01,18.92,,4.040377981517174,358.56884765105895,-23.33689839461208,-0.018952062430323324,6.9340527255540145,0.31833333333333425,0.1528935501393502,84.71064498606498,16.705615564973744,3.3692876951190915,-1.2650038926519855,0.182134734521833,1913-03-01
1913.04,8.79,0.48,0.6767,9.8,1913.2916666666283,4.3775,274.5776249999999,14.993999999999994,2262.727291027239,21.138416249999995,174.1965367278877,12.433067081795162,1913-04-01,18.92,,0.9805967008601923,358.56884765105895,-23.4240155555273,-0.001136363636363824,5.781709346692089,0.2575000000000003,0.09713407701397497,90.2865922986025,16.678912136953876,3.375617633960599,-1.2577979841209326,0.16077325473252774,1913-04-01
1913.05,8.55,0.48,0.6708,9.7,1913.3749999999616,4.3533333333333335,269.83403350515465,15.148577319587625,2234.03948738908,21.170136804123707,175.27411557199937,12.221401061154124,1913-05-01,18.92,,-0.04981755118942388,358.56884765105895,-24.746939040353144,-0.027303754266211455,6.0705847541724856,0.1966666666666672,0.09594235448205711,90.40576455179429,16.651225732756362,3.383339976856942,-1.3093052137543273,0.16468951927048572,1913-05-01
1913.06,8.12,0.48,0.665,9.8,1913.4583333332948,4.3291666666666675,253.64849999999993,14.993999999999994,2110.379442723719,20.772937499999998,172.83279918858048,11.491962852761224,1913-06-01,18.92,,1.9806152601261395,358.56884765105895,-29.260865336846603,-0.05029239766081883,7.207594718266592,0.13583333333333414,0.17301129758216163,82.69887024178384,16.619378431028,3.3970867942394753,-1.5093566602306017,0.2119520308379896,1913-06-01
1913.07,8.23,0.48,0.6592,9.9,1913.541666666628,4.305,254.48781060606055,14.84254545454545,2127.653534295996,20.38376242424242,170.41910204227466,11.534022795459858,1913-07-01,18.92,,3.021233783188637,358.56884765105895,-29.02679296509461,0.013546798029556717,7.581255112435412,0.07499999999999929,0.19719420395454368,80.28057960454564,16.588179930196294,3.4099293783382305,-1.4821882138801041,0.21696443620956332,1913-07-01
1913.08,8.45,0.48,0.6533,9.9,1913.6249999999613,4.280833333333334,261.2906439393939,14.84254545454545,2194.869806339369,20.201322803030298,169.69330703923194,11.846840543564626,1913-08-01,18.92,,2.0110109529097864,358.56884765105895,-27.129574794052186,0.02673147023086253,7.781103353840339,0.014166666666667105,0.16177005440269468,83.82299455973053,16.559269324180246,3.4195552749230416,-1.3780823533322397,0.19279864301120406,1913-08-01
1913.09,8.53,0.48,0.6475,10.0,1913.7083333332946,4.256666666666667,261.12675749999994,14.694119999999995,2203.7791595177646,19.821755624999994,167.2856982166181,11.843316826625973,1913-09-01,18.92,,2.0408163265306145,358.56884765105895,-27.175280504536385,0.00946745562130169,7.8980283956843085,-0.046666666666666856,0.16432371706279025,83.56762829372097,16.53068779389204,3.42882581247419,-1.367048436876917,0.1951397034946585,1913-09-01
1913.1,8.26,0.48,0.6417,10.0,1913.7916666666279,4.2325,252.86131499999993,14.694119999999995,2144.3572126608965,19.644201674999998,166.59007546785685,11.471490240312288,1913-10-01,18.92,,2.0408163265306145,358.56884765105895,-29.48040058235294,-0.03165298944900352,8.053844516417431,-0.10749999999999993,0.18890412318590433,81.10958768140956,16.500210700195776,3.4408984982552577,-1.4614556234173577,0.2175496960268312,1913-10-01
1913.11,8.05,0.48,0.6358,10.1,1913.8749999999611,4.208333333333334,243.99271039603957,14.548633663366333,2079.4296562734226,19.270877673267325,164.2361957091481,11.072537845038006,1913-11-01,18.92,,3.0612244897959107,358.56884765105895,-31.953734409889133,-0.025423728813559254,8.120679111362795,-0.168333333333333,0.24057679298042656,75.94232070195734,16.46770966513495,3.456134180011596,-1.5610423493681727,0.25028304959259495,1913-11-01
1913.12,8.04,0.48,0.63,10.0,1913.9583333332944,4.184166666666667,246.1265099999999,14.694119999999995,2108.050874399521,19.286032499999997,165.18309090444012,11.17404087003679,1913-12-01,18.92,,3.0414252049593804,358.56884765105895,-31.35864657168495,-0.001242236024844967,7.901376626210969,-0.22916666666666607,0.22903599025673413,77.09640097432658,16.436199731830794,3.469890559131213,-1.5165201242287987,0.24554957944828168,1913-12-01
1914.01,8.37,0.475,0.6208,10.0,1914.0416666666276,4.16,256.22871749999996,14.541056249999997,2204.9539178070863,19.004395199999998,163.54066812122332,11.636092105046133,1914-01-01,18.99,,2.0408163265306145,358.56884765105895,-28.54127758768693,0.04104477611940305,9.556505429632539,-0.29000000000000004,0.2027024551877911,79.7297544812209,16.40779672812201,3.4791968130796236,-1.3714960318247083,0.22452724725416154,1914-01-01
1914.02,8.48,0.47,0.6117,9.9,1914.124999999961,4.166666666666667,262.218303030303,14.533325757575753,2266.918880334794,18.91496886363636,163.52291027132,11.910233879798238,1914-02-01,18.99,,1.0204081632652962,358.56884765105895,-26.870863225273666,0.0131421744324971,9.285928137655484,-0.2591666666666663,0.16192668918982678,83.80733108101732,16.381340476073046,3.485996704393702,-1.2825905975870509,0.20074740734280772,1914-02-01
1914.03,8.32,0.465,0.6025,9.9,1914.2083333332941,4.173333333333334,257.27078787878787,14.378715909090905,2234.5056829007617,18.63048674242424,161.8136627340996,11.685526018836827,1914-03-01,18.99,,1.0204081632652962,358.56884765105895,-28.25065825875906,-0.018867924528301883,9.284487432343107,-0.2283333333333335,0.17478034031646456,82.52196596835356,16.353879572814353,3.494229666013797,-1.3360179496452977,0.2109889104045579,1914-03-01
1914.04,8.12,0.46,0.5933,9.8,1914.2916666666274,4.18,253.64849999999993,14.369249999999997,2213.44483104012,18.533208749999996,161.72867219902747,11.522662536200235,1914-04-01,18.99,,0.0,358.56884765105895,-29.260865336846603,-0.024038461538461675,9.47891618811394,-0.19750000000000068,0.16778826710659206,83.2211732893408,16.32579110167125,3.5034184805777655,-1.3709833958171358,0.21243647017154027,1914-04-01
1914.05,8.17,0.455,0.5842,9.9,1914.3749999999607,4.1866666666666665,252.63249242424237,14.06949621212121,2214.810084223088,18.064614696969695,158.37112009830207,11.47900869416448,1914-05-01,18.99,,2.0618556701031077,358.56884765105895,-29.54421610265164,0.006157635467980427,9.255759792998576,-0.16666666666666696,0.209176647209274,79.0823352790726,16.297775018390862,3.512601427324256,-1.3718511547429117,0.2271829070365041,1914-05-01
1914.06,8.13,0.45,0.575,9.9,1914.458333333294,4.193333333333333,251.3956136363636,13.91488636363636,2214.1323577591274,17.78013257575757,156.5960769632839,11.428715168831886,1914-06-01,18.99,,1.0204081632652962,358.56884765105895,-29.889164861022984,-0.004895960832313251,7.738464675663358,-0.13583333333333414,0.16833297759791482,83.16670224020852,16.269791915807193,3.521831929224243,-1.3745905097866653,0.21345611646438514,1914-06-01
1914.07,7.68,0.445,0.5658,10.0,1914.5416666666272,4.2,235.1059199999999,13.622673749999999,2080.6614362482687,17.320693949999995,153.28622924860292,10.694345183040136,1914-07-01,18.99,,1.0101010101010166,358.56884765105895,-34.432140008773686,-0.055350553505535194,9.353380470919552,-0.10499999999999954,0.2433305270804472,75.66694729195528,16.23793222019138,3.5368981946624856,-1.5673583835455147,0.2612638845220249,1914-07-01
1914.08,7.68,0.44,0.5567,10.2,1914.6249999999604,4.206666666666667,230.49599999999995,13.205499999999999,2049.6030879437053,16.70795875,148.56953633571104,10.492046265076436,1914-08-01,18.99,,3.0303030303030276,358.56884765105895,-35.717784322327134,0.0,8.711205386874846,-0.07416666666666671,0.3007658865622177,69.92341134377823,16.205285140900955,3.5532733537012566,-1.6078804828998987,0.28663823190841187,1914-08-01
1914.09,7.68,0.435,0.5475,10.2,1914.7083333332937,4.213333333333333,230.49599999999995,13.055437499999996,2059.277321268961,16.43184375,146.80394966077554,10.500497301802131,1914-09-01,18.99,,2.0000000000000018,358.56884765105895,-35.717784322327134,0.0,8.558505258708795,-0.04333333333333389,0.26967006136185595,73.03299386381441,16.173054701132035,3.5690169686323534,-1.589389305006198,0.2745984430882853,1914-09-01
1914.1,7.68,0.43,0.5383,10.1,1914.791666666627,4.220000000000001,232.77813861386133,13.033150990099008,2089.3695093318006,16.315686460396037,146.44630297829536,10.61275946612622,1914-10-01,18.99,,1.0000000000000009,358.56884765105895,-35.08132674136007,0.0,8.199219563331443,-0.01249999999999929,0.23005696237467177,76.99430376253282,16.141817087452225,3.58323974095549,-1.5430331267345374,0.25639532053793546,1914-10-01
1914.11,7.68,0.425,0.5292,10.2,1914.8749999999602,4.226666666666667,230.49599999999995,12.755312499999997,2078.426253379668,15.882614999999998,143.21655902194277,10.51691764299212,1914-11-01,18.99,,0.990099009900991,358.56884765105895,-35.717784322327134,0.0,7.924631005648351,0.018333333333332646,0.23248397217623468,76.75160278237654,16.110393068209433,3.597809245321033,-1.5546892688909655,0.26064581187331776,1914-11-01
1914.12,7.35,0.42,0.52,10.1,1914.9583333332935,4.233333333333333,222.77595297029697,12.730054455445543,2018.378898364406,15.761019801980197,142.79687444210765,10.172217991997861,1914-12-01,18.99,,1.0000000000000009,358.56884765105895,-37.870800982942264,-0.04296875,8.83174770950743,0.04916666666666636,0.2771241623055873,72.28758376944127,16.077403206674923,3.614943540021265,-1.633548394131302,0.28819121172166684,1914-12-01
1915.01,7.48,0.4208,0.55,10.1,1915.0416666666267,4.24,226.71620792079204,12.75430217821782,2063.707752353978,16.670309405940593,151.74321708485132,10.359834197757266,1915-01-01,18.99,,1.0000000000000009,358.56884765105895,-36.77191719080382,0.017687074829932037,7.674335013696945,0.08000000000000007,0.24089626809510656,75.91037319048934,16.04581442762013,3.629852454230908,-1.566449408497406,0.27117327978730643,1915-01-01
1915.02,7.38,0.4217,0.58,10.0,1915.12499999996,4.224166666666667,225.92209499999996,12.909396675,2066.271683920592,17.755394999999996,162.3899155384747,10.32978620966069,1915-02-01,18.99,,1.0101010101010166,358.56884765105895,-36.99338453968095,-0.013368983957219305,7.2843353633994825,0.05750000000000011,0.23673558167091135,76.32644183290887,16.014407679169803,3.6445241205663965,-1.559770571260663,0.2699806262832238,1915-02-01
1915.03,7.57,0.4225,0.61,9.9,1915.2083333332932,4.208333333333334,234.07931060606055,13.064532196969692,2150.8344460162034,18.86240151515151,173.31691044516305,10.70701318868281,1915-03-01,18.99,,0.0,358.56884765105895,-34.7184474782219,0.0257452574525745,8.099516759021657,0.03500000000000014,0.20173508191959028,79.82649180804098,15.985405523484081,3.6556122427585978,-1.4439147218792798,0.24551201606296608,1915-03-01
1915.04,8.14,0.4233,0.64,10.0,1915.2916666666265,4.1925,249.187785,12.958377074999998,2299.5807721134174,19.592159999999996,180.8024194290647,11.401123789000183,1915-04-01,18.99,,2.0408163265306145,358.56884765105895,-30.504898394715834,0.07529722589167775,11.341088021338233,0.012500000000000178,0.2572860528701998,74.27139471298003,15.960490948840148,3.6612418253858046,-1.2453062040936125,0.2430433604781491,1915-04-01
1915.05,7.95,0.4242,0.67,10.1,1915.3749999999598,4.176666666666667,240.9617450495049,12.857354999999998,2233.556002456501,20.307467821782176,188.23679517557935,11.02692987647131,1915-05-01,18.99,,2.020202020202011,358.56884765105895,-32.79902963461101,-0.023341523341523396,11.56738705243657,-0.009999999999999787,0.2916675230636248,70.83324769363753,15.933823051151668,3.669251670371576,-1.3373007946831428,0.26645378124532376,1915-05-01
1915.06,8.04,0.425,0.7,10.1,1915.458333333293,4.160833333333333,243.68961386138608,12.881602722772275,2268.7918702101383,21.21675742574257,197.53163049093246,11.154262189096338,1915-06-01,18.99,,2.020202020202011,358.56884765105895,-32.03826393236133,0.011320754716980908,11.633011033157798,-0.03250000000000064,0.28262974851949335,71.73702514805068,15.908126487377176,3.676064598673727,-1.2931938954489448,0.2603304816436294,1915-06-01
1915.07,8.01,0.4258,0.73,10.1,1915.5416666666263,4.145,242.78032425742572,12.905850445544553,2270.3392013156513,22.126047029702963,206.90981485148876,11.1136293939496,1915-07-01,18.99,,1.0000000000000009,358.56884765105895,-32.29185249977788,-0.003731343283582045,10.005091553554722,-0.055000000000000604,0.22910578048553135,77.08942195144687,15.882487465487188,3.6828961684445267,-1.2948662827906219,0.24370878566882542,1915-07-01
1915.08,8.35,0.4267,0.76,10.1,1915.6249999999595,4.129166666666666,253.0856064356435,12.933129133663364,2376.786742707341,23.035336633663363,216.3302903542011,11.584831641604596,1915-08-01,18.99,,-0.9803921568627416,358.56884765105895,-29.417848735723517,0.0424469413233457,10.701392752852067,-0.07750000000000057,0.18714472852395553,81.28552714760444,15.859627594083557,3.686385053489262,-1.1596173189864558,0.21549614866200204,1915-08-01
1915.09,8.66,0.4275,0.79,10.1,1915.7083333332928,4.113333333333333,262.48159900990095,12.95737685643564,2475.1672119226973,23.94462623762376,225.79469947100822,12.011570757825888,1915-09-01,18.99,,-0.9803921568627416,358.56884765105895,-26.79743353908571,0.037125748502994105,11.058460494588571,-0.09999999999999964,0.16691397040260342,83.30860295973966,15.83926750500283,3.687207251444155,-1.0381018711865904,0.1961570573363397,1915-09-01
1915.1,9.14,0.4283,0.82,10.2,1915.791666666626,4.0975,274.31424999999996,12.854353749999998,2596.8488058287053,24.610249999999997,232.9776827986366,12.549076133220147,1915-10-01,18.99,,0.990099009900991,358.56884765105895,-23.497467279436194,0.05542725173210172,11.844495183686325,-0.1225000000000005,0.1656135693989879,83.43864306010121,15.821950708309238,3.6851782917441707,-0.888118380166638,0.18004583568682672,1915-10-01
1915.11,9.46,0.4292,0.85,10.3,1915.8749999999593,4.081666666666667,281.1617621359223,12.756303203883492,2671.735435335619,25.262949029126204,240.06079492973316,12.857714453559307,1915-11-01,18.99,,0.9803921568627638,358.56884765105895,-21.587788794877493,0.03501094091903734,11.873804177730579,-0.14499999999999957,0.14896844429995332,85.10315557000467,15.806431146766045,3.681720544480971,-0.8009072545245097,0.1655153994793711,1915-11-01
1915.12,9.48,0.43,0.88,10.3,1915.9583333332926,4.065833333333333,281.75618446601936,12.780080097087376,2687.504134610415,26.154582524271838,249.47295764316084,12.878444602185981,1915-12-01,18.99,,1.980198019801982,358.56884765105895,-21.422012449834956,0.0021141649048626032,10.064197251210159,-0.16750000000000043,0.1416783325284608,85.83216674715392,15.791181216846356,3.678144753058117,-0.7919037477354964,0.16297872863413607,1915-12-01
1916.01,9.33,0.4408,0.9342,10.4,1916.0416666666258,4.05,274.6316899038461,12.975096346153842,2629.861306998572,27.49849139423076,263.3243765271239,12.543563692516168,1916-01-01,18.99,,2.970297029702973,358.56884765105895,-23.408937585368886,-0.015822784810126667,10.748598362420633,-0.1900000000000004,0.1871699954401605,81.28300045598395,15.774354183041535,3.6759943363470122,-0.8788888651378982,0.1896791863309006,1916-01-01
1916.02,9.2,0.4517,0.9883,10.4,1916.124999999959,4.0649999999999995,270.8050961538461,13.295941514423074,2603.828122945816,29.090943100961532,279.71340585949457,12.354652326458789,1916-02-01,18.99,,4.0000000000000036,358.56884765105895,-24.47612280658026,-0.01393354769560562,10.76728827709398,-0.15916666666666757,0.2212845422007399,77.87154577992601,15.756726853883894,3.6746699671072562,-0.9258177082235384,0.20579895380316027,1916-02-01
1916.03,9.17,0.4625,1.042,10.5,1916.2083333332923,4.08,267.35134999999997,13.484187499999997,2581.4242394932103,30.379509999999993,293.3308677810169,12.177052795748478,1916-03-01,18.99,,6.060606060606055,358.56884765105895,-25.43932587803256,-0.003260869565217317,10.957246989119508,-0.12833333333333385,0.2890012960027923,71.09987039972077,15.738369551021659,3.6741404991567803,-0.9692924797215858,0.23315958299114012,1916-03-01
1916.04,9.07,0.4733,1.097,10.6,1916.2916666666256,4.095,261.9411721698113,13.668881674528299,2540.184379221817,31.681308254716978,307.23067960378535,11.906481776593179,1916-04-01,18.99,,6.000000000000005,358.56884765105895,-26.948151272550263,-0.010905125408942173,9.159011515511523,-0.09750000000000014,0.27139519625851,72.860480374149,15.718819103192944,3.6749144625366053,-1.0373948469995964,0.23338532505322981,1916-04-01
1916.05,9.27,0.4842,1.151,10.7,1916.3749999999588,4.109999999999999,265.21513317757007,13.852984626168222,2583.128726024288,32.93016378504673,320.7315171147741,12.026256671905157,1916-05-01,18.99,,5.940594059405946,358.56884765105895,-26.03508784576177,0.022050716648291058,8.49084557452925,-0.06666666666666732,0.2454249191994719,75.4575080800528,15.700075131460519,3.6749566732698398,-0.9996902783309646,0.21857416094862403,1916-05-01
1916.06,9.36,0.495,1.205,10.8,1916.458333333292,4.125,265.3104999999999,14.030843749999995,2595.44564914932,34.15589236111111,334.13589820779185,11.995961222946578,1916-06-01,18.99,,6.930693069306937,358.56884765105895,-26.00849132934531,0.009708737864077666,8.496170139002016,-0.03583333333333272,0.2704400385865522,72.95599614134478,15.681367485457923,3.675057407249369,-1.0028159710489315,0.2260402201520198,1916-06-01
1916.07,9.23,0.5058,1.259,10.8,1916.5416666666254,4.140000000000001,261.6256319444444,14.336971249999998,2571.085617068363,35.686529861111104,350.70387777779723,11.791165275254547,1916-07-01,18.99,,6.930693069306937,358.56884765105895,-27.036151171993268,-0.013888888888888729,8.770912947609023,-0.004999999999999005,0.2897895802162919,71.0210419783708,15.66181873063278,3.6761233925821775,-1.0529171744312458,0.23679460893566845,1916-07-01
1916.08,9.3,0.5167,1.313,10.9,1916.6249999999586,4.155,261.19135321100913,14.511566903669722,2578.7019921362494,36.875725458715586,364.06835652418226,11.73208263887416,1916-08-01,18.99,,7.920792079207928,358.56884765105895,-27.15726563474713,0.007583965330444142,8.127437343792877,0.02583333333333382,0.30562224557285045,69.43777544271495,15.642170050173986,3.677388797156597,-1.0632782191328678,0.24372286412423333,1916-08-01
1916.09,9.68,0.5275,1.368,11.1,1916.7083333332919,4.17,266.9652432432432,14.54795101351351,2647.6758588513067,37.72814594594594,374.17567922609373,11.94455241750447,1916-09-01,18.99,,9.90099009900991,358.56884765105895,-25.54700582828091,0.04086021505376336,8.274331866488799,0.05666666666666664,0.3431470550215783,65.68529449784218,15.623773942548764,3.677443975855116,-1.00048336540294,0.2499614983989569,1916-09-01
1916.1,9.98,0.5383,1.422,11.3,1916.7916666666251,4.1850000000000005,270.3674734513274,14.583047190265484,2693.470589053593,38.523301327433614,383.7790759152513,12.045741763370797,1916-10-01,18.99,,10.784313725490202,358.56884765105895,-24.59816985706596,0.030991735537190257,7.070494986413742,0.08750000000000036,0.3284587875620178,67.15412124379823,15.606060911958776,3.676913165391981,-0.9682902446809423,0.24123267493203604,1916-10-01
1916.11,10.21,0.5492,1.476,11.5,1916.8749999999584,4.2,271.7879804347826,14.61958460869565,2719.7590528792407,39.29079913043478,393.1796632761762,12.053230403230497,1916-11-01,18.99,,11.650485436893199,358.56884765105895,-24.202009679526626,0.023046092184368705,6.652276948634846,0.11833333333333318,0.33896567139626127,66.10343286037389,15.588559283836961,3.676267343876469,-0.9616626186055905,0.24408553338632455,1916-11-01
1916.12,9.8,0.56,1.53,11.6,1916.9583333332916,4.215,258.6249568965517,14.778568965517241,2600.361792736462,40.37716163793103,405.9748513149783,11.41355918884949,1916-12-01,18.99,,12.621359223300965,358.56884765105895,-27.8729988422663,-0.04015670910871694,8.136819883976774,0.1491666666666669,0.46374618614864943,53.625381385135064,15.568093597096826,3.678832662791561,-1.129307796537504,0.3072699093633588,1916-12-01
1917.01,9.57,0.5708,1.509,11.7,1917.041666666625,4.23,250.39659615384613,14.93483564102564,2530.142801583037,39.48259807692307,398.95355147218413,10.992361427383424,1917-01-01,18.99,,12.5,358.56884765105895,-30.167777319707533,-0.0234693877551021,8.362813220190883,0.1800000000000006,0.5035332270211728,49.646677297882725,15.545772952366516,3.683693913485939,-1.2360993155031508,0.3338255160559481,1917-01-01
1917.02,9.03,0.5817,1.488,12.0,1917.1249999999582,4.258333333333333,230.36094374999993,14.839530562499997,2340.1872744343277,37.95980999999999,385.6255442257231,10.063187738735728,1917-02-01,18.99,,15.384615384615374,358.56884765105895,-35.755449683075774,-0.056426332288401326,10.154935911136148,0.19333333333333336,0.7107830675869141,28.92169324130859,15.519158461038213,3.69449913926214,-1.4767822420963248,0.4348013220707988,1917-02-01
1917.03,9.31,0.5925,1.468,12.0,1917.2083333332914,4.286666666666667,237.50391874999994,15.1150453125,2425.547095421792,37.44959749999999,382.46005758100864,10.327157080107876,1917-03-01,18.99,,14.28571428571428,358.56884765105895,-33.76337060348122,0.03100775193798455,10.643869484046355,0.206666666666667,0.672615875206882,32.7384124793118,15.494076328763187,3.703146162600433,-1.3952782368781749,0.41198240933981484,1917-03-01
1917.04,9.17,0.6033,1.447,12.6,1917.2916666666247,4.315000000000001,222.79279166666663,14.657676249999996,2287.7818265296064,35.15607083333333,361.005485603963,9.644531197281234,1917-04-01,18.99,,18.867924528301884,358.56884765105895,-37.86610489836047,-0.015037593984962516,10.705104702014564,0.22000000000000153,0.7493065805399419,25.069341946005807,15.465953515631062,3.7163892935470457,-1.566418870180758,0.459837827680782,1917-04-01
1917.05,8.86,0.6142,1.426,12.8,1917.374999999958,4.343333333333334,211.89762890624993,14.689336757812496,2188.4731577512125,34.10451679687499,352.23055563806196,9.138988813373578,1917-05-01,18.99,,19.62616822429908,358.56884765105895,-40.90461837542062,-0.03380588876772084,10.9808133845735,0.23333333333333428,0.7900216461571465,20.997835384285345,15.435680957247055,3.733186455270683,-1.6866803250567675,0.4897806680321044,1917-05-01
1917.06,9.04,0.625,1.405,13.0,1917.4583333332912,4.371666666666667,212.8763538461538,14.717668269230767,2211.2483776252457,33.08531826923076,343.6730055933042,9.148220259539583,1917-06-01,18.99,,20.370370370370374,358.56884765105895,-40.631665232303085,0.020316027088036037,11.16753237891837,0.24666666666666703,0.7901004356903369,20.989956430966306,15.40574066821035,3.7494328658714227,-1.668924510058251,0.48894347865313337,1917-06-01
1917.07,8.79,0.6358,1.384,12.8,1917.5416666666245,4.4,210.22349414062492,15.205926914062497,2196.8544588254067,33.10003593749999,345.8983584771744,9.003472377228805,1917-07-01,18.99,,18.518518518518512,358.56884765105895,-41.371511909700594,-0.027654867256637128,11.40416557259113,0.2599999999999998,0.8019485091774349,19.805149082256513,15.375398164461625,3.7663727421540014,-1.6917937292602363,0.4972895377606051,1917-07-01
1917.08,8.53,0.6467,1.363,13.0,1917.6249999999577,4.428333333333334,200.86673653846148,15.22866571153846,2112.3372427538616,32.09629096153846,337.5282135842337,8.57268046675378,1917-08-01,18.99,,19.266055045871553,358.56884765105895,-43.98098500348953,-0.029579067121729197,11.611561236923235,0.27333333333333343,0.8310689037211892,16.893109627881074,15.3433098734347,3.786373074421135,-1.7881569706957683,0.5210290413198638,1917-08-01
1917.09,8.12,0.6575,1.343,13.3,1917.708333333291,4.456666666666667,186.89889473684204,15.13374671052631,1978.7121927941264,30.911972368421043,327.2672998673044,7.950823264217066,1917-09-01,18.99,,19.81981981981984,358.56884765105895,-47.87642709030803,-0.04806565064478319,11.032208831410244,0.28666666666666707,0.8575370829803456,14.246291701965442,15.30860336353227,3.811241647727961,-1.9305467297518337,0.5502701144946611,1917-09-01
1917.1,7.68,0.6683,1.322,13.5,1917.7916666666242,4.485,174.15253333333328,15.154445055555552,1857.1356385061033,29.977818888888887,319.67881694076425,7.387133711108147,1917-10-01,18.99,,19.469026548672552,358.56884765105895,-51.431214821313844,-0.054187192118226535,10.51285512360848,0.2999999999999998,0.8786846976974797,12.13153023025203,15.271587150203187,3.8406497597329214,-2.0528957161778076,0.5759457183006871,1917-10-01
1917.11,7.04,0.6792,1.301,13.5,1917.8749999999575,4.513333333333334,159.6398222222222,15.401614666666664,1716.0610380497933,29.501620555555547,317.1300299009632,6.753013604774308,1917-11-01,18.99,,17.391304347826097,358.56884765105895,-55.478613586204354,-0.08333333333333326,11.002972434927903,0.31333333333333346,0.9087835325242227,9.121646747577728,15.231965877898865,3.8754585929505416,-2.1878577901845655,0.6072173043144997,1917-11-01
1917.12,6.8,0.69,1.28,13.7,1917.9583333332907,4.541666666666667,151.94649635036492,15.418100364963498,1647.1725248191476,28.60169343065693,310.05600467183956,6.412593898119818,1917-12-01,18.99,,18.10344827586208,358.56884765105895,-57.624178077446494,-0.03409090909090917,10.958717112253598,0.3266666666666671,0.9196413179548112,8.03586820451888,15.191135452066556,3.912725568098119,-2.243587341141785,0.6222453516714164,1917-12-01
1918.01,7.21,0.68,1.256,14.0,1918.041666666624,4.57,157.65566249999998,14.869049999999998,1722.4949098826567,27.464009999999995,300.06291356624365,6.640646028655352,1918-01-01,18.99,,19.658119658119656,358.56884765105895,-56.03196888609172,0.06029411764705883,14.18900263711331,0.33999999999999986,0.9342795069563999,6.5720493043600055,15.151732275000144,3.9465758410565326,-2.156574861124752,0.6199076718651986,1918-01-01
1918.02,7.43,0.67,1.232,14.1,1918.1249999999573,4.564166666666667,161.31399468085104,14.546484042553189,1775.7088498101753,26.748161702127653,294.4378604261286,6.784343551630282,1918-02-01,18.99,,17.500000000000004,358.56884765105895,-55.0117095398556,0.030513176144244092,14.582454907925404,0.30583333333333407,0.9324969307860712,6.750306921392879,15.113349757920465,3.978045499039508,-2.0937433240271406,0.612901223474403,1918-02-01
1918.03,7.28,0.66,1.208,14.0,1918.2083333332905,4.558333333333334,159.1863,14.431724999999998,1765.5260933315003,26.414429999999992,292.96092317918294,6.686355760455894,1918-03-01,18.99,,16.666666666666675,358.56884765105895,-55.605094797607165,-0.020188425302826274,13.679553702139833,0.2716666666666665,0.9292326689494739,7.076733105052613,15.074870333274509,4.009553695398447,-2.0921317458463444,0.6134444081203516,1918-03-01
1918.04,7.21,0.65,1.183,14.2,1918.2916666666238,4.5525,155.43516021126757,14.01287852112676,1736.873753562961,25.503438908450704,284.9821984001363,6.520727730547159,1918-04-01,18.99,,12.698412698412698,358.56884765105895,-56.65123692994959,-0.009615384615384692,13.709857332633039,0.23749999999999893,0.9122047085582593,8.77952914417407,15.035987866898477,4.041746927687055,-2.106826649145075,0.6114340826451387,1918-04-01
1918.05,7.44,0.64,1.159,14.5,1918.374999999957,4.546666666666667,157.07507586206893,13.511834482758617,1767.7806753626162,24.469087758620685,275.38411327221405,6.5823632316210805,1918-05-01,18.99,,13.28125,358.56884765105895,-56.19388664379276,0.03190013869625519,14.493944724029792,0.20333333333333314,0.9217587779479299,7.824122205207007,14.997736171716225,4.072447720417198,-2.06641644480903,0.6112100055007392,1918-05-01
1918.06,7.45,0.63,1.135,14.7,1918.4583333332903,4.5408333333333335,155.14624999999998,13.119749999999998,1758.3775006872797,23.636374999999994,267.88704205101504,6.496291318641057,1918-06-01,18.99,,13.076923076923075,358.56884765105895,-56.731810078777265,0.0013440860215052641,14.128618402596956,0.16916666666666647,0.9197217353889782,8.027826461102183,14.95944137508075,4.103089939993846,-2.0626284532413606,0.6119054077800287,1918-06-01
1918.07,7.51,0.62,1.111,15.1,1918.5416666666235,4.535,152.25281622516553,12.569473509933772,1737.4557860806754,22.523685596026485,257.0324072351039,6.371324093848989,1918-07-01,18.99,,17.96875,358.56884765105895,-57.53874960902062,0.00805369127516764,14.236657958038384,0.1349999999999998,0.9404522540059083,5.954774599409173,14.920929638393613,4.134036220257941,-2.0681012669045207,0.621914536947171,1918-07-01
1918.08,7.58,0.61,1.087,15.4,1918.6249999999568,4.529166666666667,150.67834090909088,12.125829545454543,1731.0197353054891,21.607830681818175,248.23462431095865,6.303073760914594,1918-08-01,18.99,,18.461538461538463,358.56884765105895,-57.977849471261536,0.009320905459387463,14.251444373742636,0.10083333333333311,0.942151273087438,5.784872691256204,14.88245706751201,4.164753128888994,-2.05999804576318,0.6234234429369109,1918-08-01
1918.09,7.54,0.6,1.063,15.7,1918.70833333329,4.523333333333333,147.0191942675159,11.699140127388532,1700.1829553208865,20.726976592356685,239.6942283164592,6.149170562431681,1918-09-01,18.99,,18.045112781954884,358.56884765105895,-58.9983359595735,-0.00527704485488123,13.599487976678331,0.06666666666666643,0.9423056908967531,5.769430910324691,14.843642460822766,4.19603549995555,-2.072068241196527,0.627298671611731,1918-09-01
1918.1,7.86,0.59,1.038,16.0,1918.7916666666233,4.5175,150.38513437499998,11.288451562499997,1749.986543535335,19.8600215625,231.10509315390303,6.290515321191322,1918-10-01,18.99,,18.518518518518512,358.56884765105895,-58.05962080639332,0.04244031830238737,13.249218383341416,0.03249999999999975,0.9367643318347318,6.3235668165268155,14.805796765514662,4.225181759249223,-2.015364528563247,0.6193843701741228,1918-10-01
1918.11,8.06,0.58,1.014,16.3,1918.8749999999566,4.511666666666667,151.37347546012268,10.892880368098156,1772.0506687687716,19.043759815950914,222.93540671607124,6.3333274953541565,1918-11-01,18.99,,20.740740740740748,358.56884765105895,-57.78398585048535,0.025445292620865256,9.480914445498504,-0.0016666666666669272,0.9089066151576994,9.109338484230056,14.768473112342146,4.253162651587993,-1.9832642924762307,0.6070997445576215,1918-11-01
1918.12,7.9,0.57,0.99,16.5,1918.9583333332898,4.505833333333333,146.57013636363635,10.575313636363633,1726.1371144270167,18.367649999999994,216.3133852256641,6.134580411283435,1918-12-01,18.99,,20.43795620437956,358.56884765105895,-59.12357213299495,-0.01985111662531014,8.814509419162249,-0.035833333333333606,0.9107658818848092,8.923411811519077,14.730605161898907,4.282131642987455,-2.0074172088316287,0.6157296693246579,1918-12-01
1919.01,7.85,0.5667,0.985,16.5,1919.041666666623,4.5,145.64247727272726,10.514088136363634,1725.5307814532782,18.27488409090909,216.51564582566613,6.098467639950106,1919-01-01,19.95,,17.85714285714286,358.56884765105895,-59.38228370177347,-0.006329113924050778,7.289666407877339,-0.07000000000000028,0.8991472746948688,10.085272530513123,14.692910238222275,4.310639774238487,-1.9937742535655176,0.6142379646520714,1919-01-01
1919.02,7.88,0.5633,0.98,16.2,1919.1249999999563,4.539166666666667,148.90646296296296,10.644544490740738,1774.7110206982397,18.51882407407407,220.71279191424807,6.2396927713649815,1919-02-01,19.95,,14.893617021276583,358.56884765105895,-58.472002256071285,0.003821656050955413,6.837599683187808,-0.025000000000000355,0.8877248269263208,11.227517307367918,14.656157118801156,4.337182835616754,-1.9405371335329795,0.6040012007045688,1919-02-01
1919.03,8.12,0.56,0.975,16.4,1919.2083333332896,4.578333333333333,151.5704451219512,10.453134146341464,1816.8431041721637,18.199653201219512,218.15542199111573,6.3560740048691455,1919-03-01,19.95,,17.142857142857125,358.56884765105895,-57.729053676896136,0.030456852791878042,6.668675924064265,0.019999999999999574,0.8824119059080169,11.758809409198312,14.620226023069849,4.3620635484020145,-1.8945510367972904,0.5982394354522866,1919-03-01
1919.04,8.39,0.5567,0.97,16.7,1919.2916666666229,4.6175,153.79698952095805,10.20486103293413,1853.7258516587488,17.78105838323353,214.31633803444413,6.456139555819275,1919-04-01,19.95,,17.6056338028169,358.56884765105895,-57.1081005702354,0.03325123152709386,6.719158327517616,0.0649999999999995,0.878587593007036,12.141240699296397,14.58503599519377,4.385489969754509,-1.853589107588253,0.5954836604036396,1919-04-01
1919.05,8.97,0.5533,0.965,16.9,1919.3749999999561,4.656666666666666,162.48305769230768,10.022505665680473,1968.4864677651835,17.48006139053254,211.7713981486513,6.829002261482033,1919-05-01,19.95,,16.551724137931025,358.56884765105895,-54.685673683948146,0.06912991656734202,8.628806523295765,0.10999999999999943,0.8816962595832887,11.830374041671131,14.551748296765822,4.405428921663984,-1.7530066135686997,0.5861470592738917,1919-05-01
1919.06,9.21,0.55,0.96,16.9,1919.4583333332894,4.695833333333333,166.8304304733728,9.962729289940828,2031.213229047556,17.38949112426035,211.72255156196016,7.021615214784134,1919-06-01,19.95,,14.965986394557817,358.56884765105895,-53.47325023736481,0.026755852842809347,8.532116354956166,0.15499999999999936,0.8714185490920671,12.858145090793293,14.519568240859916,4.423440831674208,-1.6950499195979787,0.5781752433690475,1919-06-01
1919.07,9.51,0.5467,0.955,17.4,1919.5416666666226,4.734999999999999,167.31451293103447,9.618385301724135,2046.8659927956776,16.80182543103448,205.54753134804122,7.052837165446312,1919-07-01,19.95,,15.231788079470189,358.56884765105895,-53.338246189792685,0.03257328990227992,8.569351782200371,0.1999999999999993,0.8713354334843385,12.86645665156615,14.487794917134753,4.4407716366068435,-1.674249063023072,0.5791586326684818,1919-07-01
1919.08,8.87,0.5433,0.95,17.7,1919.624999999956,4.774166666666666,153.409656779661,9.396557669491525,1886.338459796906,16.4305720338983,202.0317403390147,6.4791311017052795,1919-08-01,19.95,,14.935064935064934,358.56884765105895,-57.21612243098389,-0.06729758149316512,12.256909168615959,0.24499999999999922,0.926316772668235,7.368322733176502,14.453859900967679,4.461872930107249,-1.7873052245507837,0.6194789825888017,1919-08-01
1919.09,9.01,0.54,0.945,17.8,1919.7083333332891,4.813333333333333,154.95554915730335,9.287014044943819,1914.863047618278,16.25227457865168,200.83746725852077,6.558481672061264,1919-09-01,19.95,,13.375796178343968,358.56884765105895,-56.78499396353075,0.015783540022547893,12.079723913778313,0.28999999999999915,0.906960785317687,9.303921468231302,14.420546068778199,4.481849852891454,-1.7542007552182375,0.6122362446788441,1919-09-01
1919.1,9.47,0.5367,0.94,18.1,1919.7916666666224,4.852499999999999,160.16726104972372,9.07727233425414,1988.6144709153536,15.89833425414364,197.39151031261162,6.794704199949302,1919-10-01,19.95,,13.125000000000009,358.56884765105895,-55.331518033716534,0.05105438401775819,12.317555797567953,0.3349999999999991,0.8975711009874345,10.242889901256547,14.388504716388164,4.499618340324004,-1.6876543613456902,0.6033699755141847,1919-10-01
1919.11,9.19,0.5333,0.935,18.5,1919.8749999999557,4.891666666666667,152.070904054054,8.824745716216214,1897.2217949013514,15.471849324324323,193.0252859883312,6.467022574133132,1919-11-01,19.95,,13.496932515337413,358.56884765105895,-57.589482452183994,-0.029567053854276826,13.07395698066666,0.3799999999999999,0.9202893941431881,7.9710605856811885,14.355360439642325,4.519297224483418,-1.7454788817106128,0.6242987002110357,1919-11-01
1919.12,8.92,0.53,0.93,18.9,1919.958333333289,4.930833333333333,144.4792222222222,8.584527777777778,1811.4336891541398,15.063416666666665,188.86023889163118,6.160717033799176,1919-12-01,19.95,,14.545454545454529,358.56884765105895,-59.70669979595604,-0.029379760609357986,13.35608463084696,0.4249999999999998,0.9402203553335765,5.97796446664235,14.32121609211798,4.540747943921274,-1.7971706774086225,0.6435481233465319,1919-12-01
1920.01,8.83,0.5283,0.9192,19.3,1920.0416666666222,4.97,140.05729663212432,8.379645505181346,1764.7481251898603,14.57991699481865,183.70968025758998,5.9896677711394375,1920-01-01,20.68,,16.96969696969697,358.56884765105895,-60.93991501224306,-0.010089686098654682,13.41403392120704,0.46999999999999975,0.9448726082697761,5.512739173022386,14.286645352196906,4.562949672543015,-1.8183364219385336,0.6483304128944216,1920-01-01
1920.02,8.1,0.5267,0.9083,19.5,1920.1249999999554,4.9799999999999995,127.1606538461538,8.268582269230766,1610.9301549184713,14.259261961538458,180.64294564351206,5.455347649907771,1920-02-01,20.68,,20.370370370370374,358.56884765105895,-64.53661418743768,-0.08267270668176674,16.353273767960793,0.44083333333333297,0.9583266708446102,4.16733291553898,14.250152386484968,4.588725073690041,-1.9166118247099129,0.6519455847956136,1920-02-01
1920.03,8.67,0.525,0.8975,19.7,1920.2083333332887,4.99,134.7271789340101,8.158220177664974,1715.3990814671065,13.946671637055834,177.57447238947267,5.798822727557157,1920-03-01,20.68,,20.12195121951219,358.56884765105895,-62.42641271917749,0.07037037037037042,17.5208684936142,0.41166666666666707,0.9627480282865294,3.725197171347061,14.215373252086088,4.611216523185221,-1.8252342916908089,0.6523993099002853,1920-03-01
1920.04,8.6,0.5233,0.8867,20.3,1920.291666666622,5.0,129.68948275862067,7.891454224137929,1659.6302553540047,13.371588879310341,171.11559853748787,5.599858725506185,1920-04-01,20.68,,21.556886227544926,358.56884765105895,-63.83135802002858,-0.008073817762399127,17.32287976874205,0.3825000000000003,0.962031414200169,3.796858579983098,14.180063766321416,4.63465466304647,-1.8513148583060244,0.6510547449700591,1920-04-01
1920.05,8.06,0.5217,0.8758,20.6,1920.3749999999552,5.01,119.77609951456309,7.752753240291262,1541.0367879608675,13.014876917475725,167.44913385808036,5.188950462047495,1920-05-01,20.68,,21.89349112426038,358.56884765105895,-66.59606647392773,-0.06279069767441847,16.863969724539878,0.3533333333333335,0.9603191499574051,3.9680850042594917,14.143365344671318,4.660681348067996,-1.9212673456716192,0.6493617024850917,1920-05-01
1920.06,7.92,0.52,0.865,20.9,1920.4583333332885,5.02,116.00621052631577,7.61656937799043,1500.6996936974556,12.669870215311004,163.90217614246203,5.043639680451618,1920-06-01,20.68,,23.66863905325445,358.56884765105895,-67.6474375043291,-0.017369727047146455,16.450446653832323,0.3241666666666667,0.9587130231875024,4.1286976812497596,14.106374589938717,4.687205492128082,-1.933504926273766,0.6477058081156258,1920-06-01
1920.07,7.91,0.5183,0.8542,20.8,1920.5416666666217,5.029999999999999,116.41675600961537,7.628167463942305,1514.2340655955707,12.571832235576919,163.52196445407537,5.080592919540795,1920-07-01,20.68,,19.54022988505748,358.56884765105895,-67.53294192391574,-0.0012626262626261875,15.797549087116868,0.29499999999999993,0.9560498873865192,4.395011261348081,14.069832963742774,4.712791481465995,-1.907413064964572,0.6456799605852817,1920-07-01
1920.08,7.6,0.5167,0.8433,20.3,1920.624999999955,5.039999999999999,114.60931034482756,7.791925086206896,1499.1704041668445,12.71710939655172,166.34873708340785,5.0207010779228565,1920-08-01,20.68,,14.689265536723163,358.56884765105895,-68.03701406421129,-0.03919089759797734,14.998225961697695,0.26583333333333314,0.9506585911855302,4.9341408814469805,14.033344528719308,4.7382139616606835,-1.902118292614552,0.6426992569149356,1920-08-01
1920.09,7.87,0.515,0.8325,20.0,1920.7083333332882,5.05,120.46117124999998,7.882783124999999,1584.3095571664219,12.742557187499997,167.5905598908572,5.297162770108058,1920-09-01,20.68,,12.35955056179774,358.56884765105895,-66.4050092362662,0.03552631578947385,15.517191484077486,0.23666666666666725,0.9370065324953285,6.29934675046715,13.998259461415648,4.760950973288532,-1.8275963647022144,0.6368272863733648,1920-09-01
1920.1,7.88,0.5133,0.8217,19.9,1920.7916666666215,5.0600000000000005,121.22033668341707,7.896243505025125,1602.948433626736,12.64045059045226,167.15009237450369,5.351177393424155,1920-10-01,20.68,,9.944751381215443,358.56884765105895,-66.19328826876153,0.0012706480304955914,14.104567630239483,0.20750000000000135,0.9034730130821766,9.652698691782335,13.963671133143682,4.782751461615015,-1.800740391559319,0.6239968045787618,1920-10-01
1920.11,7.48,0.5117,0.8108,19.8,1920.8749999999548,5.069999999999999,115.64816666666664,7.911385946969696,1537.9832132155254,12.535766515151511,166.71080070523368,5.126407930947925,1920-11-01,20.68,,7.027027027027022,358.56884765105895,-67.74729109227872,-0.050761421319796884,14.506132214596605,0.1783333333333328,0.8684759487606781,13.152405123932187,13.928462913214615,4.805658852207488,-1.8316021284414414,0.6106540820662373,1920-11-01
1920.12,6.81,0.51,0.8,19.4,1920.958333333288,5.079999999999999,107.46022036082472,8.047681701030927,1438.0119726657747,12.62381443298969,168.9294534702819,4.784241045083248,1920-12-01,20.68,,2.645502645502651,358.56884765105895,-70.03079853010556,-0.08957219251336912,16.247011211087734,0.149166666666666,0.814184810793288,18.581518920671204,13.892176318499807,4.830544512397951,-1.8854883233226327,0.5905584337776507,1920-12-01
1921.01,7.11,0.5058,0.7575,19.0,1921.0416666666213,5.09,114.55613289473683,8.149436289473684,1542.0559564715165,12.204820065789471,164.2907717337797,5.122184146887374,1921-01-01,20.58,,-1.5544041450777257,358.56884765105895,-68.05184453552499,0.04405286343612347,17.505009604664714,0.1200000000000001,0.7773865677827597,22.26134322172403,13.857512317821499,4.852377502492122,-1.8002161139457442,0.5765852987239659,1921-01-01
1921.02,7.06,0.5017,0.715,18.4,1921.1249999999545,5.024166666666666,117.45979076086955,8.34696558423913,1590.5058016921869,11.895715353260869,161.07813714021438,5.274857191205047,1921-02-01,20.58,,-5.641025641025643,358.56884765105895,-67.24205364455545,-0.007032348804500765,15.961612959456447,0.044166666666666465,0.7495401573269802,25.04598426730198,13.823722337008048,4.87262862270957,-1.7544667996981782,0.5639953050644431,1921-02-01
1921.03,6.88,0.4975,0.6725,18.3,1921.2083333332878,4.958333333333333,115.09055737704915,8.322318647540982,1567.8153012446644,11.249767418032784,153.24938809404603,5.192348158684177,1921-03-01,20.58,,-7.106598984771562,358.56884765105895,-67.90280077842974,-0.025495750708215303,13.331507532488981,-0.031666666666667176,0.697020727573004,30.297927242699597,13.789873810818541,4.89297399769889,-1.7571165626830805,0.5451447546505513,1921-03-01
1921.04,6.91,0.4933,0.63,18.1,1921.291666666621,4.8925,116.86966988950273,8.343242859116021,1601.522455212082,10.655266574585632,146.01434830443003,5.297085922739674,1921-04-01,20.58,,-10.837438423645319,358.56884765105895,-67.40663037095894,0.0043604651162791885,13.493493391577907,-0.10749999999999993,0.700430633703614,29.956936629638598,13.756698858130735,4.912133481605711,-1.7221871040494865,0.5491819717962649,1921-04-01
1921.05,7.12,0.4892,0.5875,17.7,1921.3749999999543,4.826666666666666,123.14281355932202,8.460879830508473,1697.1483880639305,10.161011652542372,140.03857836903921,5.609469225330775,1921-05-01,20.58,,-14.077669902912627,358.56884765105895,-65.65713548011333,0.03039073806078152,13.286461173870503,-0.18333333333333357,0.6960685823853714,30.39314176146286,13.724997575512836,4.928800954372973,-1.6465522599328608,0.5504990038348799,1921-05-01
1921.06,6.55,0.485,0.545,17.6,1921.4583333332876,4.760833333333333,113.9281321022727,8.435899857954542,1579.8406848370705,9.479516335227272,131.45239286048908,5.21611096098932,1921-06-01,20.58,,-15.78947368421051,358.56884765105895,-68.22698545938889,-0.0800561797752809,15.048783433083548,-0.2591666666666663,0.7320166373313192,26.798336266868084,13.69201739483639,4.947643668161708,-1.7131198207320137,0.5659245730659617,1921-06-01
1921.07,6.53,0.4808,0.5025,17.7,1921.5416666666208,4.695,112.93856355932202,8.315598983050846,1575.7277073258035,8.690907838983048,121.2562286265262,5.197779361905469,1921-07-01,20.58,,-14.903846153846157,358.56884765105895,-68.50296273667698,-0.003053435114503733,15.032247440645058,-0.3349999999999991,0.7316921291841673,26.830787081583274,13.659221108994956,4.966173254253742,-1.703815254500414,0.5686547452144585,1921-07-01
1921.08,6.45,0.4767,0.46,17.7,1921.624999999954,4.629166666666666,111.55493644067796,8.244688093220338,1566.0091110911103,7.95585593220339,111.68437071347454,5.16129482321573,1921-08-01,20.58,,-12.807881773399021,358.56884765105895,-68.88883761892288,-0.012251148545176171,14.798163174423202,-0.4108333333333327,0.7270717681863776,27.292823181362238,13.626536777126574,4.984516262554283,-1.6983076206421854,0.5698813688652321,1921-08-01
1921.09,6.61,0.4725,0.4175,17.5,1921.7083333332873,4.5633333333333335,115.62872999999998,8.265442499999997,1632.8662542209318,7.303327499999998,103.13489578475627,5.3775244254582555,1921-09-01,20.58,,-12.5,358.56884765105895,-67.75271171562456,0.024806201550387597,14.45166801955898,-0.48666666666666636,0.7201421448733939,27.98578551266061,13.5949313658175,5.001055544587082,-1.6431345077247532,0.5702997507056878,1921-09-01
1921.1,6.7,0.4683,0.375,17.5,1921.7916666666206,4.4975,117.20309999999998,8.191971899999999,1664.7392600380053,6.559874999999999,93.17570485287344,5.4792576780533455,1921-10-01,20.58,,-12.060301507537686,358.56884765105895,-67.31364122461187,0.013615733736762392,14.641832762085158,-0.5625000000000009,0.7239585844615399,27.604141553846006,13.563955512047407,5.016584554678604,-1.6115940528609352,0.574479254561539,1921-10-01
1921.11,7.06,0.4642,0.3325,17.4,1921.8749999999538,4.431666666666667,124.21035344827585,8.166918706896551,1773.9363071933906,5.849850215517241,83.54586715889553,5.83819699320089,1921-11-01,20.58,,-12.121212121212132,358.56884765105895,-65.35941304941497,0.05373134328358198,15.379530609127087,-0.6383333333333328,0.7384548547504795,26.154514524952056,13.534580004371186,5.029613780154206,-1.530213520874823,0.5823966991626677,1921-11-01
1921.12,7.31,0.46,0.29,17.3,1921.958333333287,4.365833333333333,129.35214017341036,8.139806358381502,1857.0573463955038,5.13161705202312,73.67258966548512,6.11415884941727,1921-12-01,20.58,,-10.824742268041232,358.56884765105895,-63.92543830263545,0.03541076487252126,12.611520560835892,-0.7141666666666664,0.6816038053587233,31.839619464127665,13.506472348481209,5.040773656287681,-1.4665037557961031,0.5653425818755531,1921-12-01
1922.01,7.3,0.4642,0.3233,16.9,1922.0416666666204,4.3,132.23258875739646,8.408543520710058,1908.4706472347896,5.856273417159763,84.52172058232978,6.287087290347128,1922-01-01,20.66,,-11.05263157894738,358.56884765105895,-63.12212016642379,-0.001367989056087482,11.93757361214008,-0.79,0.6668022485751199,33.319775142488005,13.479229385997684,5.050725568324578,-1.423981960286218,0.563005787001292,1922-01-01
1922.02,7.46,0.4683,0.3567,16.9,1922.1249999999536,4.305,135.1308372781065,8.482811139053254,1960.5026158054611,6.461282795857988,93.74145885493405,6.4613058726969825,1922-02-01,20.66,,-8.15217391304348,358.56884765105895,-62.31383786870158,0.021917808219177992,12.029330206812624,-0.7191666666666663,0.6688377395171532,33.11622604828468,13.45284621489505,5.059517797042017,-1.3818590274127671,0.5610619588310035,1922-02-01
1922.03,7.74,0.4725,0.39,16.7,1922.2083333332869,4.3100000000000005,141.88184730538921,8.661391841317364,2068.9192429279847,7.149085329341316,104.24786882970464,6.82138724903604,1922-03-01,20.66,,-8.743169398907114,358.56884765105895,-60.43107251652228,0.03753351206434319,11.92745663184072,-0.6483333333333325,0.6665774346129683,33.342256538703175,13.428009289929285,5.0662796603214595,-1.304038166829908,0.5576146021145388,1922-03-01
1922.04,8.21,0.4767,0.4233,16.7,1922.2916666666201,4.3149999999999995,150.4974116766467,8.738381991017963,2205.16987097727,7.759507230538921,113.69651722103269,7.273253390209859,1922-04-01,20.66,,-7.734806629834267,358.56884765105895,-58.02830818613023,0.06072351421188649,12.906615776870947,-0.5775000000000006,0.6590841296818223,34.091587031817774,13.40504378284078,5.070740073262289,-1.2092495975022437,0.542477236319289,1922-04-01
1922.05,8.53,0.4808,0.4567,16.7,1922.3749999999534,4.32,156.36332784431136,8.813539041916167,2301.882193130321,8.37176223053892,123.24379807768082,7.593467258919378,1922-05-01,20.66,,-5.649717514124298,358.56884765105895,-56.392383535650524,0.03897685749086466,13.045277968685099,-0.5066666666666659,0.6373821870468888,36.261781295311124,13.383439409145904,5.073659286183294,-1.141182689581445,0.5240456831446637,1922-05-01
1922.06,8.45,0.485,0.49,16.7,1922.4583333332866,4.325,154.89684880239517,8.890529191616764,2291.200344344302,8.982184131736526,132.86250517499505,7.557987351755127,1922-06-01,20.66,,-5.113636363636376,358.56884765105895,-56.80136469827046,-0.009378663540445475,8.501009912207314,-0.4358333333333331,0.5341613550829067,46.58386449170933,13.361863660785199,5.076614206702907,-1.1432573114117917,0.48730704777036965,1922-06-01
1922.07,8.51,0.4892,0.5233,16.8,1922.54166666662,4.33,155.06815624999996,8.914141249999998,2304.722289158518,9.535507187499997,141.72281714649264,7.602095045774032,1922-07-01,20.66,,-5.0847457627118615,358.56884765105895,-56.75358936900607,0.007100591715976323,8.234645922907385,-0.3650000000000002,0.5267337850901279,47.32662149098721,13.340609902058219,5.0792693018381305,-1.1297914159045441,0.4818122716265751,1922-07-01
1922.08,8.83,0.4933,0.5567,16.6,1922.6249999999532,4.335,162.8377003012048,9.09715034638554,2431.4655371446056,10.266336099397588,153.29522814591186,8.020030689895775,1922-08-01,20.66,,-6.214689265536711,358.56884765105895,-54.586768658812716,0.03760282021151595,7.402010495950528,-0.29416666666666647,0.46986630321730916,53.013369678269086,13.32104894907233,5.080143016158746,-1.043478154515583,0.44841829942012174,1922-08-01
1922.09,9.06,0.4975,0.59,16.6,1922.7083333332864,4.34,167.07922590361443,9.174604292168672,2506.215433211504,10.880435240963852,163.20828980074916,8.265083002284303,1922-09-01,20.66,,-5.142857142857138,358.56884765105895,-53.40386455819288,0.02604756511891293,7.399544715183976,-0.2233333333333336,0.4502185036684752,54.97814963315248,13.302528927289224,5.0800204577696375,-0.9916192202140444,0.4329707990749307,1922-09-01
1922.1,9.26,0.5017,0.6233,16.7,1922.7916666666197,4.345,169.74494910179638,9.196656691616766,2557.697657595216,11.425704835329338,172.16122569968658,8.432151998761896,1922-10-01,20.66,,-4.571428571428571,358.56884765105895,-52.66043042674372,0.02207505518763786,7.282214993565884,-0.15249999999999986,0.435097467339344,56.49025326606561,13.284753829009926,5.079237106183428,-0.9553800558632134,0.421305015702489,1922-10-01
1922.11,8.8,0.5058,0.6567,16.8,1922.874999999953,4.35,160.35249999999996,9.216624374999999,2427.7462198515277,11.966305312499996,181.17056165642023,7.998253772269837,1922-11-01,20.66,,-3.44827586206895,358.56884765105895,-55.27985739685705,-0.049676025917926414,10.042386672111574,-0.081666666666667,0.5472492205306724,45.27507794693276,13.265530192439961,5.079972409496333,-1.036871068497075,0.4709990141700206,1922-11-01
1922.12,8.78,0.51,0.69,16.9,1922.9583333332862,4.3549999999999995,159.04138757396444,9.238167159763313,2419.5514336602587,12.498696745562127,190.1469805496103,7.964679864939999,1922-12-01,20.66,,-2.3121387283237094,358.56884765105895,-55.64550891249329,-0.002272727272727426,10.074047774729909,-0.01083333333333325,0.5540641512269766,44.59358487730234,13.246324212992498,5.080756564576136,-1.0395389507296975,0.4725562474919082,1922-12-01
1923.01,8.9,0.5117,0.7142,16.8,1923.0416666666194,4.36,162.17468749999998,9.324133437499999,2479.04034306498,13.014063124999996,198.93602393449532,8.154200483069156,1923-01-01,21.32,,-0.5917159763313529,358.56884765105895,-54.77167395818496,0.013667425968109548,9.905749843261852,0.0600000000000005,0.5354454219045532,46.455457809544676,13.227941094833929,5.080764418765283,-0.9986175688495675,0.4635142674575185,1923-01-01
1923.02,9.28,0.5133,0.7383,16.8,1923.1249999999527,4.335,169.09899999999996,9.353288437499998,2596.8017229570355,13.453210312499996,206.59684397189432,8.533360579065967,1923-02-01,21.32,,-0.5917159763313529,358.56884765105895,-52.84057689123107,0.04269662921348294,10.230297573246254,0.03000000000000025,0.5114317282951021,48.856827170489794,13.211054114561383,5.079394888038895,-0.9209155103318672,0.44432898935944104,1923-02-01
1923.03,9.43,0.515,0.7625,16.8,1923.208333333286,4.31,171.83228124999994,9.384265624999998,2650.7851639470273,13.894179687499996,214.33973356411542,8.700737500978533,1923-03-01,21.32,,0.5988023952095967,358.56884765105895,-52.07830173322295,0.0161637931034484,10.023552571232793,-8.881784197001252e-16,0.5135172951057042,48.64827048942958,13.194888105193701,5.0774363202161075,-0.8851220026771082,0.4401225619531113,1923-03-01
1923.04,9.1,0.5167,0.7867,16.9,1923.2916666666192,4.285,164.83788461538458,9.359531316568047,2554.9176481713125,14.25032569526627,220.87403448531555,8.372809668463814,1923-04-01,21.32,,1.197604790419149,358.56884765105895,-54.028944317048854,-0.03499469777306474,10.036521121221273,-0.02999999999999936,0.565929456554834,43.4070543445166,13.177666396491096,5.07651467972843,-0.9464873109131479,0.4693450313794361,1923-04-01
1923.05,8.67,0.5183,0.8108,16.9,1923.3749999999525,4.26,157.0488417159763,9.388513801775145,2446.3172704467997,14.686874378698223,228.77439940925782,8.00049786759821,1923-05-01,21.32,,1.197604790419149,358.56884765105895,-56.201202992177315,-0.047252747252747196,10.894535301057637,-0.0600000000000005,0.6214908720030786,37.85091279969214,13.159242309199662,5.076844158339225,-1.0161321247428283,0.500777820161964,1923-05-01
1923.06,8.34,0.52,0.835,17.0,1923.4583333332857,4.234999999999999,150.18254999999996,9.3639,2351.517427786497,15.036262499999996,235.4336993047632,7.671825282673079,1923-06-01,21.32,,1.7964071856287456,358.56884765105895,-58.116118847516276,-0.03806228373702425,11.572537195978615,-0.09000000000000075,0.683776658509584,31.6223341490416,13.13978338357368,5.078326712062897,-1.0767243643289406,0.5332774247159358,1923-06-01
1923.07,8.06,0.5217,0.8592,17.2,1923.541666666619,4.21,143.4527703488372,9.285274229651163,2258.2598969539285,15.292136511627904,240.73162573980338,7.34598511949065,1923-07-01,21.32,,2.3809523809523725,358.56884765105895,-59.99296333505298,-0.033573141486810454,11.985627892703054,-0.1200000000000001,0.734105667485809,26.589433251419102,13.119310598188228,5.081000452868248,-1.1362576193903917,0.5614018002952981,1923-07-01
1923.08,8.1,0.5233,0.8833,17.1,1923.6249999999523,4.185,145.0077631578947,9.368217587719295,2295.0285634746965,15.813007061403503,250.27144816261722,7.44178317421737,1923-08-01,21.32,,3.0120481927710774,358.56884765105895,-59.5592968804114,0.004962779156327368,11.167216580763164,-0.15000000000000036,0.728880058039162,27.1119941960838,13.099319304441853,5.0831921178623825,-1.1129888461905364,0.5585295047157637,1923-08-01
1923.09,8.15,0.525,0.9075,17.2,1923.7083333332855,4.16,145.05460029069764,9.344007994186045,2308.093769686338,16.15178524709302,257.0055332503499,7.458183867189794,1923-09-01,21.32,,3.6144578313252795,358.56884765105895,-59.54623463780171,0.006172839506172867,10.698738125890664,-0.17999999999999972,0.7352745078782618,26.472549212173824,13.079525846767284,5.085225446743412,-1.1054263057653437,0.5618272509464002,1923-09-01
1923.1,8.03,0.5267,0.9317,17.3,1923.7916666666188,4.135,142.09270664739878,9.320078280346818,2273.3227682601464,16.486646921965313,263.7677239337458,7.317400395621481,1923-10-01,21.32,,3.592814371257491,358.56884765105895,-60.37226669906466,-0.014723926380368235,10.177618723488148,-0.20999999999999996,0.7304297014131302,26.957029858686976,13.05937855498006,5.087717947828379,-1.1285960067439398,0.5635253954945955,1923-10-01
1923.11,8.27,0.5283,0.9558,17.3,1923.874999999952,4.109999999999999,146.33956213872827,9.348390650289016,2353.7312986779657,16.913101994219648,272.0310006380169,7.546327911916236,1923-11-01,21.32,,2.9761904761904656,358.56884765105895,-59.187876164541066,0.029887920298879322,10.022801505256423,-0.2400000000000002,0.6995096519036744,30.04903480963256,13.040169319289943,5.089230674048195,-1.0795033197038537,0.5497677589889913,1923-11-01
1923.12,8.55,0.53,0.98,17.3,1923.9583333332853,4.085,151.2942268786127,9.3784725433526,2445.992632332312,17.341326589595372,280.3593894369199,7.809739144938745,1923-12-01,21.32,,2.366863905325456,358.56884765105895,-57.80608720759686,0.0338573155985491,10.746381693427477,-0.2699999999999996,0.6778610104387103,32.21389895612897,13.02200810340678,5.089696944418188,-1.024082379636428,0.5364067896915328,1923-12-01
1924.01,8.83,0.5317,0.9758,17.3,1924.0416666666185,4.06,156.24889161849708,9.408554436416182,2538.771087763576,17.267006618497106,280.558644104156,8.07224944603738,1924-01-01,20.69,,2.9761904761904656,358.56884765105895,-56.42429825065266,0.03274853801169586,11.204953755576117,-0.3000000000000007,0.6854517561040719,31.454824389592805,13.004880910820726,5.089188784776768,-0.9692372740304445,0.5332796058896885,1924-01-01
1924.02,8.87,0.5333,0.9717,17.2,1924.1249999999518,4.043333333333333,157.86923982558136,9.49173231104651,2577.9509143456976,17.294423938953486,282.412052251377,8.16206622085036,1924-02-01,20.69,,2.3809523809523725,358.56884765105895,-55.972405059791555,0.0045300113250281715,10.21843374497751,-0.29166666666666696,0.63894714204535,36.105285795465,12.988181549820828,5.088329349179922,-0.948467561312297,0.5144310250148303,1924-02-01
1924.03,8.7,0.535,0.9675,17.1,1924.208333333285,4.026666666666666,155.74907894736836,9.577673245614033,2556.3627545079844,17.320371710526313,284.2851683892501,8.058077044116095,1924-03-01,20.69,,1.7857142857142794,358.56884765105895,-56.563689241923356,-0.01916572717023679,10.092127183818544,-0.2833333333333332,0.6267315826226056,37.326841737739436,12.971239609938682,5.087763895857621,-0.9656821083664688,0.5127995001275287,1924-03-01
1924.04,8.5,0.5367,0.9633,17.0,1924.2916666666183,4.01,153.06374999999997,9.664625249999997,2525.5066004832756,17.346624749999997,286.21417744065167,7.923620348327982,1924-04-01,20.69,,0.591715976331364,358.56884765105895,-57.312591151545355,-0.02298850574712641,9.786528176409304,-0.27500000000000036,0.593484174888646,40.651582511135395,12.953953242604399,5.087597016006252,-0.9887443676160524,0.5045949169687529,1924-04-01
1924.05,8.47,0.5383,0.9592,17.0,1924.3749999999516,3.993333333333333,152.52352499999998,9.693437249999999,2529.921285060395,17.272793999999998,286.50537150294343,7.899698330665295,1924-05-01,20.69,,0.591715976331364,358.56884765105895,-57.4632525945399,-0.003529411764705781,8.652894767533525,-0.2666666666666666,0.5683367755588584,43.16632244411416,12.936703225840102,5.087453858745401,-0.9900836518676486,0.4962341344183,1924-05-01
1924.06,8.63,0.54,0.955,17.0,1924.4583333332848,3.9766666666666666,155.40472499999998,9.724049999999998,2591.153146150995,17.197162499999997,286.7382682009502,8.051676946396649,1924-06-01,20.69,,0.0,358.56884765105895,-56.659724898568996,0.018890200708382432,7.8785282431651265,-0.25833333333333286,0.5162861910531987,48.37138089468013,12.920087490195735,5.0867494494741905,-0.9570769294136016,0.47368629136146445,1924-06-01
1924.07,9.03,0.5417,0.9508,17.1,1924.541666666618,3.96,161.6568026315789,9.697617938596489,2708.8721648468095,17.021405087719295,285.22653979361536,8.377712139971836,1924-07-01,20.69,,-0.5813953488371992,358.56884765105895,-54.91610504075493,0.04634994206257215,7.8751187008285415,-0.25,0.48714921560560515,51.28507843943948,12.904689607652605,5.084973220367722,-0.8902657440845675,0.45445775066573646,1924-07-01
1924.08,9.34,0.5433,0.9467,17.0,1924.6249999999513,3.943333333333333,168.19004999999996,9.783474749999998,2832.0111037622833,17.04770025,287.05191776571246,8.717418308548332,1924-08-01,20.69,,-0.5847953216374324,358.56884765105895,-53.09407074769808,0.034330011074197087,8.220395618514521,-0.2416666666666667,0.46546614016579213,53.45338598342079,12.890543420831305,5.082178262022105,-0.8211292278879181,0.4374460027965176,1924-08-01
1924.09,9.25,0.545,0.9425,17.1,1924.7083333332846,3.9266666666666667,165.59528508771925,9.756695175438596,2802.010435150637,16.872816885964905,285.50214433832167,8.581670375209054,1924-09-01,20.69,,-0.5813953488371992,358.56884765105895,-53.81771557330931,-0.009635974304068484,8.494221752795141,-0.2333333333333334,0.4843226106705682,51.56773893294317,12.876035430778707,5.0797431438083676,-0.8453901967078785,0.4473514916012454,1924-09-01
1924.1,9.13,0.5467,0.9383,17.2,1924.7916666666179,3.91,162.49674854651164,9.730226991279066,2763.300907551861,16.6999670494186,283.98743061948636,8.419491035872428,1924-10-01,20.69,,-0.5780346820809301,358.56884765105895,-54.68185548995454,-0.01297297297297284,8.438267303260803,-0.22499999999999964,0.49732096638522627,50.26790336147737,12.861080583815934,5.0777510668892285,-0.8747158908411293,0.4559091156846019,1924-10-01
1924.11,9.64,0.5483,0.9342,17.2,1924.8749999999511,3.8933333333333335,171.57378488372092,9.758703968023253,2931.4874668967686,16.626994796511624,284.0866796239586,8.888327361250973,1924-11-01,20.69,,-0.5780346820809301,358.56884765105895,-52.15039287219735,0.0558598028477546,9.41480359193207,-0.2166666666666659,0.47955471088999657,52.04452891100034,12.847793783740466,5.074427955489835,-0.7802783795966388,0.4367211131724855,1924-11-01
1924.12,10.16,0.55,0.93,17.3,1924.9583333332844,3.876666666666667,179.78354913294794,9.732377167630055,3085.6156135415276,16.456565028901732,282.44316147575006,9.310639680416376,1924-12-01,20.69,,0.0,358.56884765105895,-49.860800705167726,0.053941908713692976,10.086094026264597,-0.20833333333333304,0.4582630426208168,54.17369573791832,12.836003270062717,5.070049718006057,-0.6953311674885886,0.41750856844312445,1924-12-01
1925.01,10.58,0.5542,0.9567,17.3,1925.0416666666176,3.86,187.21554624277454,9.806697138728323,3227.196575363001,16.929027702312133,291.8203179253103,9.692618852254997,1925-01-01,20.64,,0.0,358.56884765105895,-47.78811726975143,0.04133858267716528,10.286848174065238,-0.19999999999999973,0.42912042427767977,57.087957572232014,12.825560132462028,5.064834277504397,-0.6185673821791323,0.396632734845945,1925-01-01
1925.02,10.67,0.5583,0.9833,17.2,1925.124999999951,3.845,189.90583866279067,9.936685072674418,3287.845414177701,17.500882020348833,302.9932891997126,9.830804722819575,1925-02-01,20.64,,0.0,358.56884765105895,-47.03783111476616,0.008506616257088817,10.24786536939275,-0.1983333333333328,0.41596542150334465,58.40345784966554,12.815643723820827,5.059349668764875,-0.5899649552646817,0.3882145531000014,1925-02-01
1925.03,10.39,0.5625,1.01,17.3,1925.2083333332841,3.83,183.8534523121387,9.953567557803467,3197.42080405897,17.872183526011558,310.8176142540481,9.518537538810032,1925-03-01,20.64,,1.1695906432748426,358.56884765105895,-48.725759776249284,-0.026241799437675684,10.532556553111263,-0.19666666666666632,0.4893978542891315,51.060214571086846,12.804762185256436,5.05451662551823,-0.6501560663299776,0.42229304788244243,1925-03-01
1925.04,10.28,0.5667,1.037,17.2,1925.2916666666174,3.815,182.9645755813953,10.086189200581394,3196.5797518483987,18.456640552325577,322.45653722439584,9.476566787903069,1925-04-01,20.64,,1.17647058823529,358.56884765105895,-48.97365546952167,-0.010587102983638186,10.104807839977534,-0.19499999999999984,0.48306994802612274,51.693005197387734,12.79381417408093,5.049778029762066,-0.6569095446625329,0.42125525915675127,1925-04-01
1925.05,10.61,0.5708,1.063,17.3,1925.3749999999507,3.8,187.7464031791907,10.10043797687861,3294.8286315142873,18.810030780346814,330.10394300656804,9.72900769402133,1925-05-01,20.64,,1.764705882352935,358.56884765105895,-47.64006845293599,0.032101167315175205,9.96720383744968,-0.19333333333333336,0.47702096510877556,52.29790348912245,12.78376562824467,5.044519062322714,-0.6055597959851492,0.41240768005275136,1925-05-01
1925.06,10.8,0.575,1.09,17.5,1925.458333333284,3.785,188.9244,10.058474999999996,3330.211698737733,19.06737,336.1046992244564,9.796386180450611,1925-06-01,20.64,,2.941176470588225,358.56884765105895,-47.31154107847884,0.017907634307257503,9.968153931541794,-0.19166666666666643,0.5107670838475179,48.92329161524821,12.7740029503107,5.039137231795104,-0.5908981305514805,0.42251368473902545,1925-06-01
1925.07,11.1,0.5792,1.117,17.7,1925.5416666666172,3.77,191.97826271186435,10.017460338983051,3398.757801290393,19.318893644067792,342.0191409046279,9.963993891787798,1925-07-01,20.64,,3.50877192982455,358.56884765105895,-46.45986008837893,0.02777777777777768,9.582729485563096,-0.18999999999999995,0.5058580348805607,49.41419651194393,12.764849826341573,5.03345220058678,-0.5564483028620522,0.41647461265009084,1925-07-01
1925.08,11.25,0.5833,1.143,17.7,1925.6249999999504,3.7550000000000003,194.572563559322,10.088371228813559,3459.570560057776,19.768572457627116,351.4923689018701,10.11091845848894,1925-08-01,20.64,,4.117647058823515,358.56884765105895,-45.73634468416783,0.013513513513513598,9.413084979343552,-0.18833333333333258,0.5098531620934974,49.01468379065026,12.756233166056337,5.0275225074098495,-0.526166656373707,0.41419283015356323,1925-08-01
1925.09,11.51,0.5875,1.17,17.7,1925.7083333332837,3.74,199.0693516949152,10.161011652542372,3554.5806182164,20.235546610169486,361.3257448577922,10.3592476113485,1925-09-01,20.64,,3.50877192982455,358.56884765105895,-44.4822513168686,0.023111111111111082,9.002370311669715,-0.18666666666666654,0.45848497534732524,54.15150246526748,12.748475931251457,5.021206196108131,-0.47582756544728544,0.3898809979559068,1925-09-01
1925.1,11.89,0.5917,1.197,17.7,1925.791666666617,3.725,205.64158050847456,10.233652076271184,3687.1619458363357,20.702520762711863,371.19704366409536,10.718495997022927,1925-10-01,20.64,,2.9069767441860517,358.56884765105895,-42.649345626200486,0.0330147697654215,8.391885330654672,-0.18500000000000005,0.3941442746171804,60.585572538281966,12.741927608882976,5.014400336826512,-0.4035241456490146,0.35813472424701553,1925-10-01
1925.11,12.26,0.5958,1.223,18.0,1925.8749999999502,3.71,208.50684166666662,10.132820249999998,3753.6763523230875,20.799662916666662,374.449117364693,10.88631744030793,1925-11-01,20.64,,4.651162790697683,358.56884765105895,-41.850263057549576,0.03111858704793935,7.6516725182835215,-0.18333333333333357,0.4195404498990568,58.04595501009432,12.735961016701065,5.007411711640165,-0.36938116594117415,0.3629654727524178,1925-11-01
1925.12,12.46,0.6,1.25,17.9,1925.9583333332835,3.6950000000000003,213.0921033519553,10.261256983240221,3851.617382303868,21.3776187150838,386.39821251042014,11.14736523913725,1925-12-01,20.64,,3.4682080924855363,358.56884765105895,-40.571495614330175,0.016313213703099683,6.724418014448327,-0.18166666666666664,0.34065783108379016,65.93421689162098,12.730869363567848,5.000163625433881,-0.31669046116329697,0.32890021895097743,1925-12-01
1926.01,12.65,0.6075,1.249,17.9,1926.0416666666167,3.68,216.34150139664803,10.389522695530726,3925.999038212124,21.36051662011173,387.6342133380983,11.340966188506233,1926-01-01,20.63,,3.4682080924855363,358.56884765105895,-39.665282465592036,0.015248796147672605,6.193064236942584,-0.17999999999999972,0.3156331103648654,68.43668896351346,12.726428778344008,4.992762242986831,-0.27749420509336076,0.31554800095566304,1926-01-01
1926.02,12.67,0.615,1.248,17.9,1926.12499999995,3.651666666666667,216.68354329608934,10.517788407821227,3948.111878644741,21.343414525139664,388.8905781017078,11.389435672748007,1926-02-01,20.63,,4.06976744186045,358.56884765105895,-39.56989160783014,0.0015810276679841806,6.311681608742087,-0.19333333333333336,0.334432853547001,66.5567146452999,12.722170838517268,4.985351193004667,-0.26733024699229313,0.322150956780601,1926-02-01
1926.03,11.81,0.6225,1.248,17.8,1926.2083333332832,3.6233333333333335,203.11043679775275,10.705863412921346,3717.056887764309,21.463321348314604,392.7931410609533,10.712352062732482,1926-03-01,20.63,,2.8901734104046284,358.56884765105895,-43.35524735952256,-0.06787687450670876,9.708091482297219,-0.20666666666666655,0.4369660135642929,56.30339864357071,12.715790461451284,4.978694399532662,-0.40240236454498207,0.37746434154511527,1926-03-01
1926.04,11.48,0.63,1.247,17.9,1926.2916666666165,3.595,196.3320502793296,10.774319832402233,3609.4393177589573,21.326312430167597,392.0706297252108,10.395587685954728,1926-04-01,20.63,,4.06976744186045,358.56884765105895,-45.24564764466377,-0.02794242167654526,10.269952647251857,-0.21999999999999975,0.5214886135155071,47.851138648449286,12.708448047604778,4.972498734115869,-0.4651304073305682,0.4169992529537463,1926-04-01
1926.05,11.56,0.6375,1.246,17.8,1926.3749999999498,3.566666666666667,198.81089325842694,10.963836025280896,3671.8081890791304,21.428924999999996,395.76756086441145,10.575158463806096,1926-05-01,20.63,,2.8901734104046284,358.56884765105895,-44.55433187773756,0.006968641114982521,9.973990115818374,-0.23333333333333295,0.46332703986840507,53.66729601315949,12.701718427466611,4.966070263808659,-0.4282178565128838,0.39368612334262953,1926-05-01
1926.06,12.11,0.645,1.245,17.7,1926.458333333283,3.5383333333333336,209.4465550847457,11.155493644067795,3885.405704975371,21.5326970338983,399.449224004487,11.197979740229954,1926-06-01,20.63,,1.1428571428571344,358.56884765105895,-41.588189700024216,0.04757785467128017,10.722937626018691,-0.2466666666666666,0.37688774444644196,62.3112255553558,12.696989689456434,4.958948175279735,-0.302283850575212,0.34910165905637575,1926-06-01
1926.07,12.62,0.6525,1.244,17.5,1926.5416666666163,3.51,220.76165999999995,11.414182499999997,4112.955404489092,21.761291999999997,405.4292015201609,11.869694058481278,1926-07-01,20.63,,-1.1299435028248594,358.56884765105895,-38.43256003800028,0.04211395540875307,11.071890887028719,-0.26000000000000023,0.30350971137263755,69.64902886273624,12.694396286224537,4.95136161095317,-0.16656069431868833,0.3081411991704246,1926-07-01
1926.08,13.12,0.66,1.243,17.4,1926.6249999999495,3.4816666666666665,230.82717241379308,11.61173275862069,4318.511396103231,21.868763362068965,409.1394562009388,12.488808219521875,1926-08-01,20.63,,-1.6949152542372947,358.56884765105895,-35.62542481704311,0.03961965134706813,11.432566694097366,-0.27333333333333387,0.27255162087069973,72.74483791293002,12.69375382351609,4.943608123380719,-0.041456684850267135,0.28377019138996046,1926-08-01
1926.09,13.32,0.6675,1.242,17.5,1926.7083333332828,3.453333333333333,233.00675999999996,11.676577499999999,4377.493590895283,21.726305999999997,408.1716996915872,12.692614823344718,1926-09-01,20.63,,-1.1299435028248594,358.56884765105895,-35.01756733012391,0.015243902439024515,11.386672356453975,-0.28666666666666707,0.2636994709732369,73.6300529026763,12.693750275228952,4.935877691971811,-0.00023004052269799812,0.2781326514912525,1926-09-01
1926.1,13.02,0.675,1.242,17.6,1926.791666666616,3.425,226.46477556818175,11.74068536931818,4272.970455991621,21.60286107954545,407.6059375070348,12.426517521583348,1926-10-01,20.63,,-0.5649717514124131,358.56884765105895,-36.84203827194553,-0.022522522522522626,11.659460758985993,-0.30000000000000027,0.2936093980112739,70.6390601988726,12.692920359844958,4.928205913056797,-0.05405675878026981,0.29822348066367355,1926-10-01
1926.11,13.19,0.6825,1.241,17.7,1926.8749999999493,3.3966666666666665,228.12552118644064,11.804068855932202,4322.865721411503,21.4635156779661,406.72299926244693,12.615251212344482,1926-11-01,20.63,,-1.6666666666666718,358.56884765105895,-36.37887878970433,0.013056835637480724,11.40799108222093,-0.31333333333333346,0.2821255910347882,71.78744089652118,12.692679898087993,4.920549366584886,-0.015735780697440825,0.2923883508106975,1926-11-01
1926.12,13.49,0.69,1.24,17.7,1926.9583333332826,3.3683333333333327,233.31412288135593,11.933783898305082,4440.03209710556,21.446220338983046,408.1274870578868,13.009052728993133,1926-12-01,20.63,,-1.1173184357541888,358.56884765105895,-34.931847981282125,0.022744503411675554,11.485499355259494,-0.32666666666666755,0.2645095500060129,73.54904499939872,12.693656357442638,4.91295795242467,0.06419683917604849,0.2837673716869184,1926-12-01
1927.01,13.4,0.6967,1.229,17.5,1927.0416666666158,3.34,234.40619999999996,12.187373099999997,4480.142048397863,21.498897,410.90258040902796,13.185930628677792,1927-01-01,20.64,,-2.2346368715083775,358.56884765105895,-34.62728244922375,-0.006671608598962209,11.526010208502049,-0.3400000000000003,0.2613596925928644,73.86403074071356,12.695171047507976,4.905446370175286,0.10004381745025148,0.284031892483638,1927-01-01
1927.02,13.66,0.7033,1.218,17.4,1927.124999999949,3.339166666666666,240.32768103448274,12.373532801724139,4613.0253718227395,21.428925,411.3224672679427,13.633966132216212,1927-02-01,20.64,,-2.7932960893854775,358.56884765105895,-32.975861509208,0.0194029850746269,11.600411426952903,-0.3125000000000009,0.2420325741239716,75.79674258760284,12.698050787031622,4.898169692101329,0.19107450415485286,0.27404775876642035,1927-02-01
1927.03,13.87,0.71,1.208,17.3,1927.2083333332823,3.3383333333333334,245.4328569364161,12.563614161849708,4731.11412082553,21.375839306358376,412.0537749067946,14.033257507604494,1927-03-01,20.64,,-2.8089887640449396,358.56884765105895,-31.55209702565714,0.015373352855051259,8.259384181386789,-0.28500000000000014,0.17213252016752956,82.78674798324704,12.702133988011967,4.891208741662086,0.2721461278588157,0.24683744237750876,1927-03-01
1927.04,14.21,0.7167,1.197,17.3,1927.2916666666156,3.3375,251.4492355491329,12.682172210982657,4867.46196451313,21.181191763005778,410.01773198608134,14.488222209157056,1927-04-01,20.64,,-3.351955307262555,358.56884765105895,-29.874210435082034,0.024513338139870333,6.9296673439713725,-0.2575000000000003,0.1399844366212165,86.00155633787836,12.707579378930092,4.884719752369875,0.36453326301126415,0.23232407252692025,1927-04-01
1927.05,14.7,0.7233,1.186,17.4,1927.3749999999488,3.336666666666667,258.6249568965517,12.72540349137931,5026.894750599767,20.86593189655172,405.57123634090635,15.002347055737118,1927-05-01,20.64,,-2.2471910112359716,358.56884765105895,-27.8729988422663,0.0344827586206895,6.992657721297614,-0.22999999999999998,0.12536970060604727,87.46302993939527,12.714554356671146,4.8789084460854,0.4689148657629735,0.22313038047431294,1927-05-01
1927.06,14.89,0.73,1.175,17.6,1927.458333333282,3.3358333333333334,258.99082244318174,12.697333806818177,5054.572593720629,20.437489346590905,398.8665411431659,15.12033348174753,1927-06-01,20.64,,-0.5649717514124131,358.56884765105895,-27.77096389164892,0.012925170068027292,6.3534088135782065,-0.20250000000000012,0.11781756317022293,88.2182436829777,12.721844596444104,4.87328785477072,0.49217057493441874,0.2204960882301172,1927-06-01
1927.07,15.22,0.7367,1.164,17.3,1927.5416666666154,3.335,269.32141907514443,13.036076835260113,5277.390271685993,20.597249132947972,403.6059314219774,15.820802594477753,1927-07-01,20.64,,-1.1428571428571344,358.56884765105895,-24.889900268961902,0.022162525184687754,5.800180081305335,-0.17499999999999982,0.09443431448679283,90.55656855132071,12.731207007314296,4.868878902301249,0.6345599570577071,0.20636800855236745,1927-07-01
1927.08,16.03,0.7433,1.153,17.2,1927.6249999999486,3.3341666666666665,285.30371075581394,13.229335508720927,5612.1680308680025,20.521221366279068,403.6699775165818,16.86286185276381,1927-08-01,20.64,,-1.1494252873563204,358.56884765105895,-20.432655367357214,0.05321944809461243,6.5223765266208575,-0.14749999999999996,0.07687490095469901,92.3125099045301,12.74365175082469,4.866803865972171,0.8463891735477377,0.19102668707411322,1927-08-01
1927.09,16.94,0.75,1.143,17.3,1927.7083333332819,3.3333333333333335,299.7572167630057,13.271423410404621,5918.235878000177,20.225649277456643,399.32370770685964,17.818723713516423,1927-09-01,20.64,,-1.1428571428571344,358.56884765105895,-16.40176810487612,0.05676855895196509,7.628799924811028,-0.11999999999999966,0.06638030344707532,93.36196965529247,12.758892207169108,4.867420628226261,1.0395303576200625,0.17904397057219443,1927-09-01
1927.1,16.68,0.7567,1.132,17.4,1927.7916666666151,3.3325,293.46015517241375,13.313027543103448,5815.814014537615,19.915881034482755,394.69433240147356,17.53723785226109,1927-10-01,20.64,,-1.1363636363636576,358.56884765105895,-18.157933380204206,-0.015348288075560879,7.210140599666751,-0.0924999999999998,0.07119626794246342,92.88037320575367,12.773198631256209,4.867134486954569,0.9788180774075556,0.18443164917472024,1927-10-01
1927.11,17.06,0.7633,1.121,17.3,1927.8749999999484,3.3316666666666666,301.88064450867046,13.506769985549129,6004.998374868257,19.83635419075144,394.58400810242176,18.13130143495243,1927-11-01,20.64,,-2.259887005649708,358.56884765105895,-15.809572837614319,0.02278177458033559,7.157887630328206,-0.06499999999999995,0.06121238607642072,93.87876139235793,12.78919296798366,4.86865199726895,1.0972459050195833,0.1760594263161244,1927-11-01
1927.12,17.46,0.77,1.11,17.3,1927.9583333332816,3.3308333333333335,308.9587369942196,13.625328034682079,6168.381732371267,19.64170664739884,392.1479795493762,18.646624021402527,1927-12-01,20.64,,-2.259887005649708,358.56884765105895,-13.835588613408328,0.023446658851113744,7.15917536165657,-0.0374999999999992,0.05407916502475692,94.5920834975243,12.80662579849979,4.871870928520108,1.198717763378167,0.16942641838425102,1927-12-01
1928.01,17.53,0.7767,1.133,17.3,1928.041666666615,3.33,310.1974031791907,13.743886083815024,6215.978251780989,20.048696965317912,401.75147514363147,18.80612857170077,1928-01-01,20.66,,-1.1428571428571344,358.56884765105895,-13.490141374172271,0.004009163802978222,6.7625003189894075,-0.009999999999999787,0.05096013185077926,94.90398681492206,12.824428477352017,4.8755813302956055,1.2268691032144234,0.1674530265662623,1928-01-01
1928.02,17.32,0.7833,1.155,17.1,1928.1249999999482,3.3525,310.0659824561403,14.02278776315789,6236.761373189184,20.67703289473684,415.90412159546815,18.86885051958404,1928-02-01,20.66,,-1.724137931034464,358.56884765105895,-13.526792835645098,-0.01197946377638337,7.610111515152187,0.013333333333334085,0.05534661036782879,94.46533896321712,12.842311382802407,4.879431029727884,1.2350905464315418,0.1698446475690684,1928-02-01
1928.03,18.25,0.79,1.177,17.1,1928.2083333332814,3.375,326.71502192982445,14.142732456140347,6595.351146137657,21.070881140350874,425.35497528789176,19.94341779906454,1928-03-01,20.66,,-1.1560693641618491,358.56884765105895,-8.883600995988651,0.05369515011547343,8.280514297111498,0.036666666666666625,0.043952062515772536,95.60479374842275,12.863258599369551,4.887448742604371,1.4486411157577053,0.15775230124431064,1928-03-01
1928.04,19.4,0.7967,1.2,17.1,1928.2916666666147,3.3975,347.302543859649,14.262677149122801,7034.941840543263,21.48263157894736,435.15104168308847,21.257909249487497,1928-04-01,20.66,,-1.1560693641618491,358.56884765105895,-3.1420196888865637,0.06301369863013684,9.183329018354106,0.06000000000000005,0.03317569948200203,96.6824300517998,12.887948748340488,4.9014239565661395,1.7076589528506878,0.1434155234531794,1928-04-01
1928.05,20.0,0.8033,1.222,17.2,1928.374999999948,3.42,355.96220930232556,14.297222136627905,7234.485210315335,21.749290988372092,442.02704635026697,21.83273217874003,1928-05-01,20.66,,-1.1494252873563204,358.56884765105895,-0.7269561663845466,0.030927835051546504,9.156874834725723,0.08333333333333304,0.028309255967328733,97.16907440326713,12.914179784793273,4.918122512275296,1.8134059026969465,0.1375617472669509,1928-05-01
1928.06,19.02,0.81,1.245,17.1,1928.4583333332812,3.4425,340.4997105263157,14.500776315789471,6944.788499919811,22.28823026315789,454.58789076762173,20.913421576866707,1928-06-01,20.66,,-2.840909090909094,358.56884765105895,-5.039237859928982,-0.049000000000000044,11.84351246242891,0.10666666666666647,0.04835145102424764,95.16485489757524,12.937569380676527,4.92991843090689,1.617846686100843,0.1539756428981878,1928-06-01
1928.07,19.16,0.8167,1.268,17.1,1928.5416666666144,3.465,343.00601754385957,14.620721008771925,7020.757013097824,22.69998070175438,464.6304745620063,21.081905435296793,1928-07-01,20.66,,-1.1560693641618491,358.56884765105895,-4.340262744281771,0.007360672975814886,11.921827498350366,0.1299999999999999,0.04659856058824652,95.34014394117534,12.961313800660843,4.9423085358723124,1.6430766261747909,0.15242425167228119,1928-07-01
1928.08,19.78,0.8233,1.29,17.1,1928.6249999999477,3.4875,354.10537719298236,14.738875482456136,7273.082262864399,23.093828947368415,474.33145192593906,21.76213150257924,1928-08-01,20.66,,-0.5813953488371992,358.56884765105895,-1.2448015178441294,0.03235908141962418,11.459505873540326,0.15333333333333332,0.03657736280015642,96.34226371998436,12.98689757305014,4.957858181380018,1.7699646921095507,0.14277373070991212,1928-08-01
1928.09,21.17,0.83,1.312,17.3,1928.708333333281,3.51,374.6080447976878,14.687041907514446,7719.331515979695,23.21614335260115,478.4016508722418,23.004649446159235,1928-09-01,20.66,,0.0,374.6080447976878,0.0,0.07027300303336714,12.021517137013467,0.1766666666666663,0.03564507951549523,96.43549204845047,13.01593453500118,4.97993858378975,2.0057907829772086,0.15282016336223725,1928-09-01
1928.1,21.6,0.8367,1.335,17.2,1928.7916666666142,3.5324999999999998,384.4391860465116,14.891679026162787,7947.488181601479,23.76047747093023,491.19892233509137,23.578344239585043,1928-10-01,20.66,,-1.1494252873563204,384.4391860465116,0.0,0.02031176192725548,11.41400615550027,0.19999999999999973,0.03361469221107455,96.63853077889254,13.04646173067917,5.0050320280551475,2.1042587639540735,0.1595490598708143,1928-10-01
1928.11,23.06,0.8433,1.357,17.2,1928.8749999999475,3.555,410.4244273255813,15.009146555232554,8510.53644443019,24.152035901162787,500.8151758495997,25.121984571109593,1928-11-01,20.66,,-0.5780346820809301,410.4244273255813,0.0,0.06759259259259243,12.282642257607115,0.2233333333333336,0.03655364948040262,96.34463505195974,13.081261508317297,5.039659836614868,2.389193606939954,0.18044835111413787,1928-11-01
1928.12,23.15,0.85,1.38,17.1,1928.9583333332807,3.5775,414.4357675438595,15.216864035087713,8620.010021347845,24.705026315789464,513.8494094799147,25.301591027426145,1928-12-01,20.66,,-1.1560693641618491,414.4357675438595,0.0,0.0039028620988725837,12.480866639062922,0.2466666666666666,0.03725819513850059,96.27418048614994,13.116377397740024,5.074850286633866,2.401098148999493,0.18236357823177476,1928-12-01
1929.01,24.86,0.86,1.399,17.1,1929.041666666614,3.6,445.04851754385953,15.395885964912276,9283.421879722277,25.04516798245613,522.4258732796244,27.083199620832772,1929-01-01,20.63,,-1.1560693641618491,445.04851754385953,0.0,0.07386609071274308,13.173290974670055,0.27,0.03982308049344305,96.01769195065569,13.156396945657194,5.122406201470581,2.71880091648674,0.20531647260515443,1929-01-01
1929.02,24.99,0.87,1.418,17.1,1929.1249999999472,3.5741666666666667,447.3758026315788,15.574907894736837,9359.041064382121,25.3853096491228,531.0572320645798,27.13167279824738,1929-02-01,20.63,,0.0,447.3758026315788,0.0,0.005229283990345834,12.675273275968216,0.22166666666666668,0.03796184000703402,96.2038159992966,13.196326305236024,5.169321579929794,2.6957786002550486,0.2013177173527985,1929-02-01
1929.03,25.43,0.88,1.438,17.0,1929.2083333332805,3.5483333333333333,457.9307249999999,15.846599999999997,9607.474334356082,25.89478499999999,543.2775498546616,27.67574843786188,1929-03-01,20.63,,-0.5847953216374324,457.9307249999999,0.0,0.017607042817126883,12.502425493832733,0.17333333333333334,0.03733560399257189,96.26643960074281,13.23757822014379,5.219467524747566,2.76621516452799,0.2039818056992662,1929-03-01
1929.04,25.28,0.89,1.457,16.9,1929.2916666666138,3.5225,457.9232662721893,16.121507396449704,9635.503874943333,26.392175591715976,555.3373870962198,27.5684544728983,1929-04-01,20.63,,-1.1695906432748648,457.9307249999999,-0.0016287895533889393,-0.005898545025560309,12.332388715167937,0.125,0.036733090434572215,96.32669095654278,13.278290936770935,5.267701131753628,2.7127893513142687,0.1984048490208185,1929-04-01
1929.05,25.66,0.9,1.476,17.0,1929.374999999947,3.4966666666666666,462.07244999999995,16.206749999999996,9751.228123943985,26.579069999999994,560.9046263032471,27.698586875008132,1929-05-01,20.63,,-1.1627906976744096,462.07244999999995,0.0,0.015031645569620222,12.321634765861965,0.07666666666666666,0.036691219697055244,96.33087803029447,13.319141633479822,5.315912234567941,2.7049816864963767,0.1960490393270611,1929-05-01
1929.06,26.15,0.91,1.495,17.1,1929.4583333332803,3.470833333333333,468.1423464912279,16.290995614035083,9907.97204276287,26.763778508771924,566.4404666895026,27.935467830288687,1929-06-01,20.63,,0.0,468.1423464912279,0.0,0.019095869056897863,9.66284889398796,0.02833333333333332,0.028368007497673976,97.1631992502326,13.360430690532954,5.3649197203656325,2.716729774059398,0.19210662089481242,1929-06-01
1929.07,28.48,0.92,1.514,17.3,1929.5416666666135,3.4450000000000003,503.9601849710982,16.279612716763005,10694.749057681724,26.79058005780346,568.5340615635579,29.933289406842214,1929-07-01,20.63,,1.1695906432748426,503.9601849710982,0.0,0.08910133843212242,11.169362621341552,-0.019999999999999574,0.0381578694492902,96.18421305507098,13.40711479959298,5.42906498743894,3.044018564059434,0.21410525430725155,1929-07-01
1929.08,30.1,0.93,1.533,17.3,1929.6249999999468,3.4191666666666665,532.6264595375721,16.456565028901732,11332.190649163982,27.126789450867044,577.1511051550957,31.480313247173004,1929-08-01,20.63,,1.1695906432748426,532.6264595375721,0.0,0.05688202247191021,11.396025382365902,-0.06833333333333336,0.0389985278583045,96.10014721416955,13.457882210962586,5.505383609056717,3.2736013175471257,0.2162119847504066,1929-08-01
1929.09,31.3,0.94,1.552,17.3,1929.70833333328,3.3933333333333335,553.8607369942196,16.633517341040456,11813.46364074254,27.46299884393063,585.7666316432084,32.5637885987767,1929-09-01,20.63,,0.0,553.8607369942196,0.0,0.039867109634551534,10.790404448396316,-0.11666666666666625,0.031646809315085664,96.83531906849143,13.511400156026491,5.589867546939971,3.4083792295185877,0.21545138326028,1929-09-01
1929.1,27.99,0.95,1.572,17.3,1929.7916666666133,3.3674999999999997,495.2895216763004,16.810469653179187,10594.0600588693,27.816903468208086,594.993298054396,28.96106716435479,1929-10-01,20.63,,0.5813953488372103,553.8607369942196,-10.575079872204489,-0.10575079872204485,17.656704265148214,-0.16500000000000004,0.1243566889397253,87.56433110602747,13.554555650463163,5.641438794049166,2.730954296649125,0.28465136026653465,1929-10-01
1929.11,20.58,0.96,1.591,17.3,1929.8749999999466,3.341666666666667,364.16785838150275,16.987421965317914,7819.695634735253,28.15311286127167,604.5255468835661,21.17103600009704,1929-11-01,20.63,,0.5813953488372103,553.8607369942196,-34.24920127795529,-0.2647374062165059,33.06321270703269,-0.21333333333333337,0.762624180920272,23.737581907972803,13.575771473164094,5.647877706941696,1.3447997497533906,0.5358177863620976,1929-11-01
1929.12,21.4,0.97,1.61,17.2,1929.9583333332798,3.315833333333333,380.8795639534883,17.264167151162788,8209.434850372794,28.654957848837206,617.6257060327197,22.007373176418334,1929-12-01,20.63,,0.5847953216374213,553.8607369942196,-31.23188944200907,0.03984450923226435,33.35867619607368,-0.26166666666666716,0.7302647647176858,26.973523528231425,13.599192589006465,5.657485862944778,1.486204436229086,0.5206449106098411,1929-12-01
1930.01,21.71,0.9708,1.557,17.1,1930.041666666613,3.29,388.6566096491227,17.379448947368417,8408.276632106363,27.8737144736842,603.0256433067528,22.310724294336847,1930-01-01,20.65,,0.0,553.8607369942196,-29.827737608131095,0.014485981308411278,32.40707475020817,-0.31000000000000005,0.6746348113940626,32.536518860593745,13.609293836039498,5.669805453896781,1.5346964775161682,0.49919897052965523,1930-01-01
1930.02,23.07,0.9717,1.503,17.0,1930.1249999999463,3.2941666666666665,415.43302499999993,17.497887749999997,9019.10915533892,27.065272499999992,587.590856544187,23.69711774933588,1930-02-01,20.65,,-0.5847953216374324,553.8607369942196,-24.993234354444656,0.06264394288346375,33.13616833323561,-0.28000000000000025,0.6177083111380999,38.22916888619001,13.623164170295288,5.688380393832606,1.7709704488052285,0.4697287772575735,1930-02-01
1930.03,23.94,0.9725,1.45,16.9,1930.2083333332796,3.2983333333333333,433.6504349112426,17.615916789940826,9446.482010968388,26.26537721893491,572.1553431873083,24.58660779266885,1930-03-01,20.65,,-0.5882352941176561,553.8607369942196,-21.704066393179186,0.03771131339401834,33.32519250626868,-0.25,0.5694130977248607,43.05869022751393,13.63930532132704,5.711240391571496,1.9167994552457575,0.44497654651931434,1930-03-01
1930.04,25.46,0.9733,1.397,17.0,1930.2916666666129,3.3024999999999998,458.4709499999999,17.52669975,10018.979274034042,25.156477499999994,549.7452492468797,25.843436862018308,1930-04-01,20.65,,0.591715976331364,553.8607369942196,-17.22270249953017,0.06349206349206349,33.911740507013235,-0.2200000000000002,0.5295280207336479,47.04719792663521,13.658491529184527,5.740611047950936,2.1225868171617543,0.4212041075652112,1930-04-01
1930.05,23.94,0.9742,1.343,16.9,1930.374999999946,3.3066666666666666,433.6504349112426,17.64671068047337,9508.711995671265,24.327173520710055,533.4252385207396,24.309760633908166,1930-05-01,20.65,,-0.5882352941176561,553.8607369942196,-21.704066393179186,-0.05970149253731338,34.50422310904875,-0.18999999999999995,0.598053223749827,40.194677625017306,13.674898650342746,5.762608134528263,1.8454945634501325,0.4479969311750109,1930-05-01
1930.06,21.52,0.975,1.29,16.8,1930.4583333332794,3.310833333333333,392.1347499999999,17.766328124999994,8630.855657100952,23.506218749999995,517.3700649470367,21.866899333389473,1930-06-01,20.65,,-1.7543859649122862,553.8607369942196,-29.199756579948282,-0.10108604845446956,35.824044768244704,-0.16000000000000014,0.7367326304673606,26.32673695326394,13.685660282979095,5.77429973227305,1.416836574084428,0.5043109751689462,1930-06-01
1930.07,21.06,0.9758,1.237,16.6,1930.5416666666126,3.3150000000000004,388.37621385542155,17.995133403614453,8581.136524325515,22.81203117469879,504.0297189264323,21.548797592546645,1930-07-01,20.65,,-4.046242774566466,553.8607369942196,-29.878363293429324,-0.021375464684014855,34.133319303647404,-0.1299999999999999,0.7120216094088203,28.79783905911797,13.696380427766854,5.785325636343459,1.3572990801850198,0.49396098510590175,1930-07-01
1930.08,20.79,0.9767,1.183,16.5,1930.6249999999459,3.319166666666667,385.7206499999999,18.120892681818177,8555.82704053638,21.94841409090909,486.8467238554372,21.300602241118145,1930-08-01,20.65,,-4.624277456647407,553.8607369942196,-30.35782747603834,-0.012820512820512775,33.12152604577487,-0.09999999999999964,0.6976237405485302,30.237625945146984,13.705355393251114,5.794627566467334,1.3107394324735586,0.48709007540374777,1930-08-01
1930.09,20.78,0.9775,1.13,16.6,1930.7083333332791,3.3233333333333333,383.21261746987943,18.026483810240958,8533.516413910706,20.838799698795174,464.04588776319036,21.07258178844731,1930-09-01,20.65,,-4.046242774566466,553.8607369942196,-30.810654759613538,-0.00048100048100041537,32.491020081106505,-0.07000000000000028,0.6906469656086958,30.935303439130422,13.715718470021178,5.804476827160856,1.2674464103295584,0.482901139116415,1930-09-01
1930.1,17.92,0.9783,1.077,16.5,1930.7916666666124,3.3275,332.4730181818182,18.150577772727267,7437.31073131081,19.981776818181814,446.98569517978467,18.214870154658627,1930-10-01,20.65,,-4.624277456647407,553.8607369942196,-39.97173008035627,-0.13763233878729542,33.45491597546453,-0.03999999999999959,0.8191017512438462,18.089824875615378,13.716030890493686,5.804716615642308,0.775031678900854,0.5397130419305177,1930-10-01
1930.11,16.62,0.9792,1.023,16.4,1930.8749999999457,3.3316666666666666,310.23408841463413,18.27805170731707,6973.9061037402,19.095636128048778,429.2602854468246,16.93971137777516,1930-11-01,20.65,,-5.202312138728338,553.8607369942196,-43.98698667497857,-0.0725446428571429,22.608785547597883,-0.010000000000000231,0.6667104769006966,33.32895230993034,13.709142353754835,5.799398290008045,0.5570524496629882,0.49079543026766914,1930-11-01
1930.12,15.51,0.98,0.97,16.1,1930.958333333279,3.3358333333333325,294.90916304347815,18.633847826086953,6664.316123954704,18.443706521739124,416.7883069139951,16.05500185653132,1930-12-01,20.65,,-6.3953488372092915,553.8607369942196,-46.75391423411983,-0.06678700361010836,22.26694607425504,0.019999999999999574,0.6992275491755705,30.07724508244295,13.696117216798338,5.788810262652603,0.40749040523087915,0.5064152403974408,1930-12-01
1931.01,15.98,0.9667,0.94,15.9,1931.0416666666122,3.34,307.6677641509433,18.61216693396226,6987.682807824653,18.0981037735849,411.040165166156,16.705478731547604,1931-01-01,17.06,,-7.017543859649134,553.8607369942196,-44.45033857777243,0.030303030303030276,22.6224545238081,0.04999999999999982,0.6738392795771634,32.61607204228366,13.684247485956702,5.7782074630508555,0.5228665230368368,0.4948282089433251,1931-01-01
1931.02,17.2,0.9533,0.91,15.7,1931.1249999999454,3.3683333333333327,335.3753503184713,18.587983805732485,7652.15194814104,17.74369585987261,404.85222516327593,18.161492436976086,1931-02-01,17.06,,-7.647058823529418,553.8607369942196,-39.44771168677886,0.07634543178973718,23.2230929217593,0.07416666666666627,0.6111518951938116,38.88481048061884,13.674476215369952,5.767614545804305,0.7779674224017361,0.4657874665785108,1931-02-01
1931.03,17.53,0.94,0.88,15.6,1931.2083333332787,3.3966666666666665,344.0009663461538,18.446144230769224,7884.033179997318,17.268730769230768,395.7757671647256,18.579561032791283,1931-03-01,17.06,,-7.692307692307687,553.8607369942196,-37.890349799295485,0.01918604651162803,22.77256906155605,0.09833333333333316,0.5752441988679385,42.47558011320615,13.664009485042472,5.755236966116549,0.8541006350717942,0.4514147609383755,1931-03-01
1931.04,15.86,0.9267,0.85,15.5,1931.291666666612,3.425,313.23755806451607,18.30247446774193,7213.933448188325,16.78763709677419,386.6231671475458,16.87231533160966,1931-04-01,17.06,,-8.823529411764708,553.8607369942196,-43.444707822323,-0.09526525955504861,21.656129198269465,0.12250000000000005,0.6368982414380169,36.31017585619831,13.6430722582002,5.729689415061244,0.5635982754878419,0.48230489198077703,1931-04-01
1931.05,14.33,0.9133,0.82,15.3,1931.3749999999452,3.453333333333333,286.7194166666666,18.27361083333333,6638.284972442274,16.406833333333328,379.85999144470793,15.401539999110106,1931-05-01,17.06,,-9.467455621301768,553.8607369942196,-48.2325795067761,-0.09646910466582592,22.379919726112245,0.1466666666666665,0.7218179637063764,27.81820362936236,13.621787611850886,5.708789182746376,0.3117565442139904,0.5200829544453782,1931-05-01
1931.06,13.87,0.9,0.79,15.1,1931.4583333332785,3.4816666666666665,281.19128642384095,18.24600993377483,6545.498141225627,16.01594205298013,372.81496262207975,15.062476074643241,1931-06-01,17.06,,-10.119047619047628,553.8607369942196,-49.23068785307747,-0.032100488485694356,21.362013675498822,0.1708333333333334,0.7146848310227254,28.53151689772746,13.593520972597227,5.676209714268535,0.2587915485845136,0.5199521500289754,1931-06-01
1931.07,14.33,0.8867,0.76,15.1,1931.5416666666117,3.51,290.517024834437,17.976374453642382,6797.45105483648,15.407741721854302,360.506824959925,15.516750095516311,1931-07-01,17.06,,-9.036144578313266,553.8607369942196,-47.54691830819034,0.03316510454217747,22.38901560213581,0.1949999999999994,0.7127332732807921,28.726672671920795,13.572331810213361,5.654652330965262,0.34386168618275303,0.5174278496014124,1931-07-01
1931.08,13.9,0.8733,0.73,15.1,1931.624999999945,3.5383333333333336,281.7994867549669,17.704711639072844,6628.00098832818,14.799541390728473,348.08926053809853,15.006276602886537,1931-08-01,17.06,,-8.484848484848484,553.8607369942196,-49.120876795802204,-0.03000697836706212,22.31441100227872,0.21916666666666673,0.732269202373008,26.773079762699204,13.549912640460702,5.632820540676137,0.25854968250968274,0.5273540003102093,1931-08-01
1931.09,11.83,0.86,0.7,15.0,1931.7083333332782,3.566666666666667,241.43255499999995,17.551309999999997,5712.960682418369,14.285949999999996,338.0450107939863,12.81774526110688,1931-09-01,17.06,,-9.63855421686748,553.8607369942196,-56.409158679446215,-0.1489208633093525,24.886900944056446,0.24333333333333362,0.8518645746883202,14.813542531167979,13.522766187528052,5.612642580348012,-0.12561300961684563,0.5893233945381432,1931-09-01
1931.1,10.25,0.8467,0.67,14.9,1931.7916666666115,3.595,210.59106543624156,17.395849278523485,5017.468724628427,13.765464765100669,327.97112639034594,11.145926407660927,1931-10-01,17.06,,-9.696969696969692,553.8607369942196,-61.97761434054506,-0.13355874894336428,24.72140828172826,0.26750000000000007,0.8778408733778715,12.215912662212848,13.491913478609305,5.5950191961740305,-0.41929919964396273,0.617275555682255,1931-10-01
1931.11,10.39,0.8333,0.64,14.7,1931.8749999999447,3.6233333333333335,216.37175,17.3534725,5189.6520952359315,13.327999999999998,319.67058141973007,11.415600295644674,1931-11-01,17.06,,-10.365853658536583,553.8607369942196,-60.93390710916954,0.013658536585365866,25.09965866692386,0.29166666666666696,0.8818394655934502,11.816053440654983,13.461470493937064,5.57633503828381,-0.36688437553458636,0.6195813129577076,1931-11-01
1931.12,8.44,0.82,0.61,14.6,1931.958333333278,3.651666666666667,176.9668561643835,17.19346232876712,4278.89541894469,12.790258561643833,309.2566594260973,9.306032867968314,1931-12-01,17.06,,-9.316770186335411,553.8607369942196,-68.0484922753731,-0.18768046198267574,29.286377484344555,0.3158333333333343,0.918985169080409,8.101483091959105,13.42709776540078,5.563656323862771,-0.7407116215566794,0.6334885591781431,1931-12-01
1932.01,8.3,0.7933,0.5933,14.3,1932.0416666666113,3.68,177.68239510489508,16.982583618881115,4330.415091966884,12.70108012237762,309.54641856192194,9.312406455177843,1932-01-01,20.69,,-10.062893081761004,553.8607369942196,-67.91930114613821,-0.016587677725118377,28.313811101829167,0.3400000000000003,0.9114428760860965,8.855712391390346,13.390909197787293,5.547866600638571,-0.735147947165854,0.6317550066301338,1932-01-01
1932.02,8.23,0.7667,0.5767,14.1,1932.1249999999445,3.649166666666667,178.68293085106382,16.64595420212766,4388.607272630483,12.520831861702124,307.5224561513972,9.3369322510084,1932-02-01,20.69,,-10.191082802547768,553.8607369942196,-67.73865361520856,-0.008433734939759074,25.300484695349184,0.28083333333333416,0.883916051408152,11.6083948591848,13.354456350005485,5.531199548540726,-0.7263386655534805,0.6199018679928532,1932-02-01
1932.03,8.26,0.74,0.56,14.0,1932.2083333332778,3.6183333333333336,180.61522499999995,16.181024999999998,4469.184417963322,12.245099999999999,302.9955537602252,9.413065028012209,1932-03-01,20.69,,-10.256410256410254,553.8607369942196,-67.38977635782749,0.0036452004860265674,24.833947411696023,0.22166666666666712,0.8790425785205326,12.095742147946742,13.318351940949357,5.51431590458573,-0.7082087752153434,0.6159774024821864,1932-03-01
1932.04,6.28,0.7133,0.5433,13.9,1932.291666666611,3.5875000000000004,138.30796402877695,15.709406169064746,3454.7169753998414,11.965400773381294,298.8770275055309,7.192233196115484,1932-04-01,20.69,,-10.322580645161283,553.8607369942196,-75.02838623669754,-0.23970944309927356,30.69425210462092,0.16250000000000053,0.928867727510478,7.113227248952203,13.274932842331628,5.500789341646164,-1.1057866914052445,0.6311974546286673,1932-04-01
1932.05,5.51,0.6867,0.5267,13.7,1932.3749999999443,3.5566666666666666,123.121352189781,15.344361624087588,3107.318974799483,11.76914994525547,297.0281132535186,6.390857289881442,1932-05-01,20.69,,-10.457516339869288,553.8607369942196,-77.77034117674494,-0.1226114649681529,31.04716133008811,0.1033333333333335,0.9311644858887321,6.883551411126787,13.230385350099828,5.491387435544381,-1.2455009122007723,0.6297825700610562,1932-05-01
1932.06,4.77,0.66,0.51,13.6,1932.4583333332776,3.525833333333334,107.36971874999996,14.856187499999999,2741.026376263515,11.479781249999998,293.06571318540733,5.565059371528964,1932-06-01,20.69,,-9.93377483443708,553.8607369942196,-80.61431121969555,-0.1343012704174229,31.280210767761034,0.044166666666667354,0.9326433403540013,6.735665964599868,13.184833453088757,5.486753945439946,-1.3887581177013788,0.6280814191239005,1932-06-01
1932.07,5.01,0.6333,0.4933,13.6,1932.5416666666108,3.495,112.77196874999997,14.255187187499997,2909.2662079848046,11.1038746875,286.4552934927953,5.838763671851199,1932-07-01,20.69,,-9.93377483443708,553.8607369942196,-79.63893065213306,0.05031446540880502,32.00139032612304,-0.01499999999999968,0.9370348474409507,6.296515255904933,13.138869778317783,5.478764475871041,-1.3324365627719337,0.6285246966043327,1932-07-01
1932.08,7.53,0.6067,0.4767,13.5,1932.624999999944,3.464166666666667,170.75111666666666,13.75759661111111,4434.575676451693,10.809702166666666,280.73867529409324,8.83465320518121,1932-08-01,20.69,,-10.596026490066224,553.8607369942196,-69.17074902378417,0.5029940119760481,66.63884715885159,-0.07416666666666671,0.9706877692486436,2.931223075135636,13.09905305990414,5.457715762557753,-0.7813524998825558,0.6425219692370252,1932-08-01
1932.09,8.26,0.58,0.46,13.4,1932.7083333332773,3.4333333333333336,188.70247388059695,13.2502947761194,4929.467149412429,10.508854477611939,274.52238362345247,9.761168564063706,1932-09-01,20.69,,-10.666666666666668,553.8607369942196,-65.92961709026753,0.09694555112881797,66.59323683856118,-0.1333333333333333,0.9706877692486436,2.931223075135636,13.062676954854444,5.436098129068047,-0.6073305360579909,0.6447407192370253,1932-09-01
1932.1,7.12,0.5533,0.4433,13.3,1932.7916666666106,3.4025,163.8817894736842,12.73536434210526,4308.801191403304,10.203482763157892,268.2712876613882,8.478606607689082,1932-10-01,20.69,,-10.738255033557042,553.8607369942196,-70.41101155444521,-0.13801452784503632,66.68149316960817,-0.19250000000000034,0.9706877692486436,2.931223075135636,13.028994124870636,5.426796910302915,-0.838503373609306,0.6469594692370253,1932-10-01
1932.11,7.05,0.5267,0.4267,13.2,1932.8749999999438,3.3716666666666666,163.49991477272724,12.214951079545452,4325.523981792186,9.895803352272726,261.80157206109584,8.463309567122897,1932-11-01,20.69,,-10.204081632653061,553.8607369942196,-70.47995933778681,-0.0098314606741573,66.61276854625301,-0.2516666666666669,0.9706877692486436,2.931223075135636,12.995812925737441,5.418061760110994,-0.8365543914585595,0.6491782192370252,1932-11-01
1932.12,6.82,0.5,0.41,13.1,1932.958333333277,3.3408333333333338,159.37324809160302,11.684255725190837,4242.10935116502,9.581089694656487,255.02416920493522,8.25707399910068,1932-12-01,20.69,,-10.273972602739722,553.8607369942196,-71.22503231470868,-0.03262411347517724,64.03171046158516,-0.3108333333333331,0.9706877692486436,2.931223075135636,12.964212486493766,5.412414027758925,-0.8696929804799381,0.6513969692370253,1932-12-01
1933.01,7.09,0.495,0.4125,12.9,1933.0416666666104,3.31,168.25147093023253,11.74675290697674,4504.480714127301,9.788960755813951,262.07310219711025,8.728046162813529,1933-01-01,26.33,,-9.790209790209792,553.8607369942196,-69.62206206503703,0.03958944281524923,64.15771224750534,-0.3700000000000001,0.9706877692486436,2.931223075135636,12.93201780346317,5.403011340847165,-0.7780793663835767,0.6536157192370252,1933-01-01
1933.02,6.25,0.49,0.415,12.7,1933.1249999999436,3.2941666666666674,150.65329724409446,11.811218503937006,4059.688068952392,10.003378937007872,269.5632877784388,7.826051751316596,1933-02-01,26.33,,-9.9290780141844,553.8607369942196,-72.79942642952378,-0.11847672778561347,65.26215344443344,-0.35499999999999954,0.9706877692486436,2.931223075135636,12.897903915223626,5.396349135726315,-0.9398673133154106,0.6530532192370252,1933-02-01
1933.03,6.23,0.485,0.4175,12.6,1933.2083333332769,3.2783333333333333,151.36304166666665,11.783479166666664,4105.274714395448,10.143510416666665,275.1127115987319,7.874681322943168,1933-03-01,26.33,,-9.999999999999998,553.8607369942196,-72.67128150514732,-0.0031999999999999806,65.25183795446404,-0.3400000000000003,0.9706877692486436,2.931223075135636,12.8645431400516,5.390156196359111,-0.9257360334898892,0.6524907192370253,1933-03-01
1933.04,6.89,0.48,0.42,12.6,1933.2916666666101,3.2624999999999997,167.39829166666664,11.661999999999997,4566.541536237633,10.204249999999998,278.36682804351324,8.723101646068113,1933-04-01,26.33,,-9.35251798561152,553.8607369942196,-69.77610426492215,0.10593900481540919,60.936323662548055,-0.3250000000000006,0.9706877692486436,2.931223075135636,12.83605169295227,5.384846323971712,-0.7638008216826064,0.6519282192370253,1933-04-01
1933.05,8.87,0.475,0.4225,12.6,1933.3749999999434,3.2466666666666666,215.5040416666666,11.540520833333332,5905.077265927026,10.26498958333333,281.2734097919017,11.249651251932447,1933-05-01,26.33,,-8.029197080291972,553.8607369942196,-61.09057254424668,0.2873730043541365,64.19404152455932,-0.31000000000000005,0.9706877692486436,2.931223075135636,12.814648338865863,5.375763353315783,-0.2911209039676427,0.6513657192370252,1933-05-01
1933.06,10.39,0.47,0.425,12.7,1933.4583333332766,3.2308333333333334,250.44604133858266,11.329127952755902,6888.40061449552,10.244424212598423,281.7680713340323,13.098875517269521,1933-06-01,26.33,,-6.617647058823528,553.8607369942196,-54.78176649644034,0.17136414881623474,61.64506198309911,-0.2950000000000004,0.958992086644711,4.100791335528897,12.801538127183365,5.369277199747269,0.055377545063263194,0.6243103991454014,1933-06-01
1933.07,11.23,0.465,0.4275,13.1,1933.54166666661,3.215,262.4283835877862,10.86635782442748,7242.8754762166645,9.990038645038165,275.7194359824242,13.754304493874534,1933-07-01,26.33,,-3.676470588235292,553.8607369942196,-52.6183449991464,0.08084696823869097,61.56365804888064,-0.28000000000000025,0.952929285613038,4.707071438696198,12.792749588514218,5.365107959360347,0.17922377567122752,0.6190652266717105,1933-07-01
1933.08,10.67,0.46,0.43,13.2,1933.6249999999432,3.1991666666666667,247.45306249999996,10.668079545454546,6854.101136526285,9.972335227272726,276.21963343076874,12.999527050367737,1933-08-01,26.33,,-2.2222222222222254,553.8607369942196,-55.32215122470713,-0.04986642920747997,42.039601011442265,-0.2650000000000001,0.9603856469104474,3.9614353089552634,12.783584055901619,5.36191863127406,0.040273456073466676,0.6253681296137568,1933-08-01
1933.09,10.58,0.455,0.4325,13.2,1933.7083333332764,3.1833333333333336,245.36582954545452,10.552122159090908,6820.6443010816665,10.030313920454544,278.8212344251248,12.922920614885996,1933-09-01,26.33,,-1.4925373134328401,553.8607369942196,-55.69900280762901,-0.008434864104967188,41.68785438200698,-0.25,0.9613304913391888,3.8669508660811203,12.77599672673409,5.359777174028379,0.027412312747598398,0.6261631735233676,1933-09-01
1933.1,9.55,0.45,0.435,13.2,1933.7916666666097,3.1675000000000004,221.47860795454542,10.43616477272727,6180.805976996264,10.08829261363636,281.53409424014393,11.696253568143696,1933-10-01,26.33,,-0.7518796992481258,553.8607369942196,-60.0118598121793,-0.09735349716446118,40.099484739697935,-0.23499999999999943,0.9706877692486436,2.931223075135636,12.766117031573991,5.358476562872131,-0.1996581399353645,0.6485532192370252,1933-10-01
1933.11,9.78,0.445,0.4375,13.2,1933.874999999943,3.151666666666667,226.81264772727266,10.320207386363636,6353.663596160948,10.14627130681818,284.22574880576843,12.01176619338994,1933-11-01,26.33,,0.0,553.8607369942196,-59.04879465582342,0.024083769633507668,39.87064937698199,-0.21999999999999975,0.9684355744839823,3.156442551601768,12.756683388960358,5.35680194599258,-0.13906005916976075,0.642446424348511,1933-11-01
1933.12,9.97,0.44,0.44,13.2,1933.9583333332762,3.1358333333333333,231.2190284090909,10.204249999999998,6500.919603161272,10.204249999999998,286.90116603720753,12.281801622601119,1933-12-01,26.33,,0.7633587786259444,553.8607369942196,-58.25321909187723,0.01942740286298572,39.26739470519623,-0.20500000000000052,0.9680795866812167,3.192041331878326,12.746235909745222,5.354041886218792,-0.08674461220401515,0.6377814507978121,1933-12-01
1934.01,10.54,0.4408,0.4442,13.2,1934.0416666666094,3.12,244.4381704545454,10.22280318181818,6896.538923177123,10.301654204545452,290.649202056478,13.02511982833238,1934-01-01,34.69,,2.325581395348819,553.8607369942196,-55.86649240003872,0.057171514543630675,39.316406233324166,-0.18999999999999995,0.96970916394996,3.0290836050040015,12.738356148396049,5.351530626109384,0.05358535715693209,0.6294280265264751,1934-01-01
1934.02,11.32,0.4417,0.4483,13.3,1934.1249999999427,3.0925,260.5536315789473,10.166655394736837,7375.121295340505,10.31856828947368,292.0730456449777,13.926922904274301,1934-02-01,34.69,,4.7244094488189115,553.8607369942196,-52.95683297701122,0.07400379506641386,35.42070026922309,-0.20166666666666755,0.9609262515600335,3.907374843996647,12.735315660962561,5.350540690555714,0.22270781818649774,0.6235180408101677,1934-02-01
1934.03,10.74,0.4425,0.4525,13.3,1934.208333333276,3.065,247.20371052631575,10.185069078947366,7021.268578597412,10.415240131578944,295.821604452079,13.25453762974009,1934-03-01,34.69,,5.555555555555558,553.8607369942196,-55.36717192341878,-0.051236749116607805,36.58985606443596,-0.21333333333333337,0.9731656398405256,2.683436015947438,12.730239570555563,5.34917489676363,0.09801475354670856,0.6319781504643918,1934-03-01
1934.04,10.92,0.4433,0.4567,13.3,1934.2916666666092,3.0375000000000005,251.34678947368417,10.203482763157892,7163.0940634722,10.511911973684207,299.57738633587485,13.518389284490098,1934-04-01,34.69,,5.555555555555558,553.8607369942196,-54.61913569867159,0.016759776536312776,36.21690541069292,-0.2249999999999992,0.9707930606305623,2.9206939369437745,12.724553177980003,5.347240239497924,0.1484571612560711,0.6312078937977929,1934-04-01
1934.05,9.81,0.4442,0.4608,13.3,1934.3749999999425,3.0100000000000002,225.79780263157892,10.224198157894733,6459.258848709873,10.606282105263155,303.4073881228857,12.181583235024027,1934-05-01,34.69,,5.555555555555558,553.8607369942196,-59.23202575127916,-0.10164835164835162,27.50677893119867,-0.23666666666666636,0.9497992343112994,5.020076568870058,12.71526362892103,5.3452646930446726,-0.09984171496529148,0.6374648607653506,1934-05-01
1934.06,9.94,0.445,0.465,13.4,1934.4583333332757,2.9825,227.08263805970142,10.166174440298507,6520.2481370554215,10.623081156716415,305.02166838337735,12.287726483952428,1934-06-01,34.69,,5.51181102362206,553.8607369942196,-59.00004768489819,0.013251783893985625,21.314365733577503,-0.24833333333333352,0.9088506345017067,9.114936549829334,12.706411664602419,5.3433209748731825,-0.07835673406461006,0.6224104605000884,1934-06-01
1934.07,9.47,0.4458,0.4692,13.4,1934.541666666609,2.955,216.34533022388058,10.18445070895522,6236.315601228015,10.719031567164176,308.98408448745346,11.741524229318248,1934-07-01,34.69,,2.2900763358778775,553.8607369942196,-60.938677220924134,-0.0472837022132796,19.675005656317676,-0.2599999999999998,0.854811003370543,14.518899662945694,12.694481449601568,5.340659279128569,-0.17843437869318887,0.6089338511796901,1934-07-01
1934.08,9.1,0.4467,0.4733,13.4,1934.6249999999422,2.9275,207.8925559701492,10.205011511194026,6017.171997827945,10.812697444029848,312.95906665626,11.315025981829052,1934-08-01,34.69,,1.5151515151515138,553.8607369942196,-62.46483238758286,-0.03907074973600855,19.48055544126391,-0.2716666666666665,0.8389012874686669,16.109871253133313,12.68062137738762,5.337737807816327,-0.25583785579704865,0.6038029506140334,1934-08-01
1934.09,8.88,0.4475,0.4775,13.6,1934.7083333332755,2.9000000000000004,199.88324999999998,10.0729453125,5809.64900901711,10.7482265625,312.3994821853232,10.909954083288849,1934-09-01,34.69,,3.0303030303030276,553.8607369942196,-63.91091900018794,-0.02417582417582409,19.51539008543041,-0.2833333333333332,0.8647808600496599,13.521913995034007,12.664419583037965,5.334224865174961,-0.32890730032836185,0.6132983010173809,1934-09-01
1934.1,8.95,0.4483,0.4817,13.5,1934.7916666666088,2.8724999999999996,202.9511944444444,10.165700611111108,5923.441817776699,10.92308272222222,318.80691884056273,11.108352605351731,1934-10-01,34.69,,2.2727272727272707,553.8607369942196,-63.35699917169566,0.007882882882882747,17.260640865281143,-0.2950000000000008,0.8218737739576433,17.812622604235674,12.646295014244995,5.328376796956831,-0.2886324423925164,0.5987183208851752,1934-10-01
1934.11,9.2,0.4492,0.4858,13.5,1934.874999999942,2.8449999999999998,208.62022222222217,10.18610911111111,6113.6758542559855,11.016054777777775,322.8286663040824,11.448808690205704,1934-11-01,34.69,,2.2727272727272707,553.8607369942196,-62.33345166252514,0.027932960893854775,17.333674276127628,-0.3066666666666671,0.8229404509444707,17.705954905552936,12.627885593318428,5.3210079892315685,-0.22158901198774564,0.5995291578305648,1934-11-01
1934.12,9.26,0.45,0.49,13.4,1934.9583333332753,2.8175,211.54780970149247,10.280401119402983,6224.575494336127,11.194214552238805,329.37818490547545,11.639337566475886,1934-12-01,34.69,,1.5151515151515138,553.8607369942196,-61.8048733965953,0.006521739130434856,17.19153838903162,-0.31833333333333336,0.805522403009322,19.447759699067802,12.609773533451127,5.3132175104474175,-0.18264563140264184,0.5938703410532628,1934-12-01
1935.01,9.26,0.45,0.57,13.6,1935.0416666666085,2.79,208.43681249999995,10.129218749999998,6157.8744348328355,12.830343749999997,379.04842633420265,11.495907968201596,1935-01-01,34.84,,3.0303030303030276,553.8607369942196,-62.36656643488065,0.0,15.833342688582924,-0.33000000000000007,0.8156838983259389,18.43161016740611,12.590429244383758,5.304529309200919,-0.2063371153937581,0.5978643644140786,1935-01-01
1935.02,8.98,0.45,0.65,13.7,1935.1249999999418,2.7783333333333333,200.65875547445253,10.055282846715327,5952.84170940888,14.524297445255474,430.88497896612165,11.087812159055565,1935-02-01,34.84,,3.007518796992481,553.8607369942196,-63.770900865185055,-0.030237580993520474,12.99459490349304,-0.3141666666666665,0.7686069599323502,23.13930400676498,12.567981510448272,5.293700493993545,-0.27960957615040166,0.5807936859763224,1935-02-01
1935.03,8.41,0.45,0.73,13.7,1935.208333333275,2.7666666666666666,187.92206386861312,10.055282846715327,5599.84747664048,16.31190328467153,486.07475124227705,10.398272404790031,1935-03-01,34.84,,3.007518796992481,553.8607369942196,-66.0705207434528,-0.06347438752783963,13.383325290132914,-0.29833333333333334,0.7754482463255575,22.455175367444248,12.541778083588747,5.280978050448318,-0.40589179851197216,0.5825943862139451,1935-03-01
1935.04,9.04,0.446667,0.756667,13.8,1935.2916666666083,2.755,200.53569565217384,9.908482032065214,6000.323317035207,16.785259205978257,502.2396729348539,11.104210207149524,1935-04-01,34.84,,3.759398496240607,553.8607369942196,-63.79311941473353,0.07491082045184294,16.089901999924425,-0.28250000000000064,0.8334451672459643,16.655483275403572,12.518503868817742,5.268751050397908,-0.2684305347016552,0.6022995585360875,1935-04-01
1935.05,9.75,0.443333,0.783333,13.8,1935.3749999999416,2.743333333333333,216.28573369565214,9.834523402717387,6496.109600204928,17.37679514184782,521.9094380981873,11.985576683480101,1935-05-01,34.84,,3.759398496240607,553.8607369942196,-60.94943742186415,0.07853982300884965,15.537216753742694,-0.26666666666666705,0.825631087691013,17.4368912308987,12.500048560966732,5.258912870609599,-0.09782856079663382,0.5989708806918546,1935-05-01
1935.06,10.12,0.44,0.81,13.7,1935.4583333332748,2.731666666666667,226.13213868613133,9.83183211678832,6816.453032258455,18.09950912408759,545.5856676017144,12.539519324443896,1935-06-01,34.84,,2.238805970149249,553.8607369942196,-59.17166110864952,0.0379487179487179,15.950851819809508,-0.250833333333333,0.7922217692834652,20.77782307165348,12.48283649690634,5.248576572249952,0.010799657156046132,0.5832621519361967,1935-06-01
1935.07,10.65,0.44,0.793333,13.7,1935.541666666608,2.72,237.97502737226273,9.83183211678832,7198.138478728791,17.727083792518247,536.1991355629435,13.202137936511015,1935-07-01,34.84,,2.238805970149249,553.8607369942196,-57.03341806394441,0.052371541501976315,15.671259999207829,-0.23499999999999988,0.7627582241795446,23.724177582045535,12.466159426425683,5.236679753472548,0.14054296705795105,0.5703144999197594,1935-07-01
1935.08,11.37,0.44,0.776667,13.7,1935.6249999999413,2.708333333333333,254.06347992700725,9.83183211678832,7709.555516184639,17.354680806021896,526.6277356278431,14.105056846668958,1935-08-01,34.84,,2.238805970149249,553.8607369942196,-54.1286350598167,0.06760563380281681,15.601307031734615,-0.21916666666666718,0.724563808127807,27.543619187219303,12.450969838691975,5.223922336922916,0.31663698295930287,0.5535683903411028,1935-08-01
1935.09,11.61,0.44,0.76,13.7,1935.7083333332746,2.6966666666666668,259.42629744525544,9.83183211678832,7897.152440207895,16.98225547445255,516.9539926406545,14.418891702707441,1935-09-01,34.84,,0.7352941176470562,553.8607369942196,-53.160374058440794,0.02110817941952514,14.852759612579055,-0.2033333333333336,0.6518860967851999,34.811390321480005,12.436179281144781,5.210738580250875,0.38050506488222263,0.5269540084925055,1935-09-01
1935.1,11.92,0.45,0.76,13.7,1935.7916666666079,2.685,266.35327007299264,10.055282846715327,8133.522851316615,16.98225547445255,518.5803160235425,14.826232627114097,1935-10-01,34.84,,1.4814814814814836,553.8607369942196,-51.90970359833027,0.02670111972437561,14.756832215788023,-0.18749999999999956,0.6533644142574038,34.663558574259625,12.422092719513628,5.197349373880957,0.4625703862977471,0.5260953387349258,1935-10-01
1935.11,13.04,0.46,0.76,13.8,1935.874999999941,2.6733333333333333,289.268304347826,10.204249999999998,8859.236974917892,16.85919565217391,516.3358973111656,16.12960516325115,1935-11-01,34.84,,2.2222222222222365,553.8607369942196,-47.772375792934206,0.09395973154362403,16.29703020964471,-0.1716666666666664,0.6481288291083989,35.18711708916011,12.412887384708034,5.187804631820141,0.7164336443485354,0.5199067121091796,1935-11-01
1935.12,13.04,0.47,0.76,13.8,1935.9583333332744,2.6616666666666666,289.268304347826,10.426081521739127,8885.846390678445,16.85919565217391,517.8867528309523,16.159192714615337,1935-12-01,34.84,,2.9850746268656803,553.8607369942196,-47.772375792934206,0.0,16.41432061725265,-0.15583333333333327,0.6735459608555433,32.64540391444567,12.40339080666781,5.177771438046259,0.7253703553520919,0.5288047389542506,1935-12-01
1936.01,13.76,0.48,0.77,13.8,1936.0416666666076,2.65,305.2401739130434,10.647913043478257,9403.733143509398,17.08102717391304,526.2263459667323,17.087359845997245,1936-01-01,34.87,,1.4705882352941346,553.8607369942196,-44.888641941010334,0.05521472392638049,16.242933644438704,-0.14000000000000012,0.577604652665604,42.2395347334396,12.394932355515554,5.167587277131023,0.9080499735820361,0.4923915030434821,1936-01-01
1936.02,14.55,0.49,0.78,13.8,1936.1249999999409,2.6525,322.7648641304347,10.869744565217388,9971.533648843633,17.30285869565217,534.5564430307927,18.104536459517796,1936-02-01,34.87,,0.7299270072992803,553.8607369942196,-41.72454507570496,0.057412790697674465,14.722538152091753,-0.12583333333333346,0.462871906506635,53.712809349336496,12.390037310781784,5.161320649334577,1.1071777045033528,0.44915848962273724,1936-02-01
1936.03,14.86,0.5,0.79,13.7,1936.2083333332741,2.6550000000000002,332.0477846715328,11.172536496350363,10287.085028465404,17.652607664233575,546.8907922266266,18.66047820392603,1936-03-01,34.87,,0.0,553.8607369942196,-40.04850633147548,0.02130584192439855,9.684573041158592,-0.11166666666666636,0.2969963418322913,70.30036581677088,12.38837349184587,5.159196141757173,1.2157135607455196,0.38942632201504734,1936-03-01
1936.04,14.88,0.516667,0.82,13.7,1936.2916666666074,2.6574999999999998,332.4946861313868,11.544961827919707,10330.736316976136,18.322959854014595,569.3013292957279,18.7189996651515,1936-04-01,34.87,,-0.7246376811594346,553.8607369942196,-39.96781791469415,0.0013458950201885589,10.305217200840637,-0.09750000000000014,0.3089661499933335,69.10338500066665,12.387936810370972,5.158652097471045,1.2272707550649211,0.3934515424087989,1936-04-01
1936.05,14.09,0.533333,0.85,13.7,1936.3749999999407,2.66,314.8420784671532,11.917364814416054,9813.119506420626,18.993312043795616,591.9908857670356,17.750192519328646,1936-05-01,34.87,,-0.7246376811594346,553.8607369942196,-43.15501037755649,-0.053091397849462374,13.296675430051138,-0.08333333333333304,0.42718839216009896,57.2811607839901,12.387092777199866,5.157747232604834,1.0398143802445,0.43773694782678374,1936-05-01
1936.06,14.69,0.55,0.88,13.8,1936.458333333274,2.6625,325.8705054347825,12.200733695652172,10188.54754279293,19.521173913043473,610.3418541632252,18.39300106583135,1936-06-01,34.87,,0.7299270072992803,553.8607369942196,-41.16381904894199,0.04258339247693388,13.32800645664822,-0.06916666666666682,0.4193064446660512,58.06935553339487,12.387704818003572,5.15844871163352,1.1641670943212863,0.43278124049924693,1936-06-01
1936.07,15.56,0.57,0.9,13.9,1936.5416666666072,2.665,342.6866115107913,12.553429856115105,10747.021316723762,19.821205035971218,621.6143435122998,19.360464512319144,1936-07-01,34.87,,1.4598540145985384,553.8607369942196,-38.127657618314295,0.05922396187882928,13.458069817686344,-0.05500000000000016,0.39706677787735556,60.29332221226444,12.390941663472475,5.162467001845579,1.3500372682973214,0.4216766449018006,1936-07-01
1936.08,15.87,0.59,0.92,14.0,1936.6249999999404,2.6675000000000004,347.0173874999999,12.901087499999997,10916.555117540009,20.11695,632.8437749298556,19.623060162983762,1936-08-01,34.87,,2.1897810218978186,553.8607369942196,-37.345732542218165,0.019922879177377784,12.947048571567946,-0.04083333333333261,0.3956535104288958,60.43464895711041,12.392763354265348,5.164909193086691,1.3998884662669917,0.4200645391123371,1936-08-01
1936.09,16.05,0.61,0.94,14.0,1936.7083333332737,2.67,350.9533124999999,13.338412499999999,11075.339289329475,20.554274999999993,648.649154639857,19.86202424328763,1936-09-01,34.87,,2.1897810218978186,553.8607369942196,-36.63509812870836,0.011342155009451904,13.046850777086924,-0.02666666666666684,0.3867476162955083,61.32523837044916,12.39459955026892,5.1674532305542344,1.4450880075440555,0.4158763568499067,1936-09-01
1936.1,16.89,0.646667,0.966667,14.0,1936.791666666607,2.6725000000000003,369.32096249999995,14.140182288749997,11692.16938522072,21.137382288749997,669.1790587982924,20.913091852533125,1936-10-01,34.87,,2.1897810218978186,553.8607369942196,-33.31880419899589,0.0523364485981308,13.26910731752802,-0.012499999999999734,0.34076997131181636,65.92300286881836,12.402426525112434,5.17823477315172,1.6435456676369842,0.39590197212991407,1936-10-01
1936.11,17.36,0.683333,0.993333,14.0,1936.8749999999402,2.675,379.5980999999999,14.941930211249996,12056.948744383713,21.720467711249995,689.8943011005132,21.49976534102416,1936-11-01,34.87,,1.4492753623188248,553.8607369942196,-31.463258785942504,0.027827116637063387,11.300641883326415,0.0016666666666664831,0.2536671868754867,74.63328131245133,12.411754063131925,5.191609007730363,1.7505192059648724,0.36286358973379096,1936-11-01
1936.12,17.06,0.72,1.02,14.0,1936.9583333332735,2.6774999999999998,373.0382249999999,15.743699999999995,11890.262817042003,22.303574999999995,710.9066865992288,21.125663548155444,1936-12-01,34.87,,1.4492753623188248,553.8607369942196,-32.647649475125526,-0.017281105990783474,11.831024730794327,0.015833333333333144,0.2794581704903719,72.05418295096281,12.421380896132996,5.204565009096824,1.6724323044881992,0.37313784401313776,1936-12-01
1937.01,17.59,0.73,1.05,14.1,1937.0416666666067,2.68,381.8994840425531,15.849154255319146,12214.805741205195,22.79672872340425,729.1384893840508,21.61874158295351,1937-01-01,34.79,,2.1739130434782483,553.8607369942196,-31.04774205243242,0.031066822977725783,11.35454436496635,0.03000000000000025,0.2679906842091589,73.20093157908411,12.43360263982535,5.221002354918502,1.759267343458522,0.3674449392992692,1937-01-01
1937.02,18.11,0.74,1.08,14.1,1937.12499999994,2.67,393.1892925531914,16.066265957446806,12618.725317070326,23.44806382978723,752.5247566226367,22.244221552805165,1937-02-01,34.79,,2.1739130434782483,553.8607369942196,-29.009358076722634,0.02956225127913581,10.707803244435448,0.01750000000000007,0.2305146675395511,76.94853324604489,12.450344723892128,5.242786647715875,1.8680670198891147,0.35092097534839706,1937-02-01
1937.03,18.09,0.75,1.11,14.2,1937.2083333332732,2.66,389.9891883802816,16.16870598591549,12559.265753048581,23.92968485915493,770.634880369482,22.042197016050576,1937-03-01,34.79,,3.649635036496357,553.8607369942196,-29.587139450119253,-0.001104362230811673,10.884675834095583,0.004999999999999893,0.2783946948180326,72.16053051819674,12.47077431211455,5.265807548340616,1.8176552439620042,0.3667383567010413,1937-03-01
1937.04,17.01,0.78,1.13,14.3,1937.2916666666065,2.6500000000000004,364.14187237762235,16.697863636363632,11771.686906620453,24.190494755244746,782.0109467654971,20.556579457432864,1937-04-01,34.79,,4.379562043795637,553.8607369942196,-34.25389307178444,-0.05970149253731338,13.287771086471512,-0.007499999999999396,0.42465606824192526,57.53439317580747,12.487126727536298,5.281771465316911,1.52779285943838,0.42203319653948795,1937-04-01
1937.05,16.25,0.81,1.15,14.4,1937.3749999999397,2.64,345.45638020833326,17.219671875,11214.025923119336,24.44768229166666,793.6079884053682,19.47417468657211,1937-05-01,34.79,,5.109489051094895,553.8607369942196,-37.62757365992191,-0.044679600235155825,12.858705123549063,-0.020000000000000018,0.49391045857140087,50.60895414285991,12.502915804017267,5.2941586976643356,1.316783134141862,0.44954207107572397,1937-05-01
1937.06,15.64,0.84,1.17,14.4,1937.458333333273,2.63,332.4884791666666,17.857437499999996,10841.375215520295,24.87285937499999,811.0235934884106,18.711659960364965,1937-06-01,34.79,,4.347826086956519,553.8607369942196,-39.96893858714945,-0.03753846153846152,13.308352937612748,-0.032500000000000195,0.5187765022648207,48.122349773517925,12.518380776260852,5.304159514250054,1.1676268723565661,0.4604770102188722,1937-06-01
1937.07,16.57,0.816667,1.18667,14.5,1937.5416666666063,2.62,349.82983965517235,17.24167083051724,11453.670559452448,25.053263477586203,820.2611492326757,19.646723279607627,1937-07-01,34.79,,4.316546762589923,553.8607369942196,-36.83794205133855,0.0594629156010229,13.31881220497196,-0.04499999999999993,0.46587403661609517,53.412596338390486,12.535218876043203,5.317160512462546,1.3374628031063258,0.43809730994608115,1937-07-01
1937.08,16.74,0.793333,1.20333,14.5,1937.6249999999395,2.6100000000000003,353.4189206896551,16.74903779017241,11616.877473389408,25.40499341896551,835.0619575898253,19.806982577380964,1937-08-01,34.79,,3.571428571428581,553.8607369942196,-36.189930593808526,0.010259505129752489,13.242934819501997,-0.05750000000000011,0.4287742332523725,57.12257667476275,12.555478628745798,5.330954605010502,1.360263683697393,0.4238611301871992,1937-08-01
1937.09,14.37,0.77,1.22,14.6,1937.7083333332728,2.6,301.30494349315063,16.145080479452055,9948.115461116226,25.580517123287667,844.5860029618508,16.847882862705806,1937-09-01,34.79,,4.285714285714293,553.8607369942196,-45.59915094752506,-0.1415770609318996,19.710141155560475,-0.06999999999999984,0.7469452618495466,25.305473815045342,12.568032276537378,5.335737805311901,0.8021103626770597,0.5455256205634372,1937-09-01
1937.1,12.28,0.78,1.19,14.6,1937.791666666606,2.59,257.48258219178075,16.354756849315066,8546.241152921348,24.951488013698626,828.1780921804891,14.361659574753352,1937-10-01,34.79,,4.285714285714293,553.8607369942196,-53.511313405400685,-0.14544189283228948,22.824476612526396,-0.08250000000000046,0.8722830103074609,12.771698969253908,12.577837330486553,5.335781690044905,0.33431319868181997,0.5982369172134027,1937-10-01
1937.11,11.2,0.79,1.16,14.5,1937.8749999999393,2.58,236.4571034482758,16.67867068965517,7894.505871319678,24.490199999999994,817.6452509581095,13.158119166486063,1937-11-01,34.79,,3.571428571428581,553.8607369942196,-57.307480445080984,-0.08794788273615639,22.88752590945176,-0.09499999999999975,0.8894801220183219,11.051987798167806,12.584967723840155,5.334834514638547,0.10743565542158931,0.6085803219599236,1937-11-01
1937.12,11.02,0.8,1.13,14.4,1937.9583333332725,2.57,234.2725729166666,17.00708333333333,7868.8891918017125,24.022505208333325,806.8824670359287,13.008483033706137,1937-12-01,34.79,,2.857142857142869,553.8607369942196,-57.70189918352858,-0.016071428571428514,22.8973352857873,-0.10749999999999993,0.8826201001480922,11.737989985190778,12.589620992723196,5.334470289005858,0.0785198938770358,0.6066924405612776,1937-12-01
1938.01,11.31,0.793333,1.07667,14.2,1938.0416666666058,2.56,243.82408626760562,17.10289070123239,8237.583067256934,23.21114756514084,784.1873175087111,13.511461918562418,1938-01-01,34.85,,0.7092198581560183,553.8607369942196,-55.977365792197276,0.026315789473684292,22.755350631954443,-0.1200000000000001,0.8322868533011275,16.77131466988725,12.594089029640683,5.334567180531639,0.17196763258876233,0.5871517364556318,1938-01-01
1938.02,11.04,0.786667,1.02333,14.1,1938.124999999939,2.5433333333333334,239.6913191489361,17.079461137765954,8146.043481796767,22.217691813829784,755.0806771944825,13.26307623646087,1938-02-01,34.85,,0.0,553.8607369942196,-56.72354020800762,-0.023872679045092937,21.73038883853733,-0.12666666666666648,0.8107066322722237,18.929336772777628,12.598834112811005,5.334399932321031,0.12452049566535767,0.5804163887130069,1938-02-01
1938.03,10.31,0.78,0.97,14.1,1938.2083333332723,2.5266666666666664,223.842164893617,16.934712765957446,7655.362420619699,21.059835106382973,720.2426331717854,12.37728623469769,1938-03-01,34.85,,-0.7042253521126751,553.8607369942196,-59.58511771236943,-0.066123188405797,21.481324919334536,-0.13333333333333375,0.8348604447124299,16.51395552875701,12.599924733839432,5.334314150220378,-0.04173704301471319,0.5951267442111976,1938-03-01
1938.04,9.89,0.766667,0.903333,14.2,1938.2916666666056,2.51,213.2113362676056,16.52801774947183,7338.894570009892,19.4743009125,670.3200858049289,11.789517720684183,1938-04-01,34.85,,-0.6993006993007089,553.8607369942196,-61.50452234171804,-0.040737148399612066,21.412837768149384,-0.14000000000000057,0.8377095454585933,16.229045454140667,12.598093146512525,5.3344793523307805,-0.15157532205557303,0.5984483409105077,1938-04-01
1938.05,9.98,0.753333,0.836667,14.1,1938.3749999999388,2.493333333333333,216.67747872340422,16.355740989893615,7505.116542833111,18.165019648404254,629.1867076695944,11.992275930545693,1938-05-01,34.85,,-2.083333333333337,553.8607369942196,-60.878707543108334,0.009100101112234471,22.01532089462099,-0.14666666666666694,0.8457347286912318,15.42652713087682,12.595075992554492,5.334514074909415,-0.11299999466568741,0.6015071550419311,1938-05-01
1938.06,10.21,0.74,0.77,14.1,1938.458333333272,2.4766666666666666,221.6710478723404,16.066265957446806,7724.454451149044,16.717601063829786,582.5494542002707,12.288966307788131,1938-06-01,34.85,,-2.083333333333337,553.8607369942196,-59.977114630775155,0.023046092184368705,22.84267703494824,-0.15333333333333332,0.8560351187450636,14.396488125493645,12.592957331939374,5.334483683625048,-0.056986025673747234,0.6052478647146481,1938-06-01
1938.07,12.24,0.713333,0.72,14.1,1938.5416666666054,2.46,265.7447234042553,15.487294181382977,9305.23978168277,15.632042553191486,547.3670459813393,14.77032801749207,1938-07-01,34.85,,-2.758620689655178,553.8607369942196,-52.01957718713888,0.19882468168462286,31.567991483915435,-0.16000000000000014,0.8932875748923464,10.671242510765355,12.596915223363423,5.335572039780813,0.40734391325319463,0.6059047980315619,1938-07-01
1938.08,12.31,0.686667,0.67,14.1,1938.6249999999386,2.4433333333333334,267.2645053191489,14.90834411648936,9401.958208301658,14.546484042553189,511.72315187344515,14.903588512604365,1938-08-01,34.85,,-2.758620689655178,553.8607369942196,-51.745179344254865,0.005718954248365993,31.52188305056212,-0.16666666666666696,0.8910845019407351,10.891549805926493,12.59974676674508,5.336527507654295,0.4317117718506719,0.6056362571905763,1938-08-01
1938.09,11.75,0.66,0.62,14.1,1938.7083333332719,2.4266666666666667,255.10624999999996,14.32937234042553,9016.256429650777,13.460925531914892,475.7514030964665,14.282330508639967,1938-09-01,34.85,,-3.424657534246578,553.8607369942196,-53.94036208732695,-0.04549147034930956,28.885224293018503,-0.17333333333333334,0.8791649950826564,12.083500491734355,12.601360345189008,5.336949352990596,0.31496835594083666,0.6049074491116203,1938-09-01
1938.1,13.06,0.61,0.626667,14.0,1938.7916666666051,2.4099999999999997,285.573225,13.338412499999999,10132.340171978263,13.702857288749996,486.1870764588898,16.06114764333344,1938-10-01,34.85,,-4.109589041095885,553.8607369942196,-48.43952533089913,0.11148936170212775,27.48043475769365,-0.18000000000000016,0.8141712485581268,18.582875144187316,12.60794461542277,5.33975858691288,0.6466964698318133,0.5770206616386276,1938-10-01
1938.11,13.07,0.56,0.633333,14.0,1938.8749999999384,2.393333333333333,285.7918875,12.245099999999999,10176.303873592256,13.848617711249998,493.1131645886614,16.149571800715517,1938-11-01,34.85,,-3.4482758620689613,553.8607369942196,-48.400045641259695,0.0007656967840734552,25.46455611014622,-0.18666666666666698,0.781277281790939,21.872271820906096,12.612707275726825,5.342156823089563,0.662066772301004,0.566585061653194,1938-11-01
1938.12,12.69,0.51,0.64,14.0,1938.9583333332716,2.3766666666666665,277.48271249999993,11.151787499999998,9913.52632521143,13.994399999999997,499.9729588759113,15.756484438994006,1938-12-01,34.85,,-2.777777777777779,553.8607369942196,-49.900273847558196,-0.029074215761285438,25.671371415864296,-0.19333333333333336,0.8012017130652737,19.879828693472636,12.615968391088023,5.343720725720526,0.587702129115763,0.5763521107516876,1938-12-01
1939.01,12.5,0.513333,0.663333,14.0,1939.041666666605,2.36,273.32812499999994,11.224667711249998,9798.515162797572,14.504605211249997,519.9742766787201,15.599634410919288,1939-01-01,34.42,,-1.4084507042253502,553.8607369942196,-50.65038795070744,-0.014972419227738287,25.789906534826105,-0.20000000000000018,0.8108715408773579,18.91284591226421,12.618288435406019,5.344837294067661,0.5577992016374985,0.5817435925031123,1939-01-01
1939.02,12.4,0.516667,0.686667,13.9,1939.1249999999382,2.3474999999999997,273.09215827338124,11.378847269244602,9824.049284993065,15.122852664928056,544.0201976111559,15.664696928954772,1939-02-01,34.42,,-1.4184397163120477,553.8607369942196,-50.69299193233273,-0.008000000000000007,25.605816324169457,-0.19583333333333375,0.8084723706297557,19.152762937024427,12.622448267106721,5.346628580304568,0.5690031795091984,0.5817075846826913,1939-02-01
1939.03,12.39,0.52,0.71,13.9,1939.2083333332714,2.335,272.8719226618704,11.45225179856115,9850.458019630141,15.636728417266182,564.4733812701695,15.729223743214229,1939-03-01,34.42,,-1.4184397163120477,553.8607369942196,-50.73275564851634,-0.0008064516129031585,24.22649233673467,-0.19166666666666643,0.7866472358852059,21.33527641147941,12.6263181708918,5.348376253452342,0.5801584303870776,0.5748550394948755,1939-03-01
1939.04,10.83,0.523333,0.726667,13.8,1939.2916666666047,2.3225,240.2435380434782,11.609175576630433,8707.522944078466,16.119764640760867,584.2538850604494,13.916994579812405,1939-04-01,34.42,,-2.8169014084506894,553.8607369942196,-56.62383664397833,-0.12590799031476996,27.70673171838492,-0.1875,0.8855018230300004,11.449817696999965,12.624295381938262,5.347748242267128,0.24172775892047507,0.6161912552084235,1939-04-01
1939.05,11.23,0.526667,0.743333,13.8,1939.374999999938,2.31,249.11679891304343,11.683134205978257,9064.417951141913,16.489469054891302,599.9894023932478,14.502929499657775,1939-05-01,34.42,,-2.127659574468077,553.8607369942196,-55.021762281798395,0.03693444136657442,27.83211300298364,-0.18333333333333313,0.875591460101192,12.440853989880797,12.623043770030137,5.347254288724321,0.3515609372817235,0.6118782182631907,1939-05-01
1939.06,11.43,0.53,0.76,13.8,1939.4583333332712,2.2975000000000003,253.553429347826,11.757070652173912,9261.499760260685,16.85919565217391,615.8127574626528,14.833828921489786,1939-06-01,34.42,,-2.127659574468077,553.8607369942196,-54.220725100708435,0.01780943900267129,27.81582033144628,-0.17916666666666625,0.869471849299717,13.0528150700283,12.622469837378492,5.347005183445725,0.41356965408555046,0.6097088330308131,1939-06-01
1939.07,11.71,0.54,0.776667,13.8,1939.5416666666044,2.285,259.7647119565217,11.978902173913042,9524.840742070373,17.228922249456517,631.7360789599974,15.270952598570258,1939-07-01,34.42,,-2.127659574468077,553.8607369942196,-53.099273047182486,0.024496937882764858,19.185252667610627,-0.17499999999999982,0.7228167321338023,27.718326786619773,12.622579418928694,5.347059205893958,0.4952952787061557,0.5580644067298202,1939-07-01
1939.08,11.54,0.55,0.793333,13.8,1939.6249999999377,2.2725,255.99357608695644,12.200733695652172,9423.84435219217,17.598626663586952,647.8550009928658,15.120082343333989,1939-08-01,34.42,,-2.127659574468077,553.8607369942196,-53.78015465110896,-0.014517506404782332,19.200239602274777,-0.1708333333333334,0.7321126037923249,26.788739620767508,12.62175303458725,5.346649010461214,0.46727011701320315,0.5626977757170721,1939-08-01
1939.09,12.77,0.56,0.81,14.1,1939.708333333271,2.26,277.2516436170212,12.158255319148937,10243.711976672135,17.586047872340426,649.7577682932209,16.452835577060963,1939-09-01,34.42,,0.0,553.8607369942196,-49.941993519588515,0.10658578856152512,21.495410928014554,-0.16666666666666696,0.7269112040083668,27.308879599163316,12.625081893310137,5.348665390708162,0.7156465032193821,0.558088655882163,1939-09-01
1939.1,12.9,0.58,0.84,14.0,1939.7916666666042,2.2475,282.07462499999997,12.682424999999997,10460.956824862942,18.367649999999998,681.1785839445637,16.82120480626564,1939-10-01,34.42,,0.0,553.8607369942196,-49.071200365130075,0.01018010963195004,18.372769413598608,-0.16249999999999964,0.647641983728832,35.2358016271168,12.630171780838314,5.351791996330636,0.783108354790477,0.53033166978344,1939-10-01
1939.11,12.67,0.6,0.87,14.0,1939.8749999999375,2.2350000000000003,277.04538749999995,13.119749999999996,10314.989985446251,19.023637499999996,708.290551486838,16.59923850994664,1939-11-01,34.42,,0.0,553.8607369942196,-49.97923322683706,-0.01782945736434116,18.46141719841943,-0.15833333333333277,0.6633124063245864,33.668759367541355,12.635320690096988,5.3547237955167235,0.7402655993514491,0.5373440483045537,1939-11-01
1939.12,12.37,0.62,0.9,14.0,1939.9583333332707,2.2225,270.48551249999997,13.557074999999998,10112.815096228745,19.679624999999994,735.7747442688658,16.280412901283842,1939-12-01,34.42,,0.0,553.8607369942196,-51.163623916020086,-0.023677979479084454,18.380429785606733,-0.15416666666666634,0.6789501366113233,32.10498633886767,12.639570063463708,5.357013639696469,0.6796403897202744,0.5445412767087485,1939-12-01
1940.01,12.3,0.623333,0.93,13.9,1940.041666666604,2.21,270.88980215827337,13.72801244298561,10170.702032098025,20.48191187050359,769.0042999878992,16.37848034261367,1940-01-01,33.85,,-0.7142857142857117,553.8607369942196,-51.09062909416875,-0.0056588520614387905,18.325651313916907,-0.1499999999999999,0.676691185953594,32.3308814046406,12.644655050413844,5.359698243609686,0.6966484161028336,0.5443632882947905,1940-01-01
1940.02,12.22,0.626667,0.96,14.0,1940.1249999999372,2.1883333333333335,267.20557499999995,13.702857288749996,10075.24918288285,20.991599999999995,791.5089374441519,16.216119847731054,1940-02-01,33.85,,0.7194244604316502,553.8607369942196,-51.75581926061159,-0.006504065040650375,18.319165661571343,-0.15916666666666623,0.7064548386443165,29.354516135568353,12.650805278038007,5.362529748698646,0.6648568374950762,0.556330828994907,1940-02-01
1940.03,12.15,0.63,0.99,14.0,1940.2083333332705,2.166666666666667,265.67493749999994,13.775737499999996,10060.820634544023,21.647587499999993,819.7705702221056,16.172906305307897,1940-03-01,33.85,,0.7194244604316502,553.8607369942196,-52.032177088087636,-0.005728314238952592,18.328408626189084,-0.168333333333333,0.7104511008539256,28.954889914607442,12.656702220649754,5.365239222252839,0.6553676246297375,0.5588224457146279,1940-03-01
1940.04,12.27,0.636667,1.00667,14.0,1940.2916666666038,2.145,268.2988874999999,13.921519788749999,10204.119497401885,22.012097887499998,837.1785635248214,16.370988707128785,1940-04-01,33.85,,1.4492753623188248,553.8607369942196,-51.55842081241443,0.00987654320987641,12.17521959426284,-0.17749999999999977,0.586129280851629,41.3870719148371,12.6645108458895,5.368601985485853,0.6903990780579073,0.5156202075640028,1940-04-01
1940.05,10.58,0.643333,1.02333,14.0,1940.374999999937,2.1233333333333335,231.34492499999996,14.067280211249997,8843.246795699304,22.376389612499995,855.3459114785414,14.138747694800731,1940-05-01,33.85,,1.4492753623188248,553.8607369942196,-58.23048836147877,-0.13773431132844327,18.82769959406151,-0.18666666666666654,0.811232597200482,18.876740279951797,12.666094055354918,5.368953431265151,0.27429063378908725,0.6003698930801683,1940-05-01
1940.06,9.67,0.65,1.04,14.1,1940.4583333332703,2.1016666666666666,209.94701595744675,14.11226063829787,8070.257544824597,22.579617021276594,867.949105131084,12.843765598268808,1940-06-01,33.85,,2.1739130434782483,553.8607369942196,-62.09389799016609,-0.0860113421550095,20.343737074345576,-0.19583333333333375,0.8610727738164903,13.892722618350973,12.66560546728812,5.368929169744859,0.03318355026634747,0.6109314575201947,1940-06-01
1940.07,9.99,0.656667,1.05333,14.0,1940.5416666666035,2.08,218.44383749999997,14.358844788749996,8442.866648578765,23.032377112499997,890.2026753701173,13.36988476321006,1940-07-01,33.85,,1.4492753623188248,553.8607369942196,-60.559790050205386,0.033092037228541926,20.53022321508644,-0.20500000000000007,0.8514803356203369,14.851966437966313,12.66845908813041,5.369030010336293,0.13064290453383315,0.6144151444360401,1940-07-01
1940.08,10.2,0.663333,1.06667,14.0,1940.6249999999368,2.0583333333333336,223.03574999999995,14.504605211249997,8667.061310048735,23.324072887499995,906.3621850578123,13.649399392391642,1940-08-01,33.85,,1.4492753623188248,553.8607369942196,-59.73071656777728,0.02102102102102088,20.779208547098396,-0.2141666666666664,0.8523566332094408,14.764336679055923,12.670971155467926,5.36927750506569,0.18222716855305188,0.6171581323657274,1940-08-01
1940.09,10.63,0.67,1.08,14.0,1940.70833333327,2.0366666666666666,232.43823749999999,14.650387499999997,9079.879671466906,23.615549999999995,922.5089412214729,14.214842598620642,1940-09-01,33.85,,-0.7092198581560294,553.8607369942196,-58.0330899132816,0.04215686274509811,17.64829163890374,-0.22333333333333316,0.7565214105781569,24.34785894218431,12.674520270738899,5.36987619094607,0.28684503573449566,0.5824459456510627,1940-09-01
1940.1,10.73,0.67,1.07,14.0,1940.7916666666033,2.015,234.62486249999998,14.650387499999997,9212.988600485745,23.396887499999995,918.7230011667982,14.328290323104959,1940-10-01,33.85,,0.0,553.8607369942196,-57.63829301688727,0.00940733772342428,17.636953887812588,-0.23249999999999993,0.7514290090719049,24.85709909280951,12.675657558701841,5.370183812779761,0.30774230864691154,0.5804265221693972,1940-10-01
1940.11,10.98,0.67,1.06,14.0,1940.8749999999366,1.9933333333333334,240.091425,14.650387499999997,9475.583103155694,23.178224999999998,914.7648533101125,14.636689248763613,1940-11-01,33.85,,0.0,553.8607369942196,-56.65130077590141,0.02329916123019582,18.01418286996491,-0.24166666666666692,0.7461478333446134,25.385216665538657,12.676969131126793,5.370606097274046,0.3648973844184018,0.5777972378446818,1940-11-01
1940.12,10.53,0.67,1.05,14.1,1940.9583333332698,1.9716666666666665,228.61862234042547,14.546484042553189,9070.63266885103,22.79672872340425,904.4790410535215,13.908426122353838,1940-12-01,33.85,,0.7142857142857117,553.8607369942196,-58.72272449187683,-0.040983606557377095,18.233672265653905,-0.2508333333333337,0.7914113304334822,20.858866956651777,12.677432874750606,5.370705478984174,0.22920513001879678,0.5952941801123561,1940-12-01
1941.01,10.55,0.673333,1.05333,14.1,1941.041666666603,1.95,229.05284574468084,14.618847372872338,9136.195411390916,22.869026920212765,912.173337694824,13.904158267950832,1941-01-01,33.85,,1.4388489208633004,553.8607369942196,-58.64432510819567,0.0018993352326686086,18.27787089121598,-0.26,0.806785254145267,19.321474585473297,12.67702993887991,5.370607715212026,0.2284896596701955,0.6005791084698349,1941-01-01
1941.02,9.89,0.676667,1.05667,14.1,1941.1249999999363,1.9925,214.7234734042553,14.691232414361702,8613.474197190471,22.941542228723403,920.2830920065983,13.002943303402448,1941-02-01,33.85,,0.7142857142857117,553.8607369942196,-61.231504769673485,-0.06255924170616112,18.962456469837097,-0.19583333333333353,0.8163008697312392,18.369913026876084,12.672256202306228,5.369549080515055,0.06158563710614234,0.5971547635463432,1941-02-01
1941.03,9.95,0.68,1.06,14.2,1941.2083333332696,2.035,214.50483274647883,14.659626760563379,8653.708600082544,22.85177112676056,921.9026247324117,12.955719822063331,1941-03-01,33.85,,1.4285714285714235,553.8607369942196,-61.27098051568195,0.006066734074822833,19.068692724193486,-0.13166666666666682,0.8316470499022225,16.835295009777752,12.668325915084235,5.368820259368084,0.05353017852993325,0.59958264603444,1941-03-01
1941.04,9.64,0.683333,1.07,14.3,1941.2916666666029,2.0775,206.3684685314685,14.628463143881115,8374.64486320439,22.9060437062937,929.5508302519396,12.429370389220786,1941-04-01,33.85,,2.1428571428571574,553.8607369942196,-62.74000759623763,-0.031155778894472186,18.924740171609802,-0.0674999999999999,0.842664483492537,15.733551650746303,12.661871567775602,5.36770374820914,-0.0433148305981654,0.5974638192223879,1941-04-01
1941.05,9.43,0.686667,1.08,14.4,1941.374999999936,2.12,200.4709947916666,14.597753614062498,8184.685297611117,22.959562499999997,937.3764709883359,12.037206512481578,1941-05-01,33.85,,2.857142857142869,553.8607369942196,-63.80480120695776,-0.021784232365145262,13.814616645305398,-0.0033333333333334103,0.7794413923365454,22.055860766345457,12.65350919533337,5.36632138500516,-0.11484639823732799,0.5729294873177909,1941-05-01
1941.06,9.76,0.69,1.09,14.7,1941.4583333332694,2.1625,203.25199999999998,14.369249999999996,8347.114289277086,22.69925,932.2084605852483,12.164306590628442,1941-06-01,33.85,,4.255319148936176,553.8607369942196,-63.3026884875356,0.03499469777306463,11.550303373982503,0.06083333333333352,0.772486722908882,22.751327709111802,12.644720170072008,5.36451904245434,-0.08955389581836024,0.5726516030181087,1941-06-01
1941.07,10.26,0.693333,1.12333,14.7,1941.5416666666026,2.205,213.66449999999998,14.438659724999997,8824.146525677272,23.393347249999994,966.1236371041957,12.744996277919583,1941-07-01,33.85,,5.000000000000004,553.8607369942196,-61.42270326661016,0.05122950819672134,12.218221903585864,0.125,0.800350888197227,19.9649111802773,12.638225408125393,5.362973829421927,0.019908892564127686,0.5861375703733045,1941-07-01
1941.08,10.21,0.696667,1.15667,14.9,1941.6249999999359,2.2474999999999996,209.76924664429527,14.313350808221474,8712.536840251707,23.76432855201342,987.0254639582705,12.46317372038781,1941-08-01,33.85,,6.428571428571428,553.8607369942196,-62.125994382142935,-0.004873294346978474,12.070436720601458,0.18916666666666604,0.8269532721246606,17.30467278753394,12.634234805499654,5.362566960358813,-0.0318991047340505,0.5965273952436312,1941-08-01
1941.09,10.24,0.7,1.19,15.1,1941.7083333332691,2.29,207.59904635761586,14.191341059602646,8671.518427861898,24.1252798013245,1007.7252860503573,12.27972927209308,1941-09-01,33.85,,7.857142857142851,553.8607369942196,-62.51782578338235,0.002938295788442735,11.205025231210113,0.2533333333333334,0.8413252170532479,15.867478294675209,12.632239736857544,5.362564869527458,-0.06573542201187893,0.6039638259686367,1941-09-01
1941.1,9.83,0.703333,1.18,15.3,1941.7916666666024,2.3325,196.6819166666666,14.07252110833333,8264.489033456995,23.609833333333327,992.0749806184389,11.57781495657408,1941-10-01,33.85,,9.285714285714297,553.8607369942196,-64.48892229948423,-0.0400390625,11.705524608612532,0.3174999999999999,0.8708671476345679,12.913285236543215,12.628104576040753,5.362803051454843,-0.19584713616916177,0.6167097516720987,1941-10-01
1941.11,9.37,0.706667,1.17,15.4,1941.8749999999357,2.3750000000000004,186.2606931818181,14.047415717045451,7875.78259275859,23.257738636363626,983.4221593946157,10.911668685916966,1941-11-01,33.85,,10.000000000000009,553.8607369942196,-66.37048255259118,-0.046795523906409064,11.840640079192665,0.38166666666666704,0.882611620362499,11.738837963750104,12.62028144020604,5.363248263024016,-0.31857797187365133,0.6232265671268747,1941-11-01
1941.12,8.76,0.71,1.16,15.5,1941.958333333269,2.4175,173.01141290322576,14.022614516129028,7364.96523197535,22.910187096774187,975.2693686177405,10.086593309917905,1941-12-01,33.85,,9.92907801418439,553.8607369942196,-68.76265072657942,-0.06510138740661686,12.686965857163429,0.4458333333333335,0.8901792791831027,10.982072081689731,12.609607370456985,5.364459594778931,-0.4703202654363645,0.6282814977140859,1941-12-01
1942.01,8.93,0.703333,1.12,15.7,1942.0416666666022,2.46,174.12220222929935,13.713985538694265,7460.90019590876,21.8383949044586,935.7456012785905,10.101686431929252,1942-01-01,33.85,,11.347517730496449,553.8607369942196,-68.56209682342647,0.019406392694063967,13.05088969472861,0.51,0.9103643132678646,8.96356867321354,12.599348297679436,5.3657177895768955,-0.46548513427261934,0.6377525096437525,1942-01-01
1942.02,8.65,0.696667,1.08,15.8,1942.1249999999354,2.4608333333333334,167.59511867088605,13.498033357120251,7229.421220183096,20.925170886075946,902.6329384737276,9.680255591749361,1942-02-01,33.85,,12.056737588652489,553.8607369942196,-69.74056699154771,-0.03135498320268748,12.10027928462017,0.4683333333333335,0.9103236354960453,8.967636450395467,12.58865002329628,5.367692915514237,-0.5418332377287809,0.6361757724236159,1942-02-01
1942.03,8.18,0.69,1.04,16.0,1942.2083333332687,2.461666666666667,156.50768437499997,13.201748437499996,6798.607264160985,19.8982875,864.3706057123992,9.003426617760969,1942-03-01,33.85,,12.676056338028175,553.8607369942196,-71.74241214057508,-0.054335260115606965,12.68923312713942,0.42666666666666675,0.921221773451332,7.877822654866796,12.575771293973549,5.370725077915827,-0.6651512829993657,0.6384276207079662,1942-03-01
1942.04,7.84,0.68,1.02,16.1,1942.291666666602,2.4625,149.07078260869562,12.92960869565217,6522.3569515294585,19.394413043478256,848.5719503265367,8.544255707588261,1942-04-01,33.85,,12.587412587412583,553.8607369942196,-73.08515071537714,-0.041564792176039145,12.870087536283481,0.3849999999999998,0.921675332214985,7.832466778501502,12.561576469020865,5.374617975401843,-0.74746163910045,0.6370238662752447,1942-04-01
1942.05,7.93,0.67,1.0,16.3,1942.3749999999352,2.4633333333333334,148.931967791411,12.583154907975457,6562.163002709869,18.78082822085889,827.5110974413453,8.50611625969605,1942-05-01,33.85,,13.194444444444443,553.8607369942196,-73.11021384190204,0.011479591836734748,13.146305257980979,0.34333333333333327,0.9291621487708023,7.083785122919773,12.5473004011711,5.378555012627103,-0.7513512703667917,0.6380817520697808,1942-05-01
1942.06,8.33,0.66,0.98,16.3,1942.4583333332685,2.4641666666666664,156.44429907975456,12.39534662576687,6938.680552045679,18.405211656441715,816.3153590641977,8.90545692851805,1942-06-01,33.85,,10.88435374149661,553.8607369942196,-71.75385640643682,0.05044136191677184,13.842382106616501,0.3016666666666663,0.9117735919964294,8.822640800357062,12.533744955404478,5.381574500810334,-0.6742056671964862,0.6304332571987502,1942-06-01
1942.07,8.64,0.646667,0.966667,16.4,1942.5416666666017,2.465,161.2769268292683,12.070887319664633,7197.6336086715955,18.044106831859757,805.2910749529799,9.150488900994741,1942-07-01,33.85,,11.564625850340127,553.8607369942196,-70.88132159276864,0.037214885954381716,13.195654539115424,0.2599999999999998,0.9138452042359158,8.615479576408426,12.52082165611553,5.384103843458536,-0.6259784084988634,0.6295958214825705,1942-07-01
1942.08,8.59,0.633333,0.953333,16.5,1942.624999999935,2.4658333333333338,159.3718318181818,11.750342300454545,7156.311593245909,17.687360482272723,794.2197904684402,9.012823047564297,1942-08-01,33.85,,10.738255033557053,553.8607369942196,-71.22528802401007,-0.0057870370370370905,13.189415997387172,0.21833333333333416,0.9047116690561968,9.528833094380317,12.507010715238135,5.386714391072155,-0.6486677061373521,0.6248365841696688,1942-08-01
1942.09,8.68,0.62,0.94,16.5,1942.7083333332682,2.466666666666667,161.04161818181814,11.502972727272725,7274.333806172936,17.439990909090906,787.7734767053641,9.077829839371503,1942-09-01,33.85,,9.27152317880795,553.8607369942196,-70.92380675767258,0.010477299185098987,13.313657597896544,0.17666666666666675,0.8877108520504476,11.228914794955235,12.493542784232735,5.389216522440807,-0.6338051051833108,0.6173237982176566,1942-09-01
1942.1,9.32,0.61,0.97,16.7,1942.7916666666015,2.4675000000000002,170.8448083832335,11.181902694610777,7759.240046587943,17.78105838323353,807.5603911148395,9.599176749352992,1942-10-01,33.85,,9.15032679738561,553.8607369942196,-69.15383290926135,0.07373271889400934,15.47792598469212,0.13500000000000023,0.9061779818744122,9.382201812558776,12.481581906588776,5.39085303547592,-0.5346844253158752,0.6222247936560442,1942-10-01
1942.11,9.47,0.6,1.0,16.8,1942.8749999999347,2.4683333333333337,172.56115624999998,10.933124999999997,7878.57027620285,18.221874999999997,831.9503987542608,9.661334152171664,1942-11-01,33.85,,9.090909090909083,553.8607369942196,-68.8439449262133,0.016094420600858417,14.823336067534981,0.09333333333333327,0.899750445415635,10.024955458436501,12.470225776404234,5.3924803406346316,-0.5208904709519993,0.6184126558954722,1942-11-01
1942.12,9.52,0.59,1.03,16.9,1942.958333333268,2.4691666666666667,172.4457869822485,10.687291420118342,7913.965089025591,18.657474852071005,856.23781950592,9.61751410328318,1942-12-01,33.85,,9.03225806451613,553.8607369942196,-68.86477493997769,0.0052798310454065245,12.909225126673807,0.05166666666666675,0.8802946725080479,11.970532749195206,12.459749428211742,5.394353641411608,-0.5268908035819467,0.6100406353778168,1942-12-01
1943.01,10.09,0.59,1.04333,16.9,1943.0416666666013,2.47,182.77079733727808,10.687291420118342,8428.677629392012,18.898935181952663,871.5453152699275,10.150534220432082,1943-01-01,33.85,,7.643312101910826,553.8607369942196,-67.0005860445772,0.05987394957983194,13.908883100264264,0.010000000000000231,0.871018764789131,12.898123521086902,12.451422887735827,5.3956015018394705,-0.42643784321716965,0.6052315676761959,1943-01-01
1943.02,10.69,0.59,1.05667,16.9,1943.1249999999345,2.470833333333333,193.6392292899408,10.687291420118342,8970.958755366275,19.140576652366864,886.7486424726739,10.708982995221266,1943-02-01,33.85,,6.962025316455689,553.8607369942196,-65.03828194415563,0.05946481665014858,13.859509343515834,0.009999999999999787,0.8598712440551368,14.012875594486317,12.44593961684412,5.39636851782456,-0.32187509357182925,0.6013299354192978,1943-02-01
1943.03,11.07,0.59,1.07,17.2,1943.2083333332678,2.4716666666666667,197.02508284883717,10.500885174418602,9168.359888485227,19.043978197674416,886.1919675410293,10.850541744036802,1943-03-01,33.85,,7.499999999999996,553.8607369942196,-64.42696337023553,0.035547240411599734,11.400817377793127,0.009999999999999787,0.8375460591856566,16.245394081434338,12.441514861924265,5.39702357660488,-0.2947871350394028,0.5935161207149797,1943-03-01
1943.04,11.44,0.59,1.08,17.4,1943.291666666601,2.4725,201.2700344827586,10.380185344827584,9406.146958659923,19.00101724137931,887.992894698664,11.039227142939692,1943-04-01,33.85,,8.074534161490664,553.8607369942196,-63.660533950277255,0.03342366757000903,8.69672930659843,0.010000000000000231,0.8094248741821556,19.05751258178444,12.437643084316333,5.397529594431324,-0.25908444167113004,0.5836737059637545,1943-04-01
1943.05,11.89,0.59,1.09,17.5,1943.3749999999343,2.4733333333333336,207.99176999999997,10.320869999999998,9760.474917145108,19.06737,894.7786088888283,11.362215800613695,1943-05-01,33.85,,7.361963190184051,553.8607369942196,-62.44691921497033,0.03933566433566438,8.41170652839913,0.010000000000000231,0.7896414863677804,21.03585136322196,12.43525645859261,5.397815421918636,-0.19879165442035548,0.5767495202287232,1943-05-01
1943.06,12.1,0.59,1.1,17.5,1943.4583333332675,2.474166666666667,211.66529999999995,10.320869999999998,9973.224265283046,19.242299999999997,906.6567513893679,11.51674478645123,1943-06-01,33.85,,7.361963190184051,553.8607369942196,-61.78366042902784,0.01766190075693852,8.376523823961241,0.010000000000000675,0.7890564786304446,21.094352136955543,12.435325297297304,5.397803516531835,-0.17017672244510937,0.5765447675206556,1943-06-01
1943.07,12.35,0.593333,1.09333,17.4,1943.5416666666008,2.475,217.28015086206895,10.43882459525862,10278.772199181854,19.23553905603448,909.9668023102425,11.774213341781651,1943-07-01,33.85,,6.0975609756097615,553.8607369942196,-60.76989460541296,0.02066115702479343,8.424509194082368,0.010000000000000231,0.7605066215625428,23.94933784374572,12.43599249325931,5.3977066441548045,-0.12260376398823027,0.56655231754689,1943-07-01
1943.08,11.74,0.596667,1.08667,17.3,1943.624999999934,2.475833333333333,207.74201445086703,10.558160522687858,9869.178469069939,19.228876903179188,913.5042731673109,11.210545904158963,1943-08-01,33.85,,4.8484848484848575,553.8607369942196,-62.49201277955271,-0.04939271255060729,11.157584190767055,0.009999999999999343,0.7794085587436113,22.059144125638873,12.43422500814985,5.398004269492612,-0.2266910218850027,0.573167995560264,1943-08-01
1943.09,11.99,0.6,1.08,17.4,1943.7083333332673,2.4766666666666666,210.94647844827583,10.55612068965517,10063.203321386338,19.00101724137931,906.4436686486443,11.336281939610283,1943-09-01,33.85,,5.454545454545445,553.8607369942196,-61.91344423634828,0.021294718909710353,11.03623178006685,0.009999999999999787,0.7909887894108643,20.901121058913574,12.43281657790814,5.398225019313433,-0.20312873849732904,0.5772210762938025,1943-09-01
1943.1,11.88,0.603333,1.03333,17.4,1943.7916666666006,2.4775,209.0111896551724,10.614759940086206,10013.07845528453,18.179926987068963,870.9439697137344,11.187335503326027,1943-10-01,33.85,,4.191616766467066,553.8607369942196,-62.26286217913407,-0.00917431192660545,10.361153761206907,0.009999999999999787,0.7493216357807665,25.06783642192335,12.432027259194289,5.398386746129637,-0.23056735547163998,0.5626375725232682,1943-10-01
1943.11,11.33,0.606667,0.986667,17.4,1943.8749999999338,2.4783333333333335,199.33474568965516,10.673416784051723,9592.120868741,17.358959887499996,835.3247238480207,10.631033673001417,1943-11-01,33.85,,3.5714285714285587,553.8607369942196,-64.00995189306305,-0.04629629629629639,12.358736049861713,0.009999999999999787,0.7706639606522717,22.93360393477283,12.43080085871641,5.398746592229488,-0.33336759838022956,0.570107386228295,1943-11-01
1943.12,11.48,0.61,0.94,17.4,1943.958333333267,2.479166666666667,201.97377586206895,10.732056034482758,9762.148901203973,16.5379224137931,799.339718391266,10.73736031604107,1943-12-01,33.85,,2.9585798816567976,553.8607369942196,-63.533472880173335,0.013239187996469504,12.311488226766269,0.010000000000000231,0.7550308158081459,24.49691841918541,12.429587857177532,5.399078797133982,-0.3134289394025432,0.564635785532851,1943-12-01
1944.01,11.85,0.613333,0.936667,17.4,1944.0416666666003,2.48,208.48338362068964,10.790695284913792,10120.245512654088,16.47928316336207,799.9409285739382,11.05241276397747,1944-01-01,33.85,,2.9585798816567976,553.8607369942196,-62.35815798171201,0.03222996515679433,11.529759063746958,0.009999999999999787,0.7402855484675541,25.971445153244588,12.427966525674563,5.399405374846964,-0.25476023121084523,0.559474941963644,1944-01-01
1944.02,11.77,0.616667,0.933333,17.4,1944.1249999999336,2.470833333333333,207.07590086206895,10.849352128879309,10095.810813268743,16.42062631939655,800.5737802702257,10.94791888772472,1944-02-01,33.85,,2.9585798816567976,553.8607369942196,-62.61228012191987,-0.006751054852320637,10.54024129062232,0.0,0.7208137069951676,27.918629300483243,12.425293428474362,5.399900589162334,-0.27359291460193735,0.5522847974483086,1944-02-01
1944.03,12.1,0.62,0.93,17.4,1944.2083333332669,2.461666666666667,212.88176724137926,10.907991379310344,10423.188422478392,16.361987068965515,801.1210936285046,11.224693196180679,1944-03-01,33.85,,1.1627906976744207,553.8607369942196,-61.56402629356248,0.028037383177570208,10.354994983954251,-0.009999999999999787,0.6660866542445023,33.39133457554977,12.424013337300314,5.400131062847081,-0.2220909320832899,0.5335053289855758,1944-03-01
1944.04,11.89,0.623333,0.926667,17.5,1944.2916666666001,2.4525,207.99176999999997,10.903964168999998,10228.253034573037,16.210185830999997,797.1559760125057,10.938275188239396,1944-04-01,33.85,,0.5747126436781658,553.8607369942196,-62.44691921497033,-0.017355371900826366,10.231529559219178,-0.020000000000000018,0.6456062714434193,35.43937285565807,12.422390039111532,5.400490589234523,-0.2748111169438214,0.5267121950051967,1944-04-01
1944.05,12.1,0.626667,0.923333,17.5,1944.3749999999334,2.4433333333333334,211.66529999999995,10.962285830999997,10453.827090443101,16.151864168999996,797.7159941239752,11.103736936792616,1944-05-01,33.85,,0.0,553.8607369942196,-61.78366042902784,0.01766190075693852,9.617400788521573,-0.03000000000000025,0.6134268899445007,38.657311005549936,12.42134761756328,5.400709404922534,-0.2439699272783892,0.5158244114805752,1944-05-01
1944.06,12.67,0.63,0.92,17.6,1944.4583333332666,2.4341666666666666,220.37701278409082,10.957973011363633,10929.185129920364,16.002119318181816,793.5951317700661,11.5327852725325,1944-06-01,33.85,,0.5714285714285783,553.8607369942196,-60.21075370316586,0.04710743801652906,10.551950214104266,-0.04000000000000048,0.6528035531578372,34.71964468421628,12.421636701184669,5.400658909354197,-0.1645820340759969,0.5299812436052431,1944-06-01
1944.07,13.0,0.633333,0.913333,17.7,1944.5416666666,2.425,224.83940677966098,10.953708924152542,11195.758257257972,15.796403839406775,786.5734981827841,11.73877475018071,1944-07-01,33.85,,1.7241379310344973,553.8607369942196,-59.40506489052544,0.026045777426992878,10.656409125809258,-0.050000000000000266,0.6804550100744671,31.954498992553294,12.424537894426726,5.400008927459751,-0.12699296491137643,0.5370595779786906,1944-07-01
1944.08,12.81,0.636667,0.906667,17.7,1944.6249999999332,2.4158333333333335,221.55329237288132,11.011371584322033,11077.820058513265,15.68111310974576,784.0666572203004,11.541711674209218,1944-08-01,33.85,,2.3121387283236983,553.8607369942196,-59.99837548058699,-0.014615384615384586,9.197484587131775,-0.05999999999999961,0.6743498335910169,32.565016640898314,12.427453631674318,5.399245900937209,-0.16404919755763522,0.5382643191597908,1944-08-01
1944.09,12.6,0.64,0.9,17.7,1944.7083333332664,2.4066666666666667,217.92127118644063,11.069016949152541,10942.338002111985,15.56580508474576,781.5955715794274,11.32856058469647,1944-09-01,33.85,,1.7241379310344973,553.8607369942196,-60.65413981697081,-0.016393442622950838,9.356925374261564,-0.06999999999999984,0.6605122025572884,33.948779744271164,12.429753807460136,5.3985990424022665,-0.20397759013302405,0.5338042708950509,1944-09-01
1944.1,12.91,0.64,0.91,17.7,1944.7916666665997,2.3975,223.2828262711864,11.069016949152541,11257.871029157013,15.738758474576269,793.5447433410444,11.583105186279123,1944-10-01,33.85,,1.7241379310344973,553.8607369942196,-59.68610674897564,0.024603174603174738,9.428679540091744,-0.08000000000000007,0.6574220085379988,34.25779914620012,12.432449212238337,5.397931524235857,-0.1573462023639599,0.5315282367331778,1944-10-01
1944.11,12.82,0.64,0.92,17.7,1944.874999999933,2.3883333333333336,221.72624576271184,11.069016949152541,11225.896698839244,15.91171186440678,805.6025712115527,11.47845919805548,1944-11-01,33.85,,1.7241379310344973,553.8607369942196,-59.96714860742585,-0.006971340046475594,7.641017559651287,-0.08999999999999986,0.6205296023676915,37.94703976323085,12.435120161002404,5.397218903493046,-0.17725072487383797,0.5203961038658212,1944-11-01
1944.12,13.1,0.64,0.93,17.8,1944.9583333332662,2.3791666666666664,225.2960814606741,11.006831460674155,11453.07504970972,15.99430196629213,813.0809004755756,11.63868359335513,1944-12-01,33.85,,2.298850574712663,553.8607369942196,-59.32261191083031,0.021840873634945357,7.721787476630697,-0.10000000000000053,0.6303067392254116,36.969326077458845,12.439193676561727,5.396059513635853,-0.14835086254769908,0.5209704182830456,1944-12-01
1945.01,13.49,0.643333,0.94,17.8,1945.0416666665994,2.37,232.00336938202244,11.064152975140447,11840.915586373821,16.166283707865162,825.0897443433201,11.960463439806993,1945-01-01,34.71,,2.298850574712663,553.8607369942196,-58.11160570054204,0.02977099236641223,7.652636955500862,-0.10999999999999988,0.6096602098203049,39.033979017969514,12.443639868900757,5.3950007423847826,-0.08956003014008526,0.508064101939817,1945-01-01
1945.02,13.94,0.646667,0.95,17.8,1945.1249999999327,2.355,239.74254775280892,11.121491687780896,12283.206626192898,16.338265449438197,837.0908389442792,12.341753548186317,1945-02-01,34.71,,2.298850574712663,553.8607369942196,-56.714290842517144,0.03335804299481082,7.684050412992972,-0.11583333333333323,0.5880405955828155,41.19594044171845,12.449228667063327,5.39384685277555,-0.019925504340507223,0.4937294126665711,1945-02-01
1945.03,13.93,0.65,0.96,17.8,1945.208333333266,2.3400000000000003,239.57056601123588,11.17881320224719,12322.12400730171,16.51024719101123,849.1916042361552,12.32331031138933,1945-03-01,34.71,,2.298850574712663,553.8607369942196,-56.745342283806586,-0.0007173601147776321,7.6663144585432486,-0.12166666666666659,0.5881124206477119,41.188757935228814,12.453718381293069,5.393065260801204,-0.024180695689257285,0.494128558645732,1945-03-01
1945.04,14.28,0.65,0.973333,17.8,1945.2916666665992,2.325,245.58992696629204,11.17881320224719,12679.639569849049,16.739550447050558,864.2515141064346,12.631867236563076,1945-04-01,34.71,,1.7142857142857126,553.8607369942196,-55.6585418386761,0.025125628140703515,7.041630945199946,-0.12749999999999995,0.5357648100869609,46.423518991303915,12.457137113091855,5.3927862338724735,0.032400713822796974,0.47275169031200326,1945-04-01
1945.05,14.82,0.65,0.986667,17.9,1945.3749999999325,2.31,253.45304748603348,11.116361731843575,13133.434603173939,16.874072739804465,874.3810067213103,13.036560628785356,1945-05-01,34.71,,2.2857142857142687,553.8607369942196,-54.23884912631409,0.037815126050420256,7.386933228050873,-0.1333333333333333,0.5397604965626155,46.02395034373845,12.462719420737171,5.392341750062194,0.10641781152716558,0.4722049401969636,1945-05-01
1945.06,15.09,0.65,1.0,18.1,1945.4583333332657,2.295,255.21900414364632,10.99352900552486,13272.414884315565,16.91312154696132,879.5503568134901,13.130223361406054,1945-06-01,34.71,,2.840909090909083,553.8607369942196,-53.92000423631582,0.018218623481781382,6.640153061999128,-0.13916666666666666,0.5343135123604499,46.56864876395501,12.468208201771363,5.392011821850203,0.12277702303099347,0.47001363537646945,1945-06-01
1945.07,14.78,0.653333,0.996667,18.1,1945.541666666599,2.2800000000000002,249.9759364640883,11.049900439640881,13047.640879809052,16.856750112845297,879.8479765058626,12.86702844300916,1945-07-01,34.71,,2.259887005649719,553.8607369942196,-54.86664430833319,-0.02054340622929096,7.376085563443281,-0.14499999999999957,0.5490178292884355,45.098217071156455,12.473078754685417,5.391576732196253,0.07306762156814695,0.47679813656382813,1945-07-01
1945.08,14.83,0.656667,0.993333,18.1,1945.6249999999322,2.265,250.8215925414364,11.10628878687845,13140.088668044886,16.80036176560773,880.1405055222541,12.915378562256745,1945-08-01,34.71,,2.259887005649719,553.8607369942196,-54.71396042574974,0.003382949932341006,6.899546994398436,-0.15083333333333337,0.5346618955774983,46.533810442250164,12.476774718353896,5.391422183878983,0.08135216069969964,0.4717811929608531,1945-08-01
1945.09,15.84,0.66,0.99,18.1,1945.7083333332655,2.25,267.9038453038673,11.162660220994473,14083.729560254445,16.743990331491705,880.2330975159028,13.79826495171978,1945-09-01,34.71,,2.259887005649719,553.8607369942196,-51.629745997564136,0.06810519217801758,8.112593614021256,-0.15666666666666673,0.513636791087161,48.6363208912839,12.481737757781378,5.391815101134087,0.244171428219319,0.4600747020829483,1945-09-01
1945.1,16.5,0.66,0.98,18.1,1945.7916666665988,2.2350000000000003,279.06650552486184,11.162660220994473,14719.453464015936,16.574859116022097,874.2463269536738,14.374662675391342,1945-10-01,34.71,,2.259887005649719,553.8607369942196,-49.61431874746262,0.04166666666666674,8.403930200881677,-0.16249999999999964,0.48733584349536135,51.266415650463856,12.486808831509633,5.392737025563835,0.35007341076201015,0.44807111634482355,1945-10-01
1945.11,17.04,0.66,0.97,18.1,1945.874999999932,2.2199999999999998,288.1995911602209,11.162660220994473,15250.245876809237,16.40572790055248,868.1184566024037,14.847702661876786,1945-11-01,34.71,,2.259887005649719,553.8607369942196,-47.9653328155614,0.032727272727272716,7.888399620243815,-0.1683333333333339,0.4471598121587632,55.28401878412368,12.492336576532736,5.39413799784922,0.43665291586592603,0.4317552927244358,1945-11-01
1945.12,17.33,0.66,0.96,18.2,1945.9583333332653,2.205,291.4939326923076,11.101326923076922,15473.520593712106,16.14738461538461,857.159825156585,15.02034747473997,1945-12-01,34.71,,2.2471910112359383,553.8607369942196,-47.370536811431386,0.017018779342723,7.91900565024034,-0.17416666666666636,0.43771565117382116,56.22843488261788,12.498286306734276,5.395746079941075,0.46741657791895874,0.42774551716259157,1945-12-01
1946.01,18.02,0.666667,0.94,18.2,1946.0416666665985,2.19,303.0998653846153,11.213467145192306,16139.208399393894,15.810980769230765,841.8898943080055,15.623163177761676,1946-01-01,34.71,,2.2471910112359383,553.8607369942196,-45.27507636133834,0.03981534910559725,8.063627146125945,-0.18000000000000016,0.4071708444057003,59.28291555942997,12.506840749748845,5.398258684142881,0.57728289997789,0.41412070401387946,1946-01-01
1946.02,18.07,0.673333,0.92,18.1,1946.1249999999318,2.195,305.6201063535911,11.388162870580107,16323.936366742713,15.560071823204417,831.1024602879522,15.761666525801909,1946-02-01,34.71,,1.6853932584269593,553.8607369942196,-44.820044834342404,0.002774694783573839,8.280970022338732,-0.16000000000000014,0.3871801533029658,61.28198466970343,12.516304678080354,5.4009769426014,0.600884225615378,0.4056722262021086,1946-02-01
1946.03,17.53,0.68,0.9,18.3,1946.208333333265,2.2,293.246725409836,11.37522950819672,15713.674686519793,15.055450819672126,806.7488430044388,15.134873415142536,1946-03-01,34.71,,2.8089887640449396,553.8607369942196,-47.054068681366644,-0.029883785279468666,9.571381097731939,-0.14000000000000012,0.4921526087021825,50.78473912978174,12.52452084646756,5.40270891842071,0.4831562477435894,0.4449841729688364,1946-03-01
1946.04,18.66,0.68,0.88,18.4,1946.2916666665983,2.205,310.453214673913,11.313407608695652,16686.20651942424,14.640880434782607,786.9164918056447,16.040842386215918,1946-04-01,34.71,,3.3707865168539186,553.8607369942196,-43.94742325322961,0.06446092413006266,10.57133157613815,-0.1200000000000001,0.4841052516976383,51.58947483023617,12.536005181494291,5.405784768392769,0.6483493803183129,0.4368972463815423,1946-04-01
1946.05,18.7,0.68,0.86,18.5,1946.3749999999316,2.21,309.43698648648643,11.252254054054053,16681.98514102839,14.23079189189189,767.1928995339262,16.01372317083218,1946-05-01,34.71,,3.3519553072625774,553.8607369942196,-44.130904067006306,0.002143622722400762,10.62631384066079,-0.10000000000000009,0.4879071161195828,51.20928838804172,12.547081477324646,5.408821647588634,0.6409236464753898,0.4379002540752448,1946-05-01
1946.06,18.58,0.68,0.84,18.7,1946.4583333332648,2.215,304.1630454545454,11.131909090909089,16447.67374993623,13.751181818181816,743.5977368108953,15.773186880128746,1946-06-01,34.71,,3.3149171270718147,553.8607369942196,-45.083118347542324,-0.0064171122994652885,10.951720237341641,-0.08000000000000007,0.5106739273719373,48.93260726280627,12.557573770816816,5.411412581768009,0.5942280431815327,0.44676666919665853,1946-06-01
1946.07,18.05,0.683333,0.856667,19.8,1946.541666666598,2.2199999999999998,279.07077651515146,10.565001159469695,15138.413300892737,13.244915507196966,718.4808369659766,14.508136111909067,1946-07-01,34.71,,9.392265193370154,553.8607369942196,-49.6135476167425,-0.028525296017222646,11.28178889607463,-0.0600000000000005,0.7663922623332582,23.360773766674182,12.565120912029746,5.412235294449968,0.3590041995904734,0.5424886432063845,1946-07-01
1946.08,17.7,0.686667,0.873333,20.2,1946.6249999999313,2.225,268.24043316831677,10.406319408044553,14597.954406151523,13.23521029492574,720.2754415473179,13.98493930994276,1946-08-01,34.71,,11.602209944751362,553.8607369942196,-51.56897478885269,-0.01939058171745156,11.805357518145104,-0.040000000000000036,0.8409654001809044,15.903459981909563,12.571378847227159,5.4125718352876,0.2611624391753668,0.5710935932859378,1946-08-01
1946.09,15.09,0.69,0.89,20.4,1946.7083333332646,2.23,226.44431249999997,10.354312499999997,12370.319015777779,13.3555625,729.594693442162,11.841267540149635,1946-09-01,34.71,,12.707182320441968,553.8607369942196,-59.115297876339035,-0.14745762711864407,18.86897011798464,-0.020000000000000018,0.9535673794350957,4.643262056490427,12.571091944790062,5.412607891097916,-0.1348378488382217,0.6300750721839787,1946-09-01
1946.1,14.75,0.696667,0.946667,20.8,1946.7916666665978,2.235,217.0856069711538,10.253313800120191,11905.743678989313,13.932730867427884,764.12031534629,11.387602961765051,1946-10-01,34.71,,14.917127071823199,553.8607369942196,-60.805019660850334,-0.022531477799867417,18.31021106122786,-4.440892098500626e-16,0.965107627785278,3.4892372214721967,12.56926378145227,5.412896966546509,-0.21830469469311398,0.6377876697248472,1946-10-01
1946.11,14.69,0.703333,1.00333,21.3,1946.874999999931,2.24,211.12736971830978,10.108430655281689,11625.17135395485,14.420042468309857,794.0015775740995,11.110043656743295,1946-11-01,34.71,,17.67955801104972,553.8607369942196,-61.88078417255397,-0.004067796610169538,17.78077163491563,0.020000000000000462,0.9636690231126865,3.633097688731346,12.566643818267579,5.4133756745560895,-0.26907427991199384,0.6380341580894403,1946-11-01
1946.12,15.13,0.71,1.06,21.5,1946.9583333332644,2.245,215.42832906976744,10.109326744186044,11908.379277998,15.092797674418604,834.2949130652927,11.372779425862708,1946-12-01,34.71,,18.131868131868135,553.8607369942196,-61.1042425143027,0.029952348536419482,18.04817343905908,0.040000000000000036,0.9645937047098047,3.5406295290195344,12.566530541148174,5.413400297149441,-0.22051779838155777,0.6391077966484315,1946-12-01
1947.01,15.21,0.713333,1.13,21.5,1947.0416666665976,2.25,216.56740813953485,10.156783625930231,12018.131888828524,16.089491860465113,892.8658142259193,11.469296334735576,1947-01-01,34.71,,18.131868131868135,553.8607369942196,-60.898580875250765,0.005287508261731633,17.325861377052618,0.06000000000000005,0.9620423036123812,3.795769638761881,12.567855360335262,5.413072328398821,-0.20294556565155633,0.6389648062643334,1947-01-01
1947.02,15.8,0.716667,1.2,21.5,1947.1249999999309,2.265833333333333,224.96811627906973,10.20425474616279,12531.50780543644,17.086186046511624,951.7600864888435,11.949565314209437,1947-02-01,34.71,,18.78453038674033,553.8607369942196,-59.381826287242745,0.03879026955950038,18.03881287590252,0.0708333333333333,0.9631257214967537,3.6874278503246316,12.573095298044912,5.411553826114817,-0.11522198685827974,0.6366593839600776,1947-02-01
1947.03,15.16,0.72,1.27,21.9,1947.2083333332641,2.2816666666666667,211.91291780821913,10.064465753424656,11851.006586824362,17.75259931506849,992.7954066798773,11.287903096501285,1947-03-01,34.71,,19.67213114754096,553.8607369942196,-61.738952835280905,-0.040506329113924044,18.198382108256443,0.08166666666666655,0.9651031429699214,3.489685703007861,12.575764036979338,5.4106799716795875,-0.23802201335487122,0.6408486000394724,1947-03-01
1947.04,14.6,0.733333,1.32667,21.9,1947.2916666665974,2.2975,204.08499999999998,10.25084008938356,11461.010819178562,18.544756640410956,1041.4369331150426,10.900825126392677,1947-04-01,34.71,,19.02173913043479,553.8607369942196,-63.15228966986155,-0.03693931398416894,16.36285531404745,0.0924999999999998,0.9583649195423615,4.163508045763853,12.579253742337983,5.409189087732866,-0.3102920953071691,0.6388964718398266,1947-04-01
1947.05,14.34,0.746667,1.38333,21.9,1947.3749999999307,2.3133333333333335,200.45060958904105,10.437228403767122,11305.755138867411,19.336774181506847,1090.6269355822494,10.733674273688536,1947-05-01,34.71,,18.37837837837837,553.8607369942196,-63.80848177163114,-0.017808219178082174,16.200599337569795,0.1033333333333335,0.957712655489269,4.228734451073102,12.58368342417219,5.407016467466246,-0.3421497163204641,0.6390744294212442,1947-05-01
1947.06,14.84,0.76,1.44,22.0,1947.458333333264,2.3291666666666666,206.4969136363636,10.575313636363633,11696.48243783746,20.03743636363636,1134.9686462591606,11.082715855052095,1947-06-01,34.71,,17.647058823529417,553.8607369942196,-62.71681672959628,0.03486750348675027,17.101464805051457,0.11416666666666675,0.9612143268989166,3.8785673101083384,12.589057023048612,5.404553435309775,-0.27871704591818464,0.6407062644146209,1947-06-01
1947.07,15.77,0.77,1.47667,22.2,1947.5416666665972,2.3449999999999998,217.46084121621615,10.61793581081081,12367.624485072227,20.362580874999995,1158.0786333780347,11.696446553354363,1947-07-01,34.71,,12.12121212121211,553.8607369942196,-60.73727081714302,0.06266846361185974,18.799181413193054,0.125,0.9523967088122106,4.760329118778939,12.596537506871185,5.401439562128953,-0.16663908633313576,0.6380263480842736,1947-07-01
1947.08,15.46,0.78,1.51333,22.5,1947.6249999999304,2.360833333333333,210.34360666666666,10.612419999999998,12013.143428176058,20.589863536666662,1175.9282240725531,11.33747235532983,1947-08-01,34.71,,11.386138613861396,553.8607369942196,-62.0222932197373,-0.01965757767913756,18.800692246244804,0.1358333333333328,0.947758426475398,5.224157352460201,12.60421748433945,5.397666575256508,-0.23468384186909927,0.6368091992663892,1947-08-01
1947.09,15.06,0.79,1.55,23.0,1947.7083333332637,2.376666666666667,200.44696304347823,10.51481413043478,11497.96985021779,20.630331521739127,1183.3899912242746,10.827463017228837,1947-09-01,34.71,,12.745098039215685,553.8607369942196,-63.809140158355326,-0.02587322121604141,11.665274442350176,0.14666666666666694,0.9141877228211261,8.581227717887385,12.612208150320038,5.3928856965115495,-0.3309443651375152,0.6254657029873942,1947-09-01
1947.1,15.45,0.806667,1.57,23.0,1947.791666666597,2.3925,205.63782065217384,10.736650088804346,11847.04871113072,20.896529347826082,1203.8748528462932,11.132662042754786,1947-10-01,34.71,,10.576923076923084,553.8607369942196,-62.87192665648007,0.02589641434262946,11.634261514480498,0.1575000000000002,0.8883188256030953,11.168117439690473,12.622612395685724,5.38638624317732,-0.27661409443449914,0.6168178389610833,1947-10-01
1947.11,15.27,0.823333,1.59,23.1,1947.8749999999302,2.408333333333333,202.3622045454545,10.911033461363633,11710.719599049607,21.071113636363634,1219.3873059914133,10.975407324839072,1947-11-01,34.71,,8.450704225352123,553.8607369942196,-63.46334177005104,-0.011650485436893177,11.71875890469224,0.168333333333333,0.8579828704537897,14.201712954621026,12.634341267130349,5.378160429344845,-0.3084575040267746,0.6066065046588263,1947-11-01
1947.12,15.03,0.84,1.61,23.4,1947.9583333332635,2.424166666666667,196.62804807692302,10.989192307692306,11431.878895954007,21.06261858974359,1224.5725231194915,10.68091253196919,1947-12-01,34.71,,8.837209302325565,553.8607369942196,-64.49864831653969,-0.015717092337917515,11.49260228411557,0.1791666666666667,0.8614701764249207,13.852982357507926,12.64619770777993,5.369103291140698,-0.36603601555841986,0.6082333117487223,1947-12-01
1948.01,14.83,0.843333,1.64333,23.7,1948.0416666665967,2.44,191.55573101265819,10.893140209177213,11189.753251992293,21.226519180379743,1239.9499131218138,10.419342657320323,1948-01-01,34.71,,10.232558139534875,553.8607369942196,-65.41445922810423,-0.013306719893546148,11.548616891703672,0.18999999999999995,0.8827985491351975,11.72014508648025,12.656694087303999,5.361017488029482,-0.41733708852459755,0.6161044921973191,1948-01-01
1948.02,14.1,0.846667,1.67667,23.5,1948.12499999993,2.4291666666666667,183.67649999999998,11.029278810319145,10783.176665990615,21.841480656382977,1282.2573631607438,9.999761169144184,1948-02-01,34.71,,9.302325581395344,553.8607369942196,-66.83706070287539,-0.04922454484153749,11.544195285483053,0.16333333333333355,0.8692938573299281,13.070614267007185,12.665625802908203,5.353880384484211,-0.49793130259125984,0.6103778500654748,1948-02-01
1948.03,14.3,0.85,1.71,23.4,1948.2083333332632,2.418333333333333,187.07791666666665,11.120016025641023,11037.267426698016,22.370855769230765,1319.8410699058466,10.186680609489674,1948-03-01,34.71,,6.849315068493156,553.8607369942196,-66.2229321973731,0.014184397163120588,11.203112812615608,0.13666666666666627,0.8225256082886804,17.747439171131962,12.675348927488855,5.346164139534385,-0.46550540781112787,0.5930089629010381,1948-03-01
1948.04,15.4,0.85,1.76,23.8,1948.2916666665965,2.4075,198.08249999999998,10.933124999999997,11740.27137757727,22.637999999999995,1341.745300294545,10.77948448202462,1948-04-01,34.71,,8.675799086757996,553.8607369942196,-64.2360458560421,0.07692307692307687,13.201140899364344,0.11000000000000032,0.8783489553405057,12.165104465949428,12.687178807354071,5.337211735620592,-0.35743276074237135,0.6115471343691771,1948-04-01
1948.05,16.15,0.85,1.81,23.9,1948.3749999999297,2.3966666666666665,206.8602144351464,10.887379707112968,12314.297261941187,23.18371443514644,1380.1162875612108,11.241032697984439,1948-05-01,34.71,,9.1324200913242,553.8607369942196,-62.65122247917976,0.04870129870129869,13.610673980440186,0.08333333333333304,0.8888179425146293,11.118205748537068,12.700119555871746,5.3280084363927385,-0.27385220487285183,0.6142112798801203,1948-05-01
1948.06,16.82,0.85,1.86,24.1,1948.458333333263,2.3858333333333333,213.65413070539415,10.797028008298751,12772.2979581436,23.626437759336095,1412.3944234332398,11.583895756523843,1948-06-01,34.71,,9.545454545454547,553.8607369942196,-61.42457545106254,0.041486068111455277,13.754471685598075,0.05666666666666664,0.8954980620589756,10.450193794102436,12.71425179042142,5.318245647925784,-0.21254302804505415,0.6155493217206415,1948-06-01
1948.07,16.42,0.856667,1.93,24.4,1948.5416666665963,2.375,206.00875204918032,10.74792323944672,12368.798086279454,24.21418340163934,1453.823404781933,11.134621739180933,1948-07-01,34.71,,9.909909909909898,553.8607369942196,-62.80495469543812,-0.02378121284185486,12.916933366750536,0.03000000000000025,0.892161714119962,10.783828588003797,12.727483172769565,5.308337105750731,-0.3000678747141027,0.6133815999419867,1948-07-01
1948.08,15.94,0.863333,2.0,24.5,1948.6249999999295,2.3641666666666667,199.17029999999997,10.787345834999998,12012.1891719578,24.989999999999995,1507.1755548253198,10.723556662478131,1948-08-01,34.71,,8.888888888888879,553.8607369942196,-64.03964269413835,-0.02923264311814877,13.141764036950967,0.0033333333333338544,0.8807300326086682,11.926996739133177,12.739762291940572,5.298538554193132,-0.38052108309504806,0.608380511413034,1948-08-01
1948.09,15.76,0.87,2.07,24.5,1948.7083333332628,2.3533333333333335,196.92119999999997,10.870649999999998,11931.17848588594,25.864649999999994,1567.1027579812114,10.55301368939916,1948-09-01,34.71,,6.521739130434789,553.8607369942196,-64.44571950185825,-0.01129234629861986,12.867899157771642,-0.023333333333333428,0.8397481160760837,16.02518839239163,12.751995189515485,5.288354125546959,-0.4158158564861409,0.5947868406266292,1948-09-01
1948.1,16.19,0.89,2.14333,24.4,1948.791666666596,2.3425,203.12312397540984,11.166126024590163,12363.322657206501,26.890666171106556,1636.7313372989752,10.825409809169495,1948-10-01,34.71,,6.0869565217391175,553.8607369942196,-63.32595715707326,0.027284263959390875,12.893895423299739,-0.050000000000000266,0.8321558321931094,16.78441678068906,12.764592118648757,5.278311476290472,-0.3673868657031385,0.5931295412675882,1948-10-01
1948.11,15.29,0.91,2.21667,24.2,1948.8749999999293,2.3316666666666666,193.41692045454542,11.511405991735536,11830.931326049025,28.040646505165284,1715.1910099746956,10.248096205635571,1948-11-01,34.71,,4.761904761904745,553.8607369942196,-65.07841998257334,-0.05558987029030282,14.179993828847884,-0.07666666666666666,0.825335073074344,17.466492692565605,12.775466476177312,5.269049371443433,-0.4796634254822667,0.5917422755760203,1948-11-01
1948.12,15.19,0.93,2.29,24.1,1948.9583333332625,2.3208333333333333,192.94924170124477,11.813218879668048,11862.540280157547,29.08846369294605,1788.361898720262,10.159652938900916,1948-12-01,34.71,,2.991452991453003,553.8607369942196,-65.16285975634007,-0.0065402223675604665,14.092315360164942,-0.1033333333333335,0.7871936923798728,21.28063076201272,12.786647233198474,5.259179662254364,-0.4995064749644794,0.5793927923329555,1948-12-01
1949.01,15.36,0.946667,2.32,24.0,1949.0416666665958,2.31,195.92159999999993,12.0750334184375,12107.145720544087,29.59232499999999,1828.6834682071799,10.24828575803898,1949-01-01,31.69,,1.2658227848101333,553.8607369942196,-64.62619808306711,0.011191573403555033,14.021730295735995,-0.1299999999999999,0.7447774236918653,25.52225763081347,12.798174505748724,5.249017466106114,-0.48578400894545537,0.5655470982921528,1949-01-01
1949.02,14.77,0.963333,2.35,23.8,1949.124999999929,2.3108333333333335,189.97912499999995,12.390870712499996,11803.734027691939,30.226874999999996,1878.048406572516,9.872517140570059,1949-02-01,31.69,,1.276595744680864,553.8607369942196,-65.69911670738583,-0.03841145833333337,13.612413268550632,-0.11833333333333318,0.7371977049227939,26.28022950772061,12.808265684552069,5.239857775700099,-0.5602725626631657,0.5624566967229778,1949-02-01
1949.03,14.91,0.98,2.38,23.8,1949.2083333332623,2.3116666666666665,191.77987499999998,12.605249999999998,11980.883274553034,30.612749999999995,1912.4414616657425,9.901332491240924,1949-03-01,31.69,,1.7094017094017255,553.8607369942196,-65.37398985153166,0.009478672985782088,13.584286120691184,-0.10666666666666647,0.7476935610546144,25.230643894538563,12.818113624791993,5.231021642029838,-0.5575930158872838,0.565692746369115,1949-03-01
1949.04,14.89,0.993333,2.38667,23.9,1949.2916666665956,2.3125,190.72127510460248,12.723286525418407,11980.987851634438,30.57009708891213,1920.3938398831676,9.78363986754406,1949-04-01,31.69,,0.42016806722688926,553.8607369942196,-65.56512091114467,-0.0013413816230717357,11.026286997253058,-0.0950000000000002,0.6589573136671883,34.104268633281166,12.82735668121345,5.222682062178843,-0.5827880727626727,0.5341975597835159,1949-04-01
1949.05,14.78,1.00667,2.39333,23.8,1949.3749999999288,2.3133333333333335,190.10774999999995,12.948292874999998,12010.230218407227,30.784207125,1944.8203172273732,9.692295086395816,1949-05-01,31.69,,-0.4184100418409997,553.8607369942196,-65.6758933605391,-0.007387508394895992,9.517342167437404,-0.08333333333333304,0.6110514803164498,38.89485196835501,12.835310272393766,5.215697334034955,-0.6026068969700851,0.5169930181107574,1949-05-01
1949.06,13.97,1.02,2.4,23.9,1949.458333333262,2.314166666666667,178.93728765690378,13.064855648535563,11373.308100761473,30.740836820083675,1953.8968820205816,9.067718943419537,1949-06-01,31.69,,-0.8298755186722073,553.8607369942196,-67.6927292900397,-0.05480378890392412,9.02277338090361,-0.07166666666666632,0.5992346918811802,40.07653081188198,12.840993893862196,5.210456620352184,-0.7241735658452937,0.512419642158413,1949-06-01
1949.07,14.76,1.02667,2.39667,23.7,1949.5416666665953,2.315,190.65155696202527,13.261262465189871,12188.111420274927,30.957240313291134,1979.0569781592353,9.605038093363925,1949-07-01,31.69,,-2.868852459016391,553.8607369942196,-65.57770857766813,0.05654974946313529,11.428589857243066,-0.06000000000000005,0.6553994519847954,34.46005480152046,12.84808334088419,5.204291846022829,-0.6231482290906939,0.5316398081946784,1949-07-01
1949.08,15.29,1.03333,2.39333,23.8,1949.6249999999286,2.3158333333333334,196.66762499999996,13.291207124999998,12643.518490576858,30.784207125,1979.0786206051218,9.851348638079234,1949-08-01,31.69,,-2.857142857142858,553.8607369942196,-64.49150267135609,0.03590785907859084,11.97303950970646,-0.04833333333333334,0.6675897525860811,33.24102474139189,12.857450611818564,5.195824316264386,-0.5785611273132135,0.5354689134051284,1949-08-01
1949.09,15.49,1.04,2.39,23.9,1949.7083333332619,2.3166666666666664,198.40648430962338,13.32102928870293,12826.673648138614,30.61275,1979.0671413202901,9.884048361738287,1949-09-01,31.69,,-2.448979591836742,553.8607369942196,-64.17755022925662,0.013080444735121155,12.034868146378273,-0.03666666666666707,0.668960389983705,33.1039610016295,12.866688297067663,5.18754382269566,-0.5749618773879531,0.5355111364942967,1949-09-01
1949.1,15.89,1.07333,2.36667,23.7,1949.7916666665951,2.3175,205.24750949367083,13.863959053797464,13343.62569063805,30.569737148734173,1987.4108630121054,10.169850844772146,1949-10-01,31.69,,-2.868852459016391,553.8607369942196,-62.94239764899368,0.0258231116849581,11.99839470553317,-0.02499999999999991,0.6681521797624079,33.184782023759205,12.876063704414396,5.179583235603355,-0.5224769516281382,0.5347907629168428,1949-10-01
1949.11,16.11,1.10667,2.34333,23.8,1949.8749999999284,2.3183333333333334,207.21487499999998,14.234542874999997,13548.64721164805,30.141082124999993,1970.7604885457,10.21586101165065,1949-11-01,31.69,,-1.6528925619834656,553.8607369942196,-62.58718822992455,0.013845185651353065,10.463193040808376,-0.013333333333333197,0.6332812205765095,36.67187794234905,12.886477144518608,5.1704224832882,-0.5165179715003759,0.5221484272017782,1949-11-01
1949.12,16.54,1.14,2.32,23.6,1949.9583333332616,2.3191666666666664,214.54868008474568,14.78751483050847,14108.737502512426,30.093889830508466,1978.9764816099657,10.529330904131147,1949-12-01,31.69,,-2.0746887966805017,553.8607369942196,-61.26306384361294,0.0266914959652389,10.597742230028901,-0.0016666666666669272,0.6364002982317285,36.35997017682715,12.898612183047312,5.159708571650747,-0.4591889727907948,0.5228026043811049,1949-12-01
1950.01,16.88,1.15,2.33667,23.5,1950.041666666595,2.32,219.89073191489354,14.980707446808506,14542.12560837442,30.43910406063829,2013.041981357835,10.745733299747911,1950-01-01,34.72,,-2.083333333333337,553.8607369942196,-60.29855210386786,0.02055622732769047,10.673928292120847,0.009999999999999787,0.6381613667148338,36.18386332851662,12.911823476182333,5.148044836496856,-0.4207597729293289,0.5237314783501918,1950-01-01
1950.02,17.21,1.16,2.35333,23.5,1950.1249999999281,2.3408333333333333,224.18954361702123,15.110974468085102,14909.699083467614,30.6561289180851,2038.7822280125995,10.911564066731684,1950-02-01,34.72,,-1.260504201680679,553.8607369942196,-59.52239820542451,0.01954976303317557,9.402931355667528,0.029999999999999805,0.600716883145441,39.928311685455895,12.926979632895735,5.134044047993056,-0.3925590718201757,0.508987900128027,1950-02-01
1950.03,17.35,1.17,2.37,23.6,1950.2083333332614,2.361666666666667,225.05559851694912,15.176659957627113,15051.406126788299,30.742465042372878,2056.013401757249,10.910946522976257,1950-03-01,34.72,,-0.8403361344537785,553.8607369942196,-59.36603129907403,0.008134805345729301,9.409632832063552,0.050000000000000266,0.598374969447331,40.162503055266896,12.941179976771897,5.121327340800235,-0.3964271991796574,0.5081363958019359,1950-03-01
1950.04,17.84,1.18,2.42667,23.6,1950.2916666665947,2.3825,231.41163559322027,15.306374999999996,15561.794826380637,31.477560187499993,2116.7791844917656,11.178021600956098,1950-04-01,34.72,,-1.2552301255229992,553.8607369942196,-58.21844371040235,0.02824207492795372,9.381026431993098,0.06999999999999984,0.5791615013792454,42.08384986207546,12.956674873648149,5.1074736452730125,-0.34824521793435026,0.4964237440347476,1950-04-01
1950.05,18.44,1.19,2.48333,23.7,1950.374999999928,2.4033333333333333,238.18527848101263,15.37095886075949,16103.44153110231,32.07660778797468,2168.6637449800596,11.461543104586232,1950-05-01,34.72,,-0.42016806722690037,553.8607369942196,-56.995457057737156,0.03363228699551568,9.183243661313119,0.08999999999999986,0.5542904951280055,44.57095048719945,12.974098742099644,5.091575222372566,-0.2970702722542893,0.48235395858348773,1950-05-01
1950.06,18.74,1.2,2.54,23.8,1950.4583333332612,2.4241666666666664,241.04324999999992,15.434999999999995,16383.627734668487,32.67074999999999,2220.6197676658467,11.554126144044288,1950-06-01,34.72,,-0.4184100418409997,553.8607369942196,-56.47944800923565,0.01626898047722336,4.527867153842818,0.10999999999999943,0.4299839218751888,57.00160781248111,12.992183426720734,5.074863509598744,-0.28336866202538513,0.4370166127024943,1950-06-01
1950.07,17.38,1.24333,2.6,24.1,1950.5416666665944,2.445,220.7674668049792,15.79325745124481,15094.9448406395,33.026203319502066,2258.1620590139646,10.539745658930993,1950-07-01,34.72,,1.6877637130801704,553.8607369942196,-60.14025691673406,-0.07257203842049087,9.896492878287537,0.1299999999999999,0.6714354244449361,32.85645755550639,13.007347739885708,5.059289267548132,-0.48773690343872766,0.5398773985557276,1950-07-01
1950.08,18.43,1.28667,2.66,24.3,1950.6249999999277,2.4658333333333333,232.1781820987654,16.209262157407405,15967.50974911206,33.51025308641975,2304.5890359543178,11.04061167026154,1950-08-01,34.72,,2.1008403361344463,553.8607369942196,-58.08004312441657,0.06041426927502891,10.752131331885687,0.1499999999999999,0.6742186585568629,32.57813414431371,13.024069713753317,5.0427396979959385,-0.3933294522975343,0.5320017461169848,1950-08-01
1950.09,19.08,1.33,2.72,24.4,1950.708333333261,2.4866666666666664,239.38166803278682,16.686457991803277,16558.543593724386,34.12568852459016,2360.547095122135,11.3373911022773,1950-09-01,34.72,,2.092050209205021,553.8607369942196,-56.779447965222865,0.03526858383071074,10.911042942498925,0.16999999999999993,0.6582130004564958,34.17869995435042,13.04084812578712,5.026982831385521,-0.3388627096306034,0.5206467899858879,1950-09-01
1950.1,19.87,1.37667,2.76,24.6,1950.7916666665942,2.5075,247.26639939024383,17.13156688719512,17202.69964906752,34.346012195121936,2389.504329714461,11.662444039105264,1950-10-01,34.72,,3.797468354430378,553.8607369942196,-55.35585339878959,0.041404612159329224,11.141918588647584,0.18999999999999995,0.6923036413680511,30.76963586319489,13.058379422025123,5.011070768910052,-0.2785702791468431,0.5262105414727658,1950-10-01
1950.11,19.83,1.42333,2.8,24.7,1950.8749999999275,2.5283333333333333,245.7695678137651,17.640504233805665,17200.835858824074,34.70271255060728,2428.7614929252354,11.542173388716298,1950-11-01,34.72,,3.7815126050420034,553.8607369942196,-55.62610753967741,-0.0020130850528435884,11.337540919686976,0.20999999999999996,0.6998036304251699,30.01963695748301,13.076200992741143,4.994162729145079,-0.3071641208390191,0.5309368083471965,1950-11-01
1950.12,19.75,1.47,2.84,25.0,1950.9583333332607,2.549166666666667,241.84072499999994,18.000296999999996,17030.848576763874,34.77608399999999,2448.9929092662987,11.306665788890761,1950-12-01,34.72,,5.932203389830493,553.8607369942196,-56.33546325878596,-0.004034291477559182,11.49479820061012,0.23000000000000043,0.7678370111879624,23.216298881203755,13.094318839251722,4.97579458888079,-0.35926986502934777,0.5590452702097166,1950-12-01
1951.01,21.21,1.48667,2.83667,25.4,1951.041666666594,2.57,255.62851476377952,17.917738993110234,18106.958833397952,34.188295095472434,2421.662749360441,11.89575983943707,1951-01-01,34.72,,8.085106382978724,553.8607369942196,-53.84606676561595,0.07392405063291152,12.907765920966908,0.25,0.8113075188365263,18.86924811634737,13.11313432728658,4.95834095851664,-0.24552052753824874,0.562562965420864,1951-01-01
1951.02,22.0,1.50333,2.83333,25.7,1951.1249999999272,2.5791666666666666,262.05466926070034,17.90702936089494,18667.844103523137,33.74942527529182,2404.1892151743277,12.141507370682692,1951-02-01,34.72,,9.361702127659566,553.8607369942196,-52.6858194204448,0.03724658180103724,13.024040306249965,0.23833333333333329,0.8267861248371369,17.321387516286315,13.132208355562907,4.9412824034004235,-0.20049471048213074,0.5617417407952219,1951-02-01
1951.03,21.63,1.52,2.83,25.8,1951.2083333332605,2.5883333333333334,256.64875290697665,18.03541860465116,18389.810750040957,33.57910174418604,2406.064004744148,11.841626487283097,1951-03-01,34.72,,9.322033898305083,553.8607369942196,-53.66186195111079,-0.016818181818181843,13.52900687992959,0.22666666666666657,0.8420147695339044,15.798523046609558,13.150678573142349,4.923917801908002,-0.26585579583639646,0.5715144790924204,1951-03-01
1951.04,21.92,1.53333,2.79333,25.8,1951.2916666665938,2.5975,260.08972093023255,18.19358447965116,18745.004885992203,33.143997270348834,2388.7310446253923,11.951097197083959,1951-04-01,34.72,,9.322033898305083,553.8607369942196,-53.040592416474716,0.013407304669440734,13.502714974104634,0.2150000000000003,0.8360667120800747,16.393328791992534,13.169161937793307,4.906814109767028,-0.24823943060830175,0.5658888113103997,1951-04-01
1951.05,21.93,1.54667,2.75667,25.9,1951.374999999927,2.6066666666666665,259.2037094594594,18.281012371621618,18790.943582816344,32.58272183108108,2362.0807317119175,11.863875406269177,1951-05-01,34.72,,9.282700421940927,553.8607369942196,-53.2005624976871,0.00045620437956195303,13.491564740974828,0.20333333333333314,0.8366559237772012,16.33440762227988,13.186535288295914,4.891020203667975,-0.27042617428462495,0.5664573858104559,1951-05-01
1951.06,21.55,1.56,2.72,25.9,1951.4583333332603,2.6158333333333332,254.7122635135135,18.438567567567567,18576.728539692587,32.149297297297295,2344.7193330841687,11.61566485702518,1951-06-01,34.72,,8.823529411764696,553.8607369942196,-54.011496663253844,-0.017327861377108955,13.876598657033428,0.19166666666666687,0.8408942586608976,15.910574133910238,13.204311826896012,4.873569338582789,-0.32597196418114416,0.5715579738475834,1951-06-01
1951.07,21.93,1.54667,2.65,25.9,1951.5416666665935,2.625,259.2037094594594,18.281012371621618,19015.405843913326,31.32192567567567,2297.8032597524084,11.778190092457809,1951-07-01,34.72,,7.468879668049788,553.8607369942196,-53.2005624976871,0.017633410672853733,10.324918062169,0.18000000000000016,0.7455554534422258,25.444454655777417,13.22259074559199,4.8557640031440865,-0.2974610488069309,0.5336972211932145,1951-07-01
1951.08,22.89,1.53333,2.58,25.9,1951.6249999999268,2.6341666666666668,270.5505202702702,18.123338979729727,19958.612895002127,30.49455405405405,2249.594638230908,12.256989084145143,1951-08-01,34.72,,6.584362139917688,553.8607369942196,-51.151886710992144,0.04377564979480164,9.730762567457441,0.16833333333333345,0.6815961951512245,31.84038048487755,13.242301007427905,4.837317061844999,-0.20368975419340288,0.5006306018578893,1951-08-01
1951.09,23.48,1.52,2.51,26.1,1951.70833333326,2.6433333333333335,275.3974597701149,17.82811494252873,20425.77232290527,29.439847701149418,2183.5046222526503,12.44495315715004,1951-09-01,34.72,,6.9672131147541005,553.8607369942196,-50.27676789933042,0.02577544779379637,9.598526368207787,0.15666666666666718,0.6771268079343299,32.28731920656701,13.261932753904828,4.819618611755536,-0.16951125443040077,0.4942532222736676,1951-09-01
1951.1,23.36,1.48333,2.48667,26.2,1951.7916666665933,2.6525000000000003,272.94421374045794,17.331607044847328,20350.940514675432,29.054888184160305,2166.3558754121564,12.309457904118688,1951-10-01,34.72,,6.5040650406503975,553.8607369942196,-50.71970343633393,-0.005110732538330498,9.476193112526293,0.14500000000000046,0.6673317487425489,33.266825125745115,13.280905532310564,4.802308911998085,-0.20228761747600466,0.49260212924156177,1951-10-01
1951.11,22.71,1.44667,2.46333,26.4,1951.8749999999266,2.6616666666666666,263.33922443181814,16.775207213068178,19739.015852736393,28.564130855113632,2141.0704500449647,11.852030617771039,1951-11-01,34.72,,6.882591093117396,553.8607369942196,-52.453891954690675,-0.02782534246575341,10.267824097920794,0.1333333333333333,0.7193798109578409,28.06201890421591,13.297610625712148,4.78678154958478,-0.30199414637304745,0.5190523936086976,1951-11-01
1951.12,23.41,1.41,2.44,26.5,1951.9583333332598,2.6708333333333334,270.43187830188674,16.28829339622641,20372.40009063706,28.186833962264146,2123.3941145303043,12.147072568106777,1951-12-01,34.72,,6.000000000000005,553.8607369942196,-51.17330761347881,0.030823425803610638,10.274622987327367,0.12166666666666659,0.6767806756106183,32.32193243893817,13.314368719375175,4.772100708830253,-0.24460844866673553,0.4973022745311104,1951-12-01
1952.01,24.19,1.41333,2.42667,26.5,1952.041666666593,2.68,279.4424235849056,16.326761493396223,21153.685115086948,28.032846053773582,2122.075777520796,12.527059748172297,1952-01-01,34.6,,4.330708661417337,553.8607369942196,-49.546446440412325,0.03331909440410086,8.339956236317434,0.11000000000000032,0.5534252452272342,44.65747547727658,13.331701976202465,4.757816126088725,-0.16912007667089973,0.4455560680315936,1952-01-01
1952.02,23.75,1.41667,2.41333,26.3,1952.1249999999263,2.6925,276.445936311787,16.489796403992393,21030.874778256828,28.090748272813684,2137.029095941497,12.36411935046109,1952-02-01,34.6,,2.3346303501945664,553.8607369942196,-50.08746461934669,-0.01818933443571724,8.299331933787089,0.11333333333333329,0.49509554430966896,50.490445569033106,13.348098680307366,4.744224877126587,-0.20740571016992737,0.42797076360511754,1952-02-01
1952.03,23.81,1.42,2.4,26.3,1952.2083333332596,2.705,277.1443260456273,16.528557034220526,21188.790820451453,27.93558935361216,2135.7873989535274,12.362339087390364,1952-03-01,34.6,,1.9379844961240345,553.8607369942196,-49.96136979312189,0.00252631578947371,7.919077959593686,0.1166666666666667,0.4703009303517422,52.969906964825775,13.363490213191685,4.731963820229388,-0.21157201615138077,0.4187871745887192,1952-03-01
1952.04,23.74,1.43,2.38,26.4,1952.2916666665928,2.7175000000000002,275.28283522727264,16.58190625,21152.11849236152,27.59785795454545,2120.557793252756,12.24272868326688,1952-04-01,34.6,,2.325581395348819,553.8607369942196,-50.297463452415535,-0.0029399412011760218,7.971983012271205,0.1200000000000001,0.49011130230077066,50.98886976992294,13.377294311227955,4.7213845331587905,-0.24030358467794757,0.4275262730673474,1952-04-01
1952.05,23.73,1.44,2.36,26.4,1952.374999999926,2.7300000000000004,275.1668778409091,16.697863636363632,21250.127465999256,27.365943181818174,2113.371294553655,12.200478761945837,1952-05-01,34.6,,1.9305019305019266,553.8607369942196,-50.31839965146674,-0.0004212299915753448,7.9802103871933845,0.12333333333333396,0.477510502898997,52.2489497101003,13.390091565403026,4.711897966403491,-0.2524699838450024,0.42334567427198266,1952-05-01
1952.06,24.38,1.45,2.34,26.5,1952.4583333332594,2.7425,281.6372999999999,16.75037264150943,21857.611888164123,27.031635849056595,2097.900402719608,12.447881581789366,1952-06-01,34.6,,2.316602316602312,553.8607369942196,-49.15015974440895,0.027391487568478645,7.752731282838145,0.12666666666666693,0.46526373483632494,53.47362651636751,13.4036746049309,4.702076705460708,-0.20327040221005632,0.41334310591475854,1952-06-01
1952.07,25.08,1.45,2.34667,26.7,1952.5416666665926,2.755,287.5534719101123,16.624901685393255,22424.280827972212,26.905626233146062,2098.1813034520555,12.669112889622479,1952-07-01,34.6,,3.0888030888030826,553.8607369942196,-48.08199016405212,0.028712059064807116,7.9398484014591615,0.1299999999999999,0.4778373474277405,52.216265257225956,13.417749654497147,4.692235492287336,-0.15954799500263955,0.41252802241996983,1952-07-01
1952.08,25.18,1.45,2.35333,26.7,1952.6249999999259,2.7675,288.70001685393254,16.624901685393255,22621.73013749549,26.98198612640449,2114.233367135515,12.678378236328621,1952-08-01,34.6,,3.0888030888030826,553.8607369942196,-47.874980555455835,0.003987240829346206,7.130338712483384,0.1333333333333333,0.4542631246232564,54.57368753767435,13.430689508792792,4.683724132270282,-0.16062245581050325,0.4033669963954189,1952-08-01
1952.09,24.78,1.45,2.36,26.7,1952.7083333332591,2.7800000000000002,284.1138370786516,16.624901685393255,22370.926603074622,27.058460674157296,2130.5644383880594,12.434678020425505,1952-09-01,34.6,,2.298850574712641,553.8607369942196,-48.70301898984098,-0.015885623510722757,7.224681215385993,0.13666666666666671,0.4441958202189668,55.58041797810331,13.442271717176519,4.676063867580457,-0.21547902793559895,0.40410863202584324,1952-09-01
1952.1,24.26,1.43667,2.37333,26.7,1952.7916666665924,2.7925,278.15180337078647,16.472067244382018,22009.563464520863,27.211295115168536,2153.1721870260226,12.13118355868687,1952-10-01,34.6,,1.9083969465648831,553.8607369942196,-49.77946895454165,-0.02098466505246166,7.623209651993089,0.13999999999999968,0.4589439360064559,54.105606399354414,13.452546804842976,4.669082943702755,-0.2830027356738746,0.41477772237496774,1952-10-01
1952.11,25.03,1.42333,2.38667,26.7,1952.8749999999256,2.805,286.98019943820225,16.319118148876402,22815.74386565487,27.364244210674155,2175.535413976928,12.47346976551531,1952-11-01,34.6,,1.1363636363636465,553.8607369942196,-48.185494968350255,0.03173948887056888,7.28311100077797,0.14333333333333353,0.39943797772181705,60.05620222781829,13.46497796037977,4.660470317218693,-0.2127485269461343,0.38610576704438726,1952-11-01
1952.12,26.04,1.41,2.4,26.7,1952.958333333259,2.8175,298.56030337078647,16.166283707865166,23843.500605907597,27.517078651685384,2197.5576595306534,12.933964306161373,1952-12-01,34.6,,0.7547169811320753,553.8607369942196,-46.094697921527796,0.040351578106272434,7.656735784572387,0.1466666666666665,0.36338143041303406,63.661856958696596,13.47878152827205,4.651484384902177,-0.11712760422867342,0.3631569902522009,1952-12-01
1953.01,26.18,1.41,2.41,26.6,1953.0416666665922,2.83,301.2939078947368,16.22705921052631,24169.803839681183,27.73561184210526,2224.9513847834855,13.010773447995183,1953-01-01,34.84,,0.37735849056603765,553.8607369942196,-45.601143433664035,0.005376344086021501,7.189493257293182,0.1499999999999999,0.3338862735069198,66.61137264930802,13.492272008730179,4.643033706426813,-0.10370343856614993,0.3504909128957421,1953-01-01
1953.02,25.86,1.41,2.42,26.5,1953.1249999999254,2.8008333333333333,298.73423207547165,16.28829339622641,24073.353860682153,27.955794339622635,2252.804189592065,12.859346880687902,1953-02-01,34.84,,0.7604562737642651,553.8607369942196,-46.063294954487915,-0.012223071046600475,6.985066066159296,0.10833333333333339,0.3476890332879719,65.23109667120282,13.504288637345796,4.635756141285459,-0.13912331386763963,0.35607013642322977,1953-02-01
1953.03,25.99,1.41,2.43,26.6,1953.2083333332587,2.7716666666666665,299.1072828947367,16.22705921052631,24212.386791835474,27.965782894736837,2263.797610779539,12.83481934009249,1953-03-01,34.84,,1.1406844106463865,553.8607369942196,-45.99594033005838,0.005027068832173187,6.9708742686847875,0.06666666666666643,0.35791496995509714,64.20850300449028,13.51577219801,4.628939179858282,-0.1471077565418254,0.35774994113457587,1953-03-01
1953.04,24.71,1.41333,2.45667,26.6,1953.291666666592,2.83,284.3763355263157,16.26538269078947,23129.655714183533,28.272715993421045,2299.5520559839442,12.1639014540068,1953-04-01,34.84,,0.7575757575757791,553.8607369942196,-48.655624684714994,-0.04924971142747203,8.977667206404467,0.11249999999999982,0.43597470700090213,56.40252929990979,13.526303008525398,4.621512776970797,-0.29479558323575467,0.40008802087389067,1953-04-01
1953.05,24.84,1.41667,2.48333,26.7,1953.3749999999252,3.05,284.80176404494375,16.242758255617975,23274.349419501184,28.47249455337078,2326.807171655792,12.141970791867779,1953-05-01,34.84,,1.1363636363636465,553.8607369942196,-48.57881322468321,0.005261027923917361,8.967521141044047,0.3199999999999994,0.44691452807102877,55.30854719289713,13.537807099981704,4.612865849845594,-0.30259633675682274,0.411314150948276,1953-05-01
1953.06,23.95,1.42,2.51,26.8,1953.4583333332585,3.11,273.5728964552238,16.220188432835815,22467.173730580547,28.670896455223872,2354.5973304282743,11.62440788547008,1953-06-01,34.84,,1.132075471698113,553.8607369942196,-50.60619426827524,-0.03582930756843805,9.39641250165603,0.3674999999999997,0.491083678055902,50.891632194409794,13.548786496100583,4.603559453388286,-0.41801971498687457,0.43869150866094186,1953-06-01
1953.07,24.29,1.42,2.52333,26.8,1953.5416666665917,2.93,277.45660354477604,16.220188432835815,22897.130082418375,28.823160618470144,2378.6338102457294,11.750201645309998,1953-07-01,34.84,,0.3745318352059934,553.8607369942196,-49.90498784035097,0.014196242171189866,8.996902685683132,0.17500000000000027,0.44438780004730616,55.56121999526938,13.561020430894526,4.592869304444144,-0.3942674318714767,0.411623169218312,1953-07-01
1953.08,24.39,1.42,2.53667,26.9,1953.624999999925,2.95,277.5631868029739,16.159890334572488,23017.05890333957,28.867823249999994,2393.877933921049,11.715076201734,1953-08-01,34.84,,0.7490636704119868,553.8607369942196,-49.885744147653725,0.004116920543433489,8.997908890992289,0.1825000000000001,0.45645616669187655,54.354383330812354,13.572890689304295,4.582520597077426,-0.40541323234971266,0.41603212908042536,1953-08-01
1953.09,23.27,1.42,2.55,26.9,1953.7083333332582,2.87,264.8173578066914,16.159890334572488,22071.777203127254,29.019521375464677,2418.6949663934033,11.139349357262919,1953-09-01,34.84,,0.7490636704119868,553.8607369942196,-52.187013789089875,-0.04592045920459209,9.942761435457601,0.08999999999999986,0.5183131924532353,48.16868075467647,13.583116148998943,4.572935263389823,-0.5343978541092467,0.44571968630408176,1953-09-01
1953.1,23.97,1.43,2.53667,27.0,1953.7916666665915,2.66,271.7731916666666,16.21341944444444,22764.138151610598,28.760905386111105,2409.0574186502317,11.391934765421409,1953-10-01,34.84,,1.1235955056179803,553.8607369942196,-50.93113241036564,0.030081650193382048,10.341840149499054,-0.13249999999999984,0.5198409700105525,48.015902998944746,13.594434300026162,4.562414427379479,-0.48274867828475765,0.44156875155552155,1953-10-01
1953.11,24.5,1.44,2.52333,26.9,1953.8749999999247,2.68,278.81500929368025,16.387494423791818,23468.358364469885,28.716011322490704,2417.078069870114,11.644070268505766,1953-11-01,34.84,,0.7490636704119868,553.8607369942196,-49.6597265935841,0.02211097204839385,10.054312694774794,-0.125,0.4790010754614152,52.09989245385849,13.605816917683358,4.5523838094447635,-0.4309273407720115,0.4206365093794158,1953-11-01
1953.12,24.83,1.45,2.51,26.9,1953.958333333258,2.59,282.5704767657992,16.501296468401485,23900.208088115403,28.564313197026017,2416.0097584039336,11.75444918402729,1953-12-01,34.84,,0.7490636704119868,553.8607369942196,-48.981673931375234,0.01346938775510198,9.156004555483342,-0.22750000000000004,0.4454481491083924,55.455185089160764,13.616774445569712,4.5431318967352725,-0.4099210200964454,0.4093464718448135,1953-12-01
1954.01,25.46,1.45667,2.52333,26.9,1954.0416666665913,2.48,289.74000557620815,16.57720243215613,24623.460502069855,28.716011322490704,2440.420918644459,12.002650554927824,1954-01-01,35.04,,1.1278195488721776,553.8607369942196,-47.68720975806739,0.025372533225936467,9.579197320308904,-0.3500000000000001,0.44705991887758034,55.29400811224197,13.627692226427742,4.53448493602632,-0.3583740368369118,0.40803202039749004,1954-01-01
1954.02,26.02,1.46333,2.53667,26.9,1954.1249999999245,2.47,296.1129200743494,16.65299459386617,25282.998021808013,28.867823249999994,2464.8202379700124,12.215052485432834,1954-02-01,35.04,,1.5094339622641506,553.8607369942196,-46.536574937349314,0.021995286724273422,9.788355649570864,-0.3308333333333331,0.4458461930320755,55.41538069679245,13.63895052160714,4.525900273228427,-0.3146110055930612,0.401135292247973,1954-02-01
1954.03,26.57,1.47,2.55,26.9,1954.2083333332578,2.37,302.372032527881,16.728900557620815,25936.449834631454,29.019521375464677,2489.196352213406,12.420105295189968,1954-03-01,35.04,,1.1278195488721776,553.8607369942196,-45.406487167001195,0.021137586471944747,9.993147667994961,-0.4016666666666664,0.41989360980612517,58.010639019387476,13.651067266749012,4.516747292054668,-0.2725328409947591,0.3890576992671497,1954-03-01
1954.04,27.63,1.46333,2.57333,26.8,1954.291666666591,2.29,315.6083143656716,16.71513263339552,27191.293930593558,29.39429401399253,2532.470952240836,12.907868184060913,1954-04-01,35.04,,0.7518796992481258,553.8607369942196,-43.016665871918356,0.03989461799021443,8.899812470796533,-0.54,0.3447967450962626,65.52032549037375,13.664912399626047,4.506770171543269,-0.16797932593618303,0.35601219014328367,1954-04-01
1954.05,28.73,1.45667,2.59667,26.9,1954.3749999999243,2.37,326.9532741635687,16.57720243215613,28287.73875180875,29.550635517657987,2556.697618679402,13.312042238025853,1954-05-01,35.04,,0.7490636704119868,553.8607369942196,-40.96832428708861,0.03981179876945351,9.371778253704726,-0.6799999999999997,0.3248162146448096,67.51837853551905,13.679946688257603,4.496500134645356,-0.08182017996553823,0.3440272965611264,1954-05-01
1954.06,28.96,1.45,2.62,26.9,1954.4583333332575,2.38,329.57072118959104,16.501296468401485,28633.1714590402,29.816135687732338,2590.4319482971455,13.357885903658993,1954-06-01,35.04,,0.3731343283581934,553.8607369942196,-40.4957421285794,0.00800556909154193,7.796686795690999,-0.73,0.27470833518528237,72.52916648147176,13.69468615758333,4.486685478909022,-0.07506660663145788,0.3260016279577458,1954-06-01
1954.07,30.13,1.45667,2.62333,26.9,1954.5416666665908,2.3,342.88556040892183,16.57720243215613,29909.98663271125,29.854031768587358,2604.1740867305152,13.833009564245325,1954-07-01,35.04,,0.3731343283581934,553.8607369942196,-38.09173723529343,0.04040055248618768,8.155701559036242,-0.6300000000000003,0.25063481827368495,74.93651817263151,13.709839761539648,4.477881474646515,0.02750626683690862,0.3036396236947175,1954-07-01
1954.08,30.73,1.46333,2.62667,26.9,1954.624999999924,2.36,349.7136830855018,16.65299459386617,30626.65906465828,29.892041651486984,2617.836855364984,14.042112347320572,1954-08-01,35.04,,0.0,553.8607369942196,-36.858914213095474,0.019913707268503167,8.00608398340584,-0.5900000000000003,0.2240653323047778,77.59346676952222,13.724630578314017,4.470132404856929,0.07102290049878658,0.28957729740540206,1954-08-01
1954.09,31.45,1.47,2.63,26.8,1954.7083333332573,2.38,359.24290578358205,16.791321828358203,31583.737511934767,30.041616604477603,2641.1837728581377,14.356474143296973,1954-09-01,35.04,,-0.3717472118959009,553.8607369942196,-35.13840541700443,0.023429873088187447,3.594142271256872,-0.4900000000000002,0.1420916002542832,85.79083997457168,13.740671699892037,4.461979464641976,0.13801104381692791,0.2529998234284831,1954-09-01
1954.1,32.18,1.49333,2.67667,26.8,1954.7916666665906,2.43,367.5814533582089,17.05781267070895,32441.815104259207,30.574712515858206,2698.447272688549,14.619231935730559,1954-10-01,35.04,,-0.7407407407407418,553.8607369942196,-33.63287396881408,0.02321144674085862,3.5634793450341746,-0.22999999999999998,0.12994326754064195,87.0056732459358,13.757893202391642,4.4533405014580865,0.1934140749077916,0.23516378514381447,1954-10-01
1954.11,33.44,1.51667,2.72333,26.8,1954.8749999999238,2.48,381.97401492537307,17.324417739738802,33839.483873915764,31.107694200559692,2755.8636847593007,15.117311697434385,1954-11-01,35.04,,-0.3717472118959009,553.8607369942196,-31.03428544180058,0.03915475450590433,3.8167520730242916,-0.20000000000000018,0.1141158091059697,88.58841908940303,13.775195936658818,4.4464634349023315,0.30183892894309766,0.2227345556589655,1954-11-01
1954.12,34.97,1.54,2.77,26.7,1954.958333333257,2.51,400.9467668539325,17.65679213483146,35650.65295948327,31.75929494382022,2823.915032821523,15.78906200232708,1954-12-01,35.04,,-0.743494423791824,553.8607369942196,-27.6087398738797,0.04575358851674638,3.992626045199532,-0.08000000000000007,0.09447713016416764,90.55228698358324,13.793191554219682,4.441451092183715,0.4493735057940478,0.20406892864646037,1954-12-01
1955.01,35.6,1.54667,2.83333,26.7,1955.0416666665903,2.61,408.16999999999996,17.733266682584265,36424.31307717114,32.48540185674157,2898.9353643522836,15.990781062969829,1955-01-01,35.03,,-0.743494423791824,553.8607369942196,-26.304579339723105,0.018015441807263333,4.131064439129436,0.1299999999999999,0.088405995280096,91.15940047199041,13.810686449249447,4.437656549620347,0.49127159556926375,0.2000914347512667,1955-01-01
1955.02,36.79,1.55333,2.89667,26.7,1955.1249999999236,2.65,421.8138848314606,17.809626575842696,37774.30879106197,33.211623424157295,2974.169802821568,16.437728215987107,1955-02-01,35.03,,-0.743494423791824,553.8607369942196,-23.841164997427338,0.03342696629213471,4.0959306195563085,0.17999999999999972,0.07578839053703716,92.42116094629628,13.829039014508243,4.434812358474315,0.5882298935363113,0.19169708791085374,1955-02-01
1955.03,36.5,1.56,2.96,26.7,1955.2083333332569,2.68,418.4889044943819,17.886101123595505,37610.02802437075,33.93773033707865,3050.0187110174643,16.21928294553779,1955-03-01,35.03,,-0.743494423791824,553.8607369942196,-24.441492862356565,-0.007882576787170414,5.513243195428904,0.31000000000000005,0.08954176828288084,91.04582317171192,13.847652196193598,4.430730366041804,0.535268579537348,0.20085665517994764,1955-03-01
1955.04,37.76,1.56333,3.04667,26.7,1955.2916666665901,2.75,432.9353707865167,17.92428107022472,39042.58626373108,34.931440839887635,3150.1556221430506,16.685266628063495,1955-04-01,35.03,,-0.3731343283582156,553.8607369942196,-21.8331717940434,0.034520547945205315,5.400396903397804,0.45999999999999996,0.07554921455608812,92.4450785443912,13.867676362416269,4.427208768664295,0.6364258865744213,0.19528647650314257,1955-04-01
1955.05,37.6,1.56667,3.13333,26.7,1955.3749999999234,2.76,431.1008988764045,17.96257567134831,39012.14197302539,35.92503668820224,3251.008372562224,16.518057827257792,1955-05-01,35.03,,-0.743494423791824,553.8607369942196,-22.164387167797432,-0.004237288135593098,5.979534765415989,0.3899999999999997,0.08132935053513839,91.86706494648617,13.88653483500859,4.423988680444255,0.5948304081069542,0.1935675690667492,1955-05-01
1955.06,39.78,1.57,3.22,26.7,1955.4583333332566,2.78,456.09557865168534,18.000755617977525,41409.76319845091,36.918747191011235,3351.9215057569622,17.3700919634053,1955-06-01,35.03,,-0.743494423791824,553.8607369942196,-17.65157770039846,0.05797872340425525,6.6773538550470555,0.3999999999999999,0.06565127170273723,93.43487282972627,13.907572906627909,4.4224919387152966,0.7829339442014291,0.1784314298780456,1955-06-01
1955.07,42.69,1.58667,3.29333,26.8,1955.54166666659,2.9,487.6336930970148,18.124004493470146,44410.29307892593,37.61861490951492,3426.0424105321886,18.454031906632867,1955-07-01,35.03,,-0.3717472118959009,553.8607369942196,-11.957345858566596,0.07315233785822017,8.056574257603804,0.6000000000000001,0.05229283547529581,94.77071645247041,13.931156345558035,4.424040552242791,1.0223404391675244,0.16874525098702145,1955-07-01
1955.08,42.43,1.60333,3.36667,26.8,1955.6249999999231,2.97,484.66379944029836,18.314306140858204,44278.810766120405,38.45635337406715,3513.3665765254436,18.222326463047743,1955-08-01,35.03,,-0.3717472118959009,553.8607369942196,-12.493562538743992,-0.0060904193019442054,8.78775778553341,0.6100000000000003,0.057958611350494404,94.20413886495056,13.953688034459585,4.4251854392863335,0.9646236269991383,0.16993656846633556,1955-08-01
1955.09,44.34,1.62,3.44,26.9,1955.7083333332564,2.97,504.59826579925647,18.4359312267658,46240.37922636795,39.147903345724906,3587.435826312714,18.843960654261306,1955-09-01,35.03,,0.3731343283581934,553.8607369942196,-8.894378659572185,0.04501531934951686,8.941484509316458,0.5900000000000003,0.04911905931553775,95.08809406844622,13.97725668180101,4.428581627129335,1.0989306243441552,0.15705060568124282,1955-09-01
1955.1,42.11,1.62667,3.5,26.9,1955.7916666665897,2.88,479.22040985130104,18.511837190520446,44056.168749707576,39.83071561338289,3661.7570796479818,17.772325789386088,1955-10-01,35.03,,0.3731343283581934,553.8607369942196,-13.476370892074538,-0.05029318899413626,11.991658654189413,0.44999999999999973,0.08685471914798701,91.3145280852013,13.996850653446465,4.429727747657822,0.8523041033246052,0.17147627971714183,1955-10-01
1955.11,44.95,1.63333,3.56,26.9,1955.874999999923,2.89,511.540190520446,18.58762935223048,47169.82443935769,40.513527881040886,3735.808120224992,18.83555928827389,1955-11-01,35.03,,0.3731343283581934,553.8607369942196,-7.64100858700429,0.06744241272856821,12.713888427603722,0.41000000000000014,0.06479972522415706,93.5200274775843,14.018931880801926,4.433989795874462,1.0862964574148366,0.1486797105911322,1955-11-01
1955.12,45.37,1.64,3.62,26.8,1955.9583333332562,2.96,518.2464430970148,18.733175373134323,47932.16820048918,41.350057835820884,3824.431317737951,18.94236903581357,1955-12-01,35.03,,0.3745318352059934,553.8607369942196,-6.430189309045837,0.009343715239154449,12.604103943089608,0.4500000000000002,0.05946993411319294,94.05300658868072,14.040584669126025,4.438957967302116,1.1042646501261473,0.14345806682658988,1955-12-01
1956.01,44.15,1.67,3.64333,26.8,1956.0416666665894,2.9,504.31078824626854,19.075855410447755,46790.29724765628,41.61654867817163,3861.211634684112,18.292585385418892,1956-01-01,34.99,,0.3745318352059934,553.8607369942196,-8.946282962185883,-0.0268900154286974,13.5445270123935,0.29000000000000004,0.07591492345245145,92.40850765475486,14.059894722450784,4.442300530428152,0.9528150186993671,0.1456976392659119,1956-01-01
1956.02,44.43,1.7,3.66667,26.8,1956.1249999999227,2.84,507.50913526119393,19.41853544776119,47237.180796303204,41.88315374720148,3898.3379183070238,18.266116815127777,1956-02-01,34.99,,0.3745318352059934,553.8607369942196,-8.368818845071768,0.006342015855039573,13.495956664799849,0.18999999999999995,0.07292888435317159,92.70711156468285,14.07899661451295,4.445569232356871,0.9418636808395794,0.13728511580494085,1956-02-01
1956.03,47.49,1.73,3.69,26.8,1956.208333333256,2.96,542.4624990671641,19.761215485074622,50643.79344844863,42.149644589552224,3935.0515440045356,19.371210099299958,1956-03-01,34.99,,0.3745318352059934,553.8607369942196,-2.057960993753274,0.06887238352464564,14.147991761501283,0.2799999999999998,0.052249258063237124,94.77507419367629,14.103048997947859,4.450724570581653,1.1836636974063792,0.11798795845132463,1956-03-01
1956.04,48.05,1.75333,3.66,26.9,1956.2916666665892,3.18,546.8188243494423,19.953253887546467,51205.73068347642,41.65154832713755,3900.374074953668,19.370593634578498,1956-04-01,34.99,,0.7490636704119868,553.8607369942196,-1.271422972314935,0.011791956201305354,14.12740967722872,0.43000000000000016,0.05202408335539646,94.79759166446036,14.127979570027371,4.455034011927478,1.1767842962623984,0.11914283045345668,1956-04-01
1956.05,46.54,1.77667,3.63,27.0,1956.3749999999225,3.07,527.6731055555555,20.143983163888883,49570.064171872895,41.15714166666666,3866.33719260633,18.544506591754434,1956-05-01,34.99,,1.1235955056179803,553.8607369942196,-4.728197846408707,-0.03142559833506764,14.898578723414992,0.31000000000000005,0.07275526904034631,92.72447309596537,14.15011664816056,4.4571302220532605,0.9859236155701808,0.1264585744341768,1956-05-01
1956.06,46.27,1.8,3.6,27.2,1956.4583333332557,3.0,520.7543906249999,20.258437499999996,49078.70540614586,40.51687499999999,3818.5290568862133,18.158163846958697,1956-06-01,34.99,,1.8726591760299671,553.8607369942196,-5.977377372674307,-0.0058014611087235934,14.42515629994511,0.2200000000000002,0.08246591633355219,91.75340836664478,14.169450492901474,4.459384110944813,0.8944538651128062,0.1266302152543019,1956-06-01
1956.07,48.78,1.81333,3.55333,27.4,1956.541666666589,3.11,544.9963302919707,20.259495604927007,51522.510373846766,39.699709108576634,3753.1054076814457,18.856797596896786,1956-07-01,34.99,,2.238805970149249,553.8607369942196,-1.6004757351740877,0.05424681218932359,13.676077515388544,0.20999999999999996,0.06138808115915359,93.86119188408463,14.188859113841517,4.464549006080919,1.0455565560367521,0.10706697748402433,1956-07-01
1956.08,48.49,1.82667,3.50667,27.3,1956.6249999999222,3.33,543.7407499999999,20.483293788461534,51565.18083444997,39.32190917307692,3729.059036435155,18.670937110186422,1956-08-01,34.99,,1.8656716417910557,553.8607369942196,-1.8271717632739957,-0.0059450594505945364,13.674001467834914,0.3599999999999999,0.05941070365887366,94.05892963411263,14.206031694093362,4.469878048588256,0.9988875239008442,0.11002210669036538,1956-08-01
1956.09,46.84,1.84,3.46,27.4,1956.7083333332555,3.38,523.3216094890511,20.557467153284673,49791.21187284525,38.65697627737226,3678.001560205904,17.83664079631202,1956-09-01,34.99,,1.8587360594795488,553.8607369942196,-5.513863949068341,-0.034027634563827514,13.868378601350074,0.4099999999999997,0.07601678495770862,92.39832150422914,14.220320655129381,4.473247340819974,0.8084328599901983,0.12344571847988627,1956-09-01
1956.1,46.24,1.80667,3.44333,27.5,1956.7916666665888,3.34,514.7394763636363,20.111686197272725,49134.128286985215,38.33083652999999,3658.8455439970758,17.41895294863613,1956-10-01,34.99,,2.230483271375472,553.8607369942196,-7.063374963694449,-0.012809564474807855,12.685142199629936,0.45999999999999996,0.07847886594992978,92.15211340500701,14.234188531315638,4.475408940277103,0.7116141697485414,0.12747542255085043,1956-10-01
1956.11,45.76,1.77333,3.42667,27.5,1956.874999999922,3.49,509.3961599999999,19.740548348181814,48781.11222005565,38.14537892454545,3652.9015255921786,17.120339736628257,1956-11-01,34.99,,2.230483271375472,553.8607369942196,-8.028115015974445,-0.01038062283737029,11.012433813690786,0.6000000000000001,0.07134889966340124,92.86511003365987,14.246702666105318,4.477167676248217,0.6418426287154367,0.13040219854309176,1956-11-01
1956.12,46.44,1.74,3.41,27.6,1956.9583333332553,3.59,515.0927934782608,19.299342391304343,49480.64975202263,37.822274456521725,3633.2690709387844,17.197522725560923,1956-12-01,34.99,,2.9850746268656803,553.8607369942196,-6.999583275454927,0.014860139860139787,11.066559380668096,0.6299999999999999,0.07387086169426013,92.61291383057399,14.258337304984671,4.4793841425228615,0.6561583751378944,0.1282216096461253,1956-12-01
1957.01,45.43,1.73667,3.40667,27.6,1957.0416666665885,3.46,503.89030163043464,19.262407442934776,48558.71838001992,37.78533950815216,3641.283934485196,16.717780078533007,1957-01-01,34.95,,2.9850746268656803,553.8607369942196,-9.0222021577071,-0.02174849267872514,10.929183962968846,0.56,0.08259563473191622,91.74043652680838,14.268147997900936,4.480896279584338,0.5466835043232258,0.1314650498995879,1957-01-01
1957.02,43.47,1.73333,3.40333,27.7,1957.1249999999218,3.34,480.4101958483754,19.155955941335737,46449.830556067485,37.61201821570396,3636.625300813921,15.843733142229743,1957-02-01,34.95,,3.3582089552238736,553.8607369942196,-13.261554076654244,-0.04314329738058553,11.83826469113867,0.5,0.12086027351884826,87.91397264811518,14.274286239595416,4.481538613306269,0.3502026955596089,0.1507057124855087,1957-02-01
1957.03,44.03,1.73,3.4,27.8,1957.208333333255,3.41,484.84869874100707,19.05038039568345,47032.4749049072,37.440053956834525,3631.8513440082784,15.900417108869165,1957-03-01,34.95,,3.731343283582089,553.8607369942196,-12.460178821798799,0.012882447665056418,9.261742376806314,0.4500000000000002,0.09572666926234877,90.42733307376513,14.279472794043375,4.482339264916538,0.36162910012479216,0.13678883502580222,1957-03-01
1957.04,45.05,1.73,3.40667,27.9,1957.2916666665883,3.48,494.30264784946223,18.98209946236559,48102.99556821374,37.37904553494623,3637.536779408806,16.123704360211754,1957-04-01,34.95,,3.7174721189590976,553.8607369942196,-10.75326073264856,0.02316602316602312,9.564439941037906,0.2999999999999998,0.08858716266216658,91.14128373378334,14.284015800018528,4.483380117050459,0.4103351739453951,0.12337748885802743,1957-04-01
1957.05,46.78,1.73,3.41333,28.0,1957.3749999999216,3.6,511.4515874999999,18.91430625,49925.22924982181,37.31836355625,3642.823487714714,16.59811078911426,1957-05-01,34.95,,3.703703703703698,553.8607369942196,-7.657005933363764,0.03840177580466153,9.999680112950452,0.5300000000000002,0.07615751915598377,92.38424808440162,14.288448477055686,4.484880910239872,0.5149885489233739,0.11914773129963807,1957-05-01
1957.06,47.55,1.73,3.42,28.1,1957.4583333332548,3.8,518.0200222419927,18.84699555160142,50719.71759378813,37.25822241992881,3647.9796881336574,16.729918872472865,1957-06-01,34.95,,3.308823529411775,553.8607369942196,-6.4710697759030555,0.01646002565198801,10.086569576924719,0.7999999999999998,0.06794065272114383,93.20593472788562,14.292919547585479,4.486514560645094,0.543183197545888,0.12234679050164149,1957-06-01
1957.07,48.51,1.74,3.43667,28.3,1957.541666666588,3.93,524.7436404593639,18.82197349823321,51531.604710439766,37.17523658745583,3650.7342807715327,16.868882383979795,1957-07-01,34.95,,3.284671532846728,553.8607369942196,-5.257115117578661,0.02018927444794949,8.660709202716543,0.8200000000000003,0.05491447068731221,94.50855293126878,14.295830880334098,4.487848632108734,0.5733374083155477,0.11447813421615578,1957-07-01
1957.08,45.84,1.75,3.45333,28.3,1957.6249999999213,3.93,495.86164664310945,18.93014575971731,48850.21203078743,37.35545157508833,3680.1025897094055,15.868942729452241,1957-08-01,34.95,,3.663003663003672,553.8607369942196,-10.471782250872105,-0.055040197897340604,10.261206218311084,0.6000000000000001,0.09217521853444313,90.78247814655569,14.29306999388045,4.486570560799,0.35124216017927695,0.13053638175336743,1957-08-01
1957.09,43.98,1.76,3.47,28.3,1957.7083333332546,3.92,475.741606007067,19.03831802120141,47024.367863842635,37.535774734982326,3710.1991015810363,15.15727448896221,1957-09-01,34.95,,3.284671532846728,553.8607369942196,-14.104471714514741,-0.040575916230366604,10.48681399071689,0.54,0.11174252769633695,88.8257472303663,14.285677079367803,4.482936129637551,0.1944255694012926,0.14284394789304447,1957-09-01
1957.1,41.24,1.77,3.43667,28.3,1957.7916666665878,3.97,446.1024063604239,19.14649028268551,44252.410754087934,37.17523658745583,3687.704472993487,14.149451489483534,1957-10-01,34.95,,2.9090909090909056,553.8607369942196,-19.455852967407633,-0.0623010459299681,11.962596780230198,0.6300000000000003,0.16536978683886264,83.46302131611374,14.27626656169342,4.479646075123051,-0.02830917221655802,0.17878369023064009,1957-10-01
1957.11,40.35,1.78,3.40333,28.4,1957.874999999921,3.72,434.93819102112667,19.186864436619718,43303.55233115894,36.68496142869717,3652.448048456088,13.73624223529848,1957-11-01,34.95,,3.2727272727272716,553.8607369942196,-21.471560995365166,-0.021580989330746814,12.029599814885884,0.22999999999999998,0.193217287275728,80.6782712724272,14.264058063916604,4.475097257430156,-0.11794510783911416,0.18360885552333062,1957-11-01
1957.12,40.33,1.79,3.37,28.4,1957.9583333332544,3.21,434.7226082746478,19.294655809859155,43442.173781207064,36.32569278169014,3630.055185783978,13.673246057951383,1957-12-01,34.95,,2.898550724637672,553.8607369942196,-21.510484633037844,-0.0004956629491946751,11.780665133223469,-0.3799999999999999,0.18221267682351092,81.7787323176489,14.25024312512924,4.469202984575423,-0.12910513779956934,0.185576860053418,1957-12-01
1958.01,41.12,1.78333,3.29333,28.6,1958.0416666665876,3.09,440.13855944055933,19.088334076048945,44142.35342018475,35.251009775349644,3535.3924316463294,13.788431552307634,1958-01-01,35.1,,3.6231884057970953,553.8607369942196,-20.532630308988143,0.019588395735184783,12.095936132291023,-0.3700000000000001,0.1917819899391412,80.82180100608588,14.236305077853146,4.462774715451202,-0.10035763714329256,0.18366184802364013,1958-01-01
1958.02,41.26,1.77667,3.21667,28.6,1958.1249999999209,3.05,441.6370856643356,19.01704704283216,44451.581591384806,34.43045963024475,3465.488825922437,13.784906390337678,1958-02-01,35.1,,3.2490974729241895,553.8607369942196,-20.262070198172434,0.003404669260700377,11.488561041417784,-0.29000000000000004,0.17262645784292877,82.73735421570713,14.222183010827461,4.4561134706282655,-0.09812959732107797,0.17260461123588725,1958-02-01
1958.03,42.11,1.77,3.14,28.8,1958.2083333332541,2.98,447.6051744791666,18.814085937499996,45210.08667949284,33.37640104166666,3371.1629582903706,13.925589923892938,1958-03-01,35.1,,3.597122302158273,553.8607369942196,-19.184526979055736,0.02060106640814352,11.63599848017481,-0.43000000000000016,0.17110510007148955,82.88948999285104,14.20546682228532,4.445867196809973,-0.06295214994123116,0.1719344199203,1958-03-01
1958.04,42.34,1.75667,3.07,28.9,1958.2916666665874,2.88,448.4926764705882,18.607785308823527,45456.350605393825,32.51942647058823,3295.9611799376244,13.913501765262778,1958-04-01,35.1,,3.584229390680993,553.8607369942196,-19.024287783145574,0.005461885537877187,11.329314414286637,-0.6000000000000001,0.1650827914231919,83.4917208576808,14.185065690384693,4.430238390138038,-0.061297813166540246,0.17540041591384503,1958-04-01
1958.05,43.7,1.74333,3.0,28.9,1958.3749999999206,2.92,462.8986764705882,18.466479397058823,47072.421030486184,31.777941176470584,3231.516317882347,14.32382496840923,1958-05-01,35.1,,3.214285714285703,553.8607369942196,-16.423272936312273,0.03212092583845072,11.083645209045608,-0.6800000000000002,0.1337525462528473,86.62474537471527,14.164207614800441,4.411769902200224,0.036179890870823836,0.1568417485947795,1958-05-01
1958.06,44.75,1.73,2.93,28.9,1958.458333333254,2.97,474.02095588235284,18.325279411764704,48358.74405368768,31.03645588235294,3166.2820129006686,14.635555551956267,1958-06-01,35.1,,2.8469750889679624,553.8607369942196,-14.415136473683635,0.024027459954233388,11.269112202425312,-0.8299999999999996,0.11583437823643244,88.41656217635676,14.146769098064581,4.397401743172003,0.11115346798837329,0.1511529459503944,1958-06-01
1958.07,45.98,1.73,2.91333,29.0,1958.5416666665872,3.2,485.3704293103447,18.262088793103445,49671.851795888055,30.7534630887931,3147.2487166706082,14.957457101901133,1958-07-01,35.1,,2.473498233215543,553.8607369942196,-12.365979949322469,0.027486033519553033,11.46576909424645,-0.73,0.09982013626010372,90.01798637398963,14.129756741582925,4.382317888851153,0.18887273386166725,0.13673346302842646,1958-07-01
1958.08,47.7,1.73,2.89667,28.9,1958.6249999999204,3.54,505.26926470588234,18.325279411764704,51864.54041471966,30.683402955882347,3149.5693560399577,15.544566891165923,1958-08-01,35.1,,2.1201413427561766,553.8607369942196,-8.773229269155498,0.03740756850804705,10.670634044016733,-0.3900000000000001,0.0714007342512702,92.85992657487297,14.112485728773446,4.364369561076972,0.32813013250855166,0.10535674550095883,1958-08-01
1958.09,48.96,1.73,2.88,28.9,1958.7083333332537,3.76,518.616,18.325279411764704,53391.300557955205,30.506823529411758,3140.6647387032467,15.931923184092845,1958-09-01,35.1,,2.1201413427561766,553.8607369942196,-6.363465514001115,0.026415094339622636,9.69201023375161,-0.16000000000000014,0.05604717577076203,94.3952824229238,14.092839266934371,4.340081029820259,0.4237441431444054,0.08568344863273264,1958-09-01
1958.1,50.95,1.73667,2.88333,28.9,1958.791666666587,3.8,539.6953676470588,18.395932367647056,55719.23378110327,30.542097044117643,3153.227445300657,16.559803310351572,1958-10-01,35.1,,2.1201413427561766,553.8607369942196,-2.557568789590625,0.040645424836601274,6.2442896138278705,-0.17000000000000037,0.031603279543269386,96.83967204567307,14.073343319908723,4.31303239010105,0.5764992621315775,0.0686572759302026,1958-10-01
1958.11,52.5,1.74333,2.88667,29.0,1958.8749999999202,3.74,554.1963362068965,18.402801881896547,57374.67142084109,30.472036911206892,3154.6998619123683,16.988883579386336,1958-11-01,35.1,,2.1126760563380254,554.1963362068965,0.0,0.0304219823356231,4.605654720664034,0.020000000000000018,0.02280415375526014,97.71958462447398,14.050751372709492,4.276140755395147,0.6870990397053333,0.05453805646136327,1958-11-01
1958.12,53.49,1.75,2.89,28.9,1958.9583333332534,3.86,566.6006911764705,18.53713235294117,58818.7913017676,30.61275,3177.908148478377,17.35835736536996,1958-12-01,35.1,,1.760563380281699,566.6006911764705,0.0,0.018857142857142906,3.917930982307434,0.6499999999999999,0.020362949103512055,97.96370508964878,14.028686834759336,4.238250984228772,0.7856237261551703,0.08387694726324058,1958-12-01
1959.01,55.62,1.75667,2.96333,29.0,1959.0416666665867,4.02,587.1314327586205,18.54362053189655,61110.504325505586,31.281269123275855,3255.853843633594,17.98033934299339,1959-01-01,35.1,,1.3986013986013957,587.1314327586205,0.0,0.03982052720134588,4.189706398684071,0.9299999999999997,0.019946584039991937,98.0053415960008,14.003401111765339,4.186994060590937,0.9498313524396927,0.10517839457664335,1959-01-01
1959.02,54.77,1.76333,3.03667,28.9,1959.12499999992,3.96,580.1592794117646,18.678332338235293,60546.82880693033,32.16637354411764,3356.960719977015,17.759169263611422,1959-02-01,35.1,,1.0489510489510412,587.1314327586205,-1.187494478723,-0.01528227256382586,5.484251466712132,0.9100000000000001,0.023372426446692882,97.66275735533071,13.977366379724684,4.133938035594826,0.9148184736500485,0.10923071989329408,1959-02-01
1959.03,56.16,1.77,3.11,28.9,1959.2083333332532,3.99,594.8830588235293,18.748985294117645,62246.495582366784,32.94313235294117,3447.054865761409,18.200871845485636,1959-03-01,35.1,,0.3472222222222099,594.8830588235293,0.0,0.025378857038524716,5.472761828396634,1.0100000000000002,0.01971569687116782,98.02843031288322,13.95104727807919,4.076241796557184,1.0425840221244653,0.1142810953798731,1959-03-01
1959.04,57.1,1.77667,3.20667,29.0,1959.2916666665865,4.12,602.7544913793103,18.75474294568965,63233.67085167905,33.849995531896546,3551.1298653231815,18.430753048783426,1959-04-01,35.1,,0.34602076124568004,602.7544913793103,0.0,0.016737891737891752,5.1540489368185955,1.2400000000000002,0.019106055736700572,98.08939442632995,13.925664774123316,4.019262562939797,1.1208743405320023,0.12791207554331202,1959-04-01
1959.05,57.96,1.78333,3.30333,29.0,1959.3749999999197,4.31,611.8327551724137,18.825046709482756,64350.62646380581,34.870350157758615,3667.552707327185,18.692721439594187,1959-05-01,35.1,,0.34602076124568004,611.8327551724137,0.0,0.015061295971978916,5.191267280063511,1.3899999999999997,0.0191759316710791,98.08240683289209,13.900648481247167,3.9609027413829048,1.2098436319276857,0.13949281821339005,1959-05-01
1959.06,57.46,1.79,3.4,29.1,1959.458333333253,4.34,604.4703144329895,18.830523195876285,63741.312877631084,35.76747422680411,3771.675318203022,18.44859139706648,1959-06-01,35.1,,0.6920415224913601,611.8327551724137,-1.203342037048909,-0.008626639061421693,6.126324965756168,1.3699999999999997,0.023779317076474397,97.62206829235257,13.87429604671044,3.898331572054683,1.1733982258325653,0.14394101955084826,1959-06-01
1959.07,59.74,1.79667,3.41,29.2,1959.5416666665863,4.4,626.3033167808219,18.83596217208904,66209.1208266297,35.74982106164383,3779.2618349314907,19.090533975796514,1959-07-01,35.1,,0.6896551724137945,626.3033167808219,0.0,0.03967977723633842,6.37909166102547,1.2000000000000002,0.022529626404000774,97.74703735959991,13.844177281624201,3.814906391075071,1.3752255380226637,0.14456707177624453,1959-07-01
1959.08,59.4,1.80333,3.42,29.2,1959.6249999999195,4.43,622.7388184931506,18.905784403253424,65998.8536701846,35.85465924657534,3799.933999192447,18.95880364075021,1959-08-01,35.1,,1.038062283737018,626.3033167808219,-0.5691329092735313,-0.005691329092735287,6.706476156500442,0.8899999999999997,0.025258689307866268,97.47413106921337,13.809395310495251,3.7092825499139113,1.3882491454781392,0.1376111488359968,1959-08-01
1959.09,57.05,1.81,3.43,29.3,1959.7083333332528,4.68,596.0605418088735,18.910947952218425,63338.465040734474,35.83676877133105,3808.0794932466133,18.12329055675862,1959-09-01,35.1,,1.384083044982698,626.3033167808219,-4.828774518933613,-0.039562289562289576,8.791087312576659,0.9199999999999999,0.04251599892443067,95.74840010755693,13.769282815934089,3.581795559653624,1.2155935949749133,0.15456404521654635,1959-09-01
1959.1,57.0,1.81667,3.41667,29.4,1959.791666666586,4.53,593.5124999999999,18.916076374999996,63235.2102270572,35.57607637499999,3790.418346078588,18.02196244151543,1959-10-01,35.1,,1.730103806228378,626.3033167808219,-5.235612825645832,-0.0008764241893075564,8.341926689054272,0.7300000000000004,0.04368485772502524,95.63151422749748,13.738896413926199,3.4979766169061772,1.2244410116661772,0.15047216510973319,1959-10-01
1959.11,57.23,1.82333,3.40333,29.4,1959.8749999999193,4.53,595.9073749999999,18.985423624999996,63658.93513362149,35.43717362499999,3785.643258925529,18.07178913057022,1959-11-01,35.1,,1.379310344827589,626.3033167808219,-4.853230210731779,0.00403508771929828,8.037249947392818,0.79,0.03958868584220684,96.04113141577932,13.730287394844181,3.4834176567229784,1.2463339638148079,0.15083612201941848,1959-11-01
1959.12,59.06,1.83,3.39,29.4,1959.9583333332525,4.69,614.9622499999999,19.054875,65864.13937794098,35.298375,3780.5525311754145,18.624728977900112,1959-12-01,35.1,,1.730103806228378,626.3033167808219,-1.8107946225025064,0.031976236239734446,8.341491115853005,0.8300000000000005,0.0350787573905621,96.4921242609438,13.72089116095941,3.465545056877552,1.4150264205074423,0.14679163289970545,1959-12-01
1960.01,58.03,1.86667,3.39,29.3,1960.0416666665858,4.72,606.2996186006825,19.503038239761086,65110.416918628034,35.41884726962457,3803.6242177175436,18.338284994375567,1960-01-01,35.27,,1.0344827586207028,626.3033167808219,-3.1939313818355193,-0.01743989163562476,7.956536327770183,0.7000000000000002,0.033781177182069196,96.62188228179308,13.709856607348406,3.4443778302089636,1.3437632615195303,0.14362728635753716,1960-01-01
1960.02,55.78,1.90333,3.39,29.4,1960.124999999919,4.49,580.8092499999999,19.818423624999994,62550.368508062,35.298375,3801.465565477415,17.54527510894598,1960-02-01,35.0,,1.730103806228378,626.3033167808219,-7.2639032177986795,-0.03877304842322937,8.865429522965771,0.5300000000000002,0.05222695514738188,94.77730448526181,13.692768155569544,3.4097770678666524,1.129841299503718,0.14979670369082493,1960-02-01
1960.03,55.02,1.94,3.39,29.4,1960.2083333332523,4.25,572.8957499999999,20.200249999999997,61879.41170471568,35.298375,3812.635508523922,17.286020720522153,1960-03-01,35.0,,1.730103806228378,626.3033167808219,-8.527428380123402,-0.013624955181068432,8.588633788745195,0.2599999999999998,0.05509835986896365,94.49016401310364,13.672488747035805,3.366238143053707,1.0734629636774022,0.14323576543324776,1960-03-01
1960.04,55.73,1.94333,3.34667,29.5,1960.2916666665856,4.28,578.3215449152541,20.166330663559318,62646.9772763955,34.72907526864407,3762.0448491224574,17.429766947597205,1960-04-01,35.27,,1.724137931034475,626.3033167808219,-7.661107738051348,0.01290439840058144,8.508373261394077,0.16000000000000014,0.051733153640366736,94.82668463596333,13.64911744171797,3.310243361209333,1.1421062119426921,0.13855255659389792,1960-04-01
1960.05,55.22,1.94667,3.30333,29.5,1960.3749999999188,4.35,573.0291711864406,20.200990522881348,62256.035070406964,34.2793272737288,3724.2344862210684,17.25617057872792,1960-05-01,35.27,,1.724137931034475,626.3033167808219,-8.506125413515065,-0.009151265027812605,8.32926552236692,0.040000000000000036,0.053650896009570785,94.63491039904292,13.629524136009131,3.267567308102655,1.1098918861520373,0.13680123308106093,1960-05-01
1960.06,57.26,1.95,3.26,29.6,1960.458333333252,4.15,592.1912381756755,20.16718327702702,64520.46031353583,33.715393581081074,3673.361869055655,17.823363817264745,1960-06-01,35.0,,1.7182130584192379,626.3033167808219,-5.446574797093737,0.03694313654473014,9.236155501973608,-0.1899999999999995,0.048145505598734054,95.18544944012659,13.618292092908787,3.246051867376061,1.2954419387497709,0.137571596861677,1960-06-01
1960.07,55.84,1.95,3.26333,29.6,1960.5416666665853,3.9,577.5053918918918,20.16718327702702,63103.51167846299,33.749832924831075,3687.8148776088583,17.376806472898117,1960-07-01,35.27,,1.3698630136986356,626.3033167808219,-7.791420479736526,-0.02479916171847707,8.4326176962286,-0.5000000000000004,0.049516643950162136,95.04833560498379,13.606703228687543,3.2250392637591316,1.1690100292968562,0.15297192973436316,1960-07-01
1960.08,56.51,1.95,3.26667,29.6,1960.6249999999186,3.8,584.4346292229728,20.16718327702702,64044.300959844084,33.78437569003378,3702.2048596088102,17.582113039577674,1960-08-01,35.27,,1.3698630136986356,626.3033167808219,-6.685049629475492,0.011998567335243404,8.60825806692158,-0.6299999999999999,0.04693784616328741,95.30621538367126,13.596374092016594,3.206228567937307,1.2431237708437184,0.15635341236077596,1960-08-01
1960.09,54.81,1.95,3.27,29.6,1960.7083333332519,3.8,566.8529822635134,20.16718327702702,62301.81090983947,33.81881503378377,3716.966277598523,17.052015467817665,1960-09-01,35.27,,1.0238907849829282,626.3033167808219,-9.492259249540824,-0.030083171120155683,8.222995425626417,-0.8799999999999999,0.05174162629950156,94.82583737004985,13.585205852237067,3.187059296430471,1.08777694204292,0.171089328255391,1960-09-01
1960.1,53.73,1.95,3.27,29.8,1960.7916666665851,3.89,551.9540461409393,20.03183305369127,60847.76708554646,33.59184312080536,3703.186271538004,16.605104536251027,1960-10-01,35.27,,1.3605442176870763,626.3033167808219,-11.871128357109031,-0.019704433497537033,8.382109473893149,-0.6400000000000001,0.06362708299480846,93.63729170051916,13.580734281074825,3.1816703259355816,0.9505605375022236,0.16899582333387633,1960-10-01
1960.11,55.47,1.95,3.27,29.8,1960.8749999999184,3.93,569.8286048657717,20.03183305369127,63002.296712947405,33.59184312080536,3714.034798113178,17.146088452419004,1960-11-01,35.27,,1.3605442176870763,626.3033167808219,-9.017150380957318,0.032384142936906724,9.146813120179608,-0.6000000000000001,0.05717470427230789,94.28252957276922,13.581307550726612,3.182295759273244,1.1201915759415455,0.16227633679619738,1960-11-01
1960.12,56.8,1.95,3.27,29.8,1960.9583333332516,3.84,583.4913422818789,20.03183305369127,64697.46397171923,33.59184312080536,3724.660337808484,17.562090833957125,1960-12-01,35.0,,1.3605442176870763,626.3033167808219,-6.835661468151738,0.023976924463674054,8.850151797082592,-0.8500000000000005,0.04843579018711382,95.15642098128862,13.58549390899724,3.1865474651166457,1.2479327449196866,0.16620135023422763,1960-12-01
1961.01,59.72,1.94667,3.21,29.8,1961.041666666585,3.84,613.4877281879194,19.997624846476505,68208.23825246877,32.975479026845626,3666.249912766656,18.470416986477176,1961-01-01,35.25,,1.7064846416382284,626.3033167808219,-2.0462271633454194,0.051408450704225395,10.195895771591102,-0.8799999999999999,0.042433216897559,95.7566783102441,13.590396515260935,3.192712776598494,1.5284871558084216,0.15998190545143418,1961-01-01
1961.02,62.17,1.94333,3.15,29.8,1961.1249999999181,3.78,638.655928691275,19.96331391191275,71191.42830642298,32.3591149328859,3607.0934400069555,19.234014498298354,1961-02-01,35.0,,1.3605442176870763,638.655928691275,0.0,0.041024782317481634,9.76064598430295,-0.7100000000000004,0.03414064871015982,96.58593512898402,13.593375743209052,3.197486935575107,1.7640850044864262,0.1561798940143177,1961-02-01
1961.03,64.12,1.94,3.09,29.8,1961.2083333332514,3.74,658.6877617449663,19.92910570469798,73609.51687176099,31.742750838926167,3547.3082834332727,19.84422527272557,1961-03-01,35.0,,1.3605442176870763,658.6877617449663,0.0,0.03136561042303376,9.636964599285088,-0.5099999999999998,0.03373515011757512,96.6264849882425,13.59688869943109,3.203669068135398,1.9500567756614635,0.16093608758524885,1961-03-01
1961.04,65.83,1.94,3.07,29.8,1961.2916666665847,3.78,676.2541384228186,19.92910570469798,75758.18310816635,31.53729614093959,3533.00352638722,20.38284297575478,1961-04-01,35.0,,1.016949152542379,676.2541384228186,0.0,0.026668746101060403,9.730374620166431,-0.5000000000000004,0.03256628633969634,96.74337136603036,13.606640165109273,3.2189729182803974,2.1050822677518557,0.17048701806901745,1961-04-01
1961.05,66.5,1.94,3.05,29.8,1961.374999999918,3.71,683.136870805369,19.92910570469798,76715.27798312143,31.33184144295301,3518.520268398802,20.598606843297347,1961-05-01,35.0,,1.016949152542379,683.136870805369,0.0,0.01017773051800086,9.40803628953228,-0.6399999999999997,0.03156589579522761,96.84341042047724,13.621076461898678,3.238638728903478,2.154463947808432,0.17867899338222512,1961-05-01
1961.06,65.62,1.94,3.03,29.8,1961.4583333332512,3.88,674.0968640939595,19.92910570469798,75886.59916581001,31.126386744966435,3504.0596688876003,20.332414551592294,1961-06-01,35.0,,0.6756756756756799,683.136870805369,-1.3233082706766974,-0.013233082706766819,9.523750875429652,-0.27000000000000046,0.03326835590566605,96.6731644094334,13.635715179890205,3.2570299345470533,2.056075475595339,0.16545716429338922,1961-06-01
1961.07,65.44,1.94667,3.03667,30.0,1961.5416666665844,3.92,667.7661199999999,19.864307347499995,75360.26667919575,30.986939847499993,3497.0088786172573,20.146643736827325,1961-07-01,35.0,,1.3513513513513375,683.136870805369,-2.250025062656636,-0.0027430661383724964,8.830107070462928,0.020000000000000018,0.03602655500686697,96.39734449931329,13.648575995560513,3.2735769827902867,1.985005324581699,0.15694310787113322,1961-07-01
1961.08,67.79,1.95333,3.04333,29.9,1961.6249999999177,4.04,694.059639632107,19.99893075501672,78515.68340053724,31.15876269481605,3524.84340999199,20.941688475215194,1961-08-01,35.25,,1.0135135135135087,694.059639632107,0.0,0.03591075794621035,9.102275973015367,0.2400000000000002,0.03063086664276777,96.93691333572322,13.665063250761428,3.295308654963688,2.2081771349378956,0.16693261232082843,1961-08-01
1961.09,67.26,1.96,3.05,30.0,1961.708333333251,3.98,686.3378549999999,20.000329999999998,77830.69966311932,31.12296249999999,3529.343353739427,20.70524304414726,1961-09-01,35.0,,1.3513513513513375,694.059639632107,-1.1125534739637188,-0.007818262280572363,8.100531664708456,0.18000000000000016,0.031201320192352732,96.87986798076473,13.686972966825428,3.315816573913992,2.1166038352469725,0.16434015178694023,1961-09-01
1961.1,68.0,1.98,3.09667,30.0,1961.7916666665842,3.92,693.8889999999998,20.204414999999994,78877.9310516879,31.599194847499994,3592.042981615153,20.92419014101079,1961-10-01,35.25,,0.6711409395973034,694.059639632107,-0.024585730442072257,0.01100208147487347,7.081983883892981,0.029999999999999805,0.024111084194840454,97.58889158051596,13.714134810529178,3.334938034550556,2.161975801584361,0.1538185282260286,1961-10-01
1961.11,71.08,2.0,3.14333,30.0,1961.8749999999175,3.94,725.3180899999999,20.408499999999997,82643.96560288125,32.07532515249999,3654.716606619368,21.857957721959675,1961-11-01,35.0,,0.6711409395973034,725.3180899999999,0.0,0.04529411764705871,7.436834603781954,0.009999999999999787,0.024920431164631843,97.50795688353682,13.743141358935608,3.3602071216343297,2.414975050429987,0.17009548760295362,1961-11-01
1961.12,71.74,2.02,3.19,30.0,1961.9583333332507,4.06,732.0528949999997,20.612585,83607.06002476811,32.551557499999994,3717.682206286735,22.041480198382267,1961-12-01,35.25,,0.6711409395973034,732.0528949999997,0.0,0.00928531232414187,7.5191986859442315,0.21999999999999975,0.025121356042402176,97.48786439575979,13.778517601520091,3.3803421789762393,2.4444160263576253,0.18000354303868243,1961-12-01
1962.01,69.07,2.02667,3.25,30.0,1962.041666666584,4.08,704.8075474999998,20.680647347499995,80692.22139121505,33.16381249999999,3796.868677015331,21.19793140001523,1962-01-01,35.0,,0.6711409395973034,732.0528949999997,-3.7217730694173237,-0.037217730694173445,8.60720857207146,0.2400000000000002,0.03551375517783071,96.44862448221693,13.811532948589084,3.394612806991555,2.175917806064095,0.18509986673026704,1962-01-01
1962.02,70.22,2.03333,3.31,30.1,1962.1249999999172,4.04,714.161895348837,20.679675401162783,81960.48323504302,33.66385465116279,3863.417822671496,21.451687754873376,1962-02-01,35.0,,1.0067114093959662,732.0528949999997,-2.4439490333772547,0.016649775589981264,8.052509217141557,0.26000000000000023,0.03237083819387913,96.7629161806121,13.84518504721093,3.4101443905361695,2.230551506491047,0.18200297230081378,1962-02-01
1962.03,70.29,2.04,3.37,30.1,1962.2083333332505,3.93,714.8738197674417,20.74751162790697,82240.61020707963,34.274075581395344,3942.9628168709405,21.44315856852624,1962-03-01,35.0,,1.0067114093959662,732.0528949999997,-2.3466986265463836,0.0009968669894617754,7.7591118743530085,0.18999999999999995,0.03126735603285214,96.87326439671479,13.878601973712357,3.4255003641580224,2.2083070473335735,0.1770225375664684,1962-03-01
1962.04,68.05,2.04667,3.40333,30.2,1962.2916666665838,3.84,689.8005422185429,20.746422861754965,79555.01956700874,34.49844054884105,3978.721304085053,20.658336447649038,1962-04-01,35.23,,1.342281879194629,732.0528949999997,-5.771762268825783,-0.03186797552994747,8.397437172561487,0.06000000000000005,0.04325180735188779,95.67481926481122,13.91600781607773,3.425806737256924,1.9680995306144895,0.17745357929158895,1962-04-01
1962.05,62.99,2.05333,3.43667,30.2,1962.374999999917,3.87,638.5089809602648,20.813933098509928,73839.57984158474,34.83639719950331,4028.6119837145425,19.089367498116655,1962-05-01,35.0,,1.342281879194629,732.0528949999997,-12.77829985765372,-0.07435709037472438,11.349309501212652,0.16000000000000014,0.08832893754240645,91.16710624575936,13.95128145554505,3.4134611184844834,1.505242293444615,0.20115611365775188,1962-05-01
1962.06,55.63,2.06,3.47,30.2,1962.4583333332503,3.91,563.9030736754967,20.88154470198675,65413.10717775571,35.17425248344371,4080.235159209281,16.82757124479247,1962-06-01,35.0,,1.342281879194629,732.0528949999997,-22.969627259585266,-0.11684394348309257,16.03161644598681,0.03000000000000025,0.23387492886809158,76.61250711319084,13.982566210748558,3.3879017553251196,0.839754290268931,0.2538129807530204,1962-06-01
1962.07,56.97,2.06667,3.49,30.3,1962.5416666665835,4.01,575.5803193069306,20.88001717574257,66969.51617979437,35.2602301980198,4102.5734854745015,17.141325661322796,1962-07-01,35.23,,1.0000000000000009,732.0528949999997,-21.37449039021547,0.024087722451914262,16.431881079365258,0.08999999999999986,0.21441546170106385,78.55845382989361,14.013962216274871,3.3645123638180863,0.9295146240743659,0.24726050515140738,1962-07-01
1962.08,58.52,2.07333,3.51,30.3,1962.6249999999168,3.98,591.240306930693,20.94730460643564,68994.67987402706,35.46229455445544,4138.26600064653,17.571262631045535,1962-08-01,35.0,,1.3377926421404673,732.0528949999997,-19.235302398374742,0.02720730208881883,16.185452152685357,-0.06000000000000005,0.1945473343525477,80.54526656474523,14.038230575791161,3.3585532178484994,1.051950594821197,0.23664811867001187,1962-08-01
1962.09,58.0,2.08,3.53,30.4,1962.70833333325,3.98,584.0590460526315,20.945565789473683,68360.35052642458,35.54704194078947,4160.552368246185,17.321461147465484,1962-09-01,35.23,,1.3333333333333197,732.0528949999997,-20.216278080201874,-0.008885850991114164,16.183419808243794,0.0,0.20487026426563734,79.51297357343627,14.059231388522832,3.3553700316480324,0.9722414303558546,0.23760207825103943,1962-09-01
1962.1,56.17,2.09667,3.57667,30.4,1962.7916666665833,3.93,565.6309761513157,21.113432415296053,66409.39621403658,36.01700807319078,4228.6718026857425,16.739820967901334,1962-10-01,35.0,,1.3333333333333197,732.0528949999997,-22.733592064912745,-0.03155172413793106,16.10523500793458,0.010000000000000231,0.23216511113702581,76.78348888629742,14.082179206190087,3.345331841008023,0.7944329256467544,0.24826294426563972,1962-10-01
1962.11,60.04,2.11333,3.62333,30.4,1962.8749999999166,3.92,604.6018124999999,21.28119834128289,71193.08461454822,36.48687350575657,4296.403052572135,17.854386489497152,1962-11-01,35.0,,1.3333333333333197,732.0528949999997,-17.410091998884837,0.06889798824995541,17.201194022478695,-0.020000000000000018,0.1913239994397705,80.86760005602295,14.10826553097446,3.338001784750719,1.1222645163452036,0.22958149422135746,1962-11-01
1962.12,62.64,2.13,3.67,30.4,1962.9583333332498,3.86,630.783769736842,21.449064967105258,74486.53552255801,36.95683963815789,4364.073840481927,18.585836118439865,1962-12-01,35.23,,1.3333333333333197,732.0528949999997,-13.833580326618025,0.04330446369087282,17.995737733553142,-0.19999999999999973,0.16792435298635955,83.20756470136405,14.136956536861513,3.331952896257274,1.3352168293182363,0.22445588046619835,1962-12-01
1963.01,65.06,2.13667,3.68333,30.4,1963.041666666583,3.83,655.1531299342104,21.516231757401314,77575.9381106674,37.09107251891447,4391.911775609662,19.259231693254055,1963-01-01,35.0,,1.3333333333333197,732.0528949999997,-10.50467330858508,0.03863346104725407,18.337915260975837,-0.25,0.14330347697836984,85.66965230216302,14.166209830001627,3.330562052167665,1.5291778935443292,0.2139997763883101,1963-01-01
1963.02,65.92,2.14333,3.69667,30.4,1963.1249999999163,3.92,663.8133157894736,21.58329784786184,78814.35203208972,37.22540609950657,4419.761085049531,19.469191309671416,1963-02-01,35.0,,0.9966777408637828,732.0528949999997,-9.321673293912205,0.01321856747617578,18.299661593967908,-0.1200000000000001,0.12834199781203767,87.16580021879624,14.198551884330389,3.325350628245601,1.5849875741138695,0.2016939039780322,1963-02-01
1963.03,65.67,2.15,3.71,30.5,1963.2083333332496,3.93,659.1276368852458,21.57947950819672,78471.53322540339,37.23714836065573,4433.2174244898215,19.288064606604838,1963-03-01,35.0,,1.3289036544850363,732.0528949999997,-9.961747110467192,-0.003792475728155331,18.291860454979545,0.0,0.13829661754856812,86.17033824514318,14.230255726785005,3.3192929929169814,1.5237609004726789,0.19979661172584673,1963-03-01
1963.04,68.76,2.16667,3.75333,30.5,1963.2916666665828,3.97,690.1418655737704,21.74679575163934,82379.64241896139,37.67205015,4496.771135549162,20.15007723822699,1963-04-01,35.0,,0.9933774834437026,732.0528949999997,-5.725136764363093,0.047053449063499286,18.693804510897746,0.13000000000000034,0.10750405202046844,89.24959479795316,14.261997325652114,3.3211189150630402,1.7729205316525416,0.1893218041391489,1963-04-01
1963.05,70.14,2.18333,3.79667,30.5,1963.374999999916,3.93,703.9928803278688,21.914011625409834,84250.96879953705,38.10705230901639,4560.495091419138,20.50758586495262,1963-05-01,35.0,,0.9933774834437026,732.0528949999997,-3.833058357365139,0.02006980802792313,16.757083288945886,0.06000000000000005,0.0804458891756273,91.95541108243727,14.28771381068828,3.333548696015498,1.8658410665183287,0.1739607574328505,1963-05-01
1963.06,70.11,2.2,3.84,30.6,1963.4583333332494,3.99,701.3921249999999,22.009166666666662,84159.21831463346,38.41599999999998,4609.490776325665,20.384149993841003,1963-06-01,35.0,,1.324503311258285,732.0528949999997,-4.188327129011607,-0.00042771599657831505,9.687556356946212,0.08000000000000007,0.04413253030704614,95.58674696929539,14.30795068423431,3.348391750781013,1.8146620114535341,0.1603654886827598,1963-06-01
1963.07,69.07,2.20333,3.88,30.7,1963.5416666665826,4.02,688.737017100977,21.970680930781754,82860.43311552504,38.6897296416938,4654.67613273834,19.969231885949643,1963-07-01,35.0,,1.320132013201314,732.0528949999997,-5.917042087378492,-0.014833832548851844,10.26507250822027,0.009999999999999787,0.052005181684820566,94.79948183151794,14.325214371434521,3.3615250530224485,1.6790050425001044,0.16009569352658662,1963-07-01
1963.08,70.98,2.20667,3.92,30.7,1963.6249999999159,4.0,707.7827345276872,22.003986007328987,85372.3856744639,39.08859283387621,4714.8457571696035,20.472637900527687,1963-08-01,35.0,,1.320132013201314,732.0528949999997,-3.31535612222563,0.027653105545099255,10.270205581904964,0.020000000000000018,0.0441107687032622,95.58892312967377,14.345973012684967,3.376357514015299,1.8145782436874247,0.15373743256976494,1963-08-01
1963.09,72.85,2.21,3.96,30.7,1963.7083333332491,4.08,726.4295887622148,22.03719136807817,87843.06909100793,39.487456026058624,4774.997304054789,20.960360090705116,1963-09-01,35.0,,0.9868421052631637,732.0528949999997,-0.7681557270236392,0.02634544942237227,9.914136883834034,0.10000000000000009,0.03469672640785977,96.53032735921401,14.368299233451127,3.3934519220473187,1.9425826588039306,0.1492401434647978,1963-09-01
1963.1,73.03,2.23333,3.98,30.8,1963.7916666665824,4.11,725.8601079545452,22.197523687499995,87997.89016435522,39.55803409090908,4795.722344983346,20.891344595411496,1963-10-01,35.0,,1.3157894736842257,732.0528949999997,-0.845948030224572,0.00247083047357588,8.481387811796749,0.18000000000000016,0.03167542822691543,96.83245717730846,14.39384115297132,3.4078582208366317,1.9066237564440212,0.1491743904601447,1963-10-01
1963.11,72.62,2.25667,4.0,30.8,1963.8749999999156,4.12,721.785034090909,22.429504721590906,87730.4573504301,39.756818181818176,4832.30280090499,20.720399335339714,1963-11-01,35.0,,1.3157894736842257,732.0528949999997,-1.4026118849090414,-0.005614131178967474,7.199569905174529,0.20000000000000018,0.02899813267474006,97.100186732526,14.418031800587846,3.4217826103191853,1.8418375018172124,0.14745157264851838,1963-11-01
1963.12,74.17,2.28,4.02,30.9,1963.958333333249,4.13,734.8050703883493,22.588048543689318,89541.78897474988,39.82629611650484,4853.148060920784,21.038599376737054,1963-12-01,35.09,,1.6447368421052655,734.8050703883493,0.0,0.02134398237400159,6.607338640248156,0.27,0.026084890862305348,97.39151091376947,14.44235623879378,3.437642467591412,1.918827568640359,0.14717654971116415,1963-12-01
1964.01,76.45,2.29667,4.07333,30.9,1964.0416666665822,4.17,757.3931189320388,22.75319888106796,92525.37542798098,40.354638497572815,4929.841563009258,21.627216196980946,1964-01-01,35.0,,1.6447368421052655,757.3931189320388,0.0,0.03074019145206952,6.332203427770352,0.33999999999999986,0.025394963984776607,97.46050360152235,14.466250950928915,3.457602171945522,2.0710784208070714,0.15971013211514323,1964-01-01
1964.02,77.39,2.31333,4.12667,30.9,1964.1249999999154,4.15,766.7057354368931,22.91825014805825,93896.34551907149,40.88307994902912,5006.8385083755875,21.832670826710334,1964-02-01,35.0,,1.6447368421052655,766.7057354368931,0.0,0.012295618051013646,6.333618501712963,0.23000000000000043,0.025398466536471105,97.46015334635288,14.488211361824568,3.4792057338844904,2.1109586574191366,0.15824504044904067,1964-02-01
1964.03,78.8,2.33,4.18,30.9,1964.2083333332487,4.22,780.6746601941746,23.08340048543689,95842.66142039609,41.41142233009708,5084.039654026087,22.167245585982645,1964-03-01,35.0,,1.3114754098360715,780.6746601941746,0.0,0.018219408192272857,6.0500315936480185,0.2899999999999996,0.023657495494265747,97.63425045057342,14.512968883925241,3.502038483395118,2.1856632182513365,0.16486600463974876,1964-03-01
1964.04,79.94,2.34667,4.23,30.9,1964.291666666582,4.23,791.9686844660192,23.24855082281553,97467.06783590626,41.906774271844654,5157.439291292013,22.422192169737183,1964-04-01,35.1,,1.3114754098360715,791.9686844660192,0.0,0.014467005076142181,4.974671273666612,0.26000000000000023,0.021296844161202075,97.8703155838798,14.537701669717595,3.5263514997883885,2.235877648751897,0.16626240537321385,1964-04-01
1964.05,80.72,2.36333,4.28,30.9,1964.3749999999152,4.2,799.6961747572815,23.41360208980582,98658.20973438505,42.402126213592226,5231.13401465768,22.574330769563844,1964-05-01,35.1,,1.3114754098360715,799.6961747572815,0.0,0.009757317988491332,4.915160811990809,0.27,0.021173157510172763,97.88268424898273,14.566570412869096,3.549473928917934,2.2560414633432546,0.1679383693514441,1964-05-01
1964.06,80.24,2.38,4.33,31.0,1964.4583333332484,4.17,792.3764709677417,23.502691935483867,97996.80719698008,42.75909919354838,5288.212551880904,22.300288036082797,1964-06-01,35.1,,1.3071895424836555,799.6961747572815,-0.9153105917708525,-0.00594648166501488,5.093516081430764,0.17999999999999972,0.022857889934239473,97.71421100657605,14.594383083847235,3.5707319534418103,2.158074325575707,0.1631984361408852,1964-06-01
1964.07,83.22,2.4,4.37667,31.1,1964.5416666665817,4.19,819.1617540192924,23.623987138263658,101552.93899151999,43.08099824517684,5340.82794395597,22.984351845738402,1964-07-01,35.0,,1.3029315960912058,819.1617540192924,0.0,0.037138584247258244,4.816454638998158,0.17000000000000082,0.02094618002778645,97.90538199722135,14.625613160559512,3.5947955017666566,2.325233432909049,0.16872172520366188,1964-07-01
1964.08,82.0,2.42,4.42333,31.0,1964.624999999915,4.19,809.7566129032256,23.89769516129032,100633.85357274508,43.68074047016128,5428.496872243055,22.650407292938795,1964-08-01,35.0,,0.9771986970684043,819.1617540192924,-1.1481421184423761,-0.014659937515020371,5.48665346089888,0.1900000000000004,0.023101195794481482,97.68988042055186,14.65710033086815,3.6153023396131263,2.210965006850854,0.1683487962436707,1964-08-01
1964.09,83.41,2.44,4.47,31.1,1964.7083333332482,4.2,821.0319863344049,24.01772025723472,102283.85626432027,43.999676045016066,5481.463103962494,22.892221984231686,1964-09-01,35.0,,1.3029315960912058,821.0319863344049,0.0,0.017195121951219416,5.302756821049071,0.1200000000000001,0.0219670425281212,97.80329574718787,14.69038440837077,3.635807242883101,2.2558504970018904,0.1625784980183018,1964-09-01
1964.1,84.85,2.46,4.49667,31.1,1964.7916666665815,4.19,835.2063786173632,24.21458681672025,104301.08373770246,44.26219760209002,5527.49032658591,23.21215468067534,1964-10-01,35.1,,0.9740259740259827,835.2063786173632,0.0,0.017264117012348645,5.235389283352551,0.08000000000000007,0.02090601050792315,97.90939894920768,14.724006080802226,3.658484062445258,2.320127258993662,0.1649922542773506,1964-10-01
1964.11,85.44,2.48,4.52333,31.2,1964.8749999999147,4.15,838.3183846153845,24.333211538461534,104942.9418138696,44.381913608173065,5555.846874940669,23.22501979309582,1964-11-01,35.0,,1.298701298701288,838.3183846153845,0.0,0.00695344725987046,4.896072605118758,0.03000000000000025,0.021098427927411657,97.89015720725884,14.756717778310254,3.681691743332187,2.3001116348543524,0.16185022543155092,1964-11-01
1964.12,83.96,2.5,4.55,31.2,1964.958333333248,4.18,823.7969519230767,24.529447115384613,103380.99845002787,44.643593749999994,5602.47192648436,22.75298477278727,1964-12-01,35.1,,0.9708737864077666,838.3183846153845,-1.7322097378277315,-0.017322097378277168,5.700827836772163,0.04999999999999982,0.024483044394127938,97.5516955605872,14.787589020550008,3.7020177264763787,2.1516363077544773,0.1625475347440486,1964-12-01
1965.01,86.12,2.51667,4.59333,31.2,1965.0416666665812,4.19,844.9903942307692,24.693009468749995,106298.86741262313,45.06873812740384,5669.597963915748,23.269335081922474,1965-01-01,35.0,,0.9708737864077666,844.9903942307692,0.0,0.025726536445926707,5.526091465724822,0.020000000000000462,0.02150056458604308,97.84994354139569,14.820292984754786,3.7247914331266747,2.268326226812482,0.15949694605928058,1965-01-01
1965.02,86.75,2.53333,4.63667,31.2,1965.1249999999145,4.21,851.171814903846,24.856473704326916,107337.05980639717,45.49398062259615,5737.020462161701,23.372068272751342,1965-02-01,35.0,,0.9708737864077666,851.171814903846,0.0,0.007315373896888078,5.526855458747317,0.05999999999999961,0.021502171955503042,97.84978280444969,14.854415918403943,3.7467065726050133,2.2733705427124598,0.1613337963652567,1965-02-01
1965.03,86.83,2.55,4.68,31.3,1965.2083333332478,4.21,849.2348506389775,24.940099840255584,107354.88820829852,45.77241853035142,5786.259090347081,23.253528200034843,1965-03-01,35.0,,1.2944983818770295,851.171814903846,-0.22756442717588166,0.0009221902017291228,5.505790199414819,-0.009999999999999787,0.02271727741241941,97.72827225875807,14.890124962279623,3.765331764636659,2.221159717266576,0.15754118371466458,1965-03-01
1965.04,87.97,2.57,4.73333,31.4,1965.291666666581,4.2,857.6444641719744,25.055658439490443,108681.92638950168,46.1465757826433,5847.759720782312,23.4205519547713,1965-04-01,35.0,,1.6181229773462702,857.6444641719744,0.0,0.013129102844638973,5.490873168431357,-0.03000000000000025,0.02331282090713009,97.668717909287,14.924337022689684,3.7867296253099787,2.243681427713795,0.15886324916508188,1965-04-01
1965.05,89.28,2.59,4.78667,31.4,1965.3749999999143,4.21,870.416025477707,25.250644108280248,110567.00659884558,46.66660256130572,5927.954452021685,23.708808308861954,1965-05-01,35.0,,1.6181229773462702,870.416025477707,0.0,0.014891440263726352,5.531399230609312,0.009999999999999787,0.023405274526507487,97.65947254734925,14.956901554982409,3.811712338839617,2.2960564638368934,0.16163727700673716,1965-05-01
1965.06,85.04,2.61,4.84,31.6,1965.4583333332475,4.21,823.8317278481012,25.284581487341764,104917.16082534175,46.887882911392396,5971.296547444191,22.385342986457793,1965-06-01,35.0,,1.9354838709677358,870.416025477707,-5.351957715167193,-0.04749103942652322,7.810021592501519,0.040000000000000036,0.04293696512466502,95.70630348753349,14.984251065154671,3.8295995409842964,1.932602049404066,0.17212786299640648,1965-06-01
1965.07,84.91,2.62667,4.88667,31.6,1965.5416666665808,4.2,822.5723425632909,25.44607343117088,105026.82685303221,47.34000222863923,6044.416958873006,22.300781712174434,1965-07-01,35.12,,1.6077170418006492,870.416025477707,-5.496645456195292,-0.0015286923800565955,6.993499558603829,0.009999999999999787,0.03842572176611619,96.15742782338839,15.009525075642625,3.847786200545369,1.8949224973826189,0.1676353963912917,1965-07-01
1965.08,86.49,2.64333,4.93333,31.6,1965.624999999914,4.25,837.8787175632909,25.607468499208856,107253.62503086649,47.792024670094925,6117.672863608794,22.665971845964386,1965-08-01,35.0,,1.9354838709677358,870.416025477707,-3.7381329113924244,0.0186079378165116,6.926837237699244,0.05999999999999961,0.03556971760230426,96.44302823976957,15.033305395085113,3.868578941541075,1.9729897117825768,0.1649227131699404,1965-08-01
1965.09,89.38,2.66,4.98,31.6,1965.7083333332473,4.29,865.8758212025314,25.768960443037972,111112.30846117882,48.244143987341765,6190.862565861162,23.374146831648623,1965-09-01,35.0,,1.6077170418006492,870.416025477707,-0.521613130075795,0.033414267545381016,7.419910970967241,0.08999999999999986,0.029060835029572074,97.0939164970428,15.058181103776615,3.8933299687063023,2.1359519472312503,0.15855115439281253,1965-09-01
1965.1,91.39,2.68,5.05,31.7,1965.7916666665806,4.35,882.5549597791796,25.880810725552045,113529.39559753313,48.76794558359621,6273.371788680845,23.775745523312686,1965-10-01,35.0,,1.9292604501607746,882.5549597791796,0.0,0.02248825240545993,7.524161537407156,0.15999999999999925,0.0295880783937241,97.04119216062759,15.08304086182161,3.920323517370345,2.217343702114137,0.16417874091207924,1965-10-01
1965.11,92.15,2.7,5.12,31.7,1965.8749999999138,4.45,889.8942941640378,26.073951104100946,114753.01365928575,49.44393690851734,6375.8592505213555,23.925461156673713,1965-11-01,35.0,,1.6025641025640969,889.8942941640378,0.0,0.008316008316008316,7.526437797545701,0.2999999999999998,0.02836894753119147,97.16310524688086,15.104696017358897,3.9475575030022187,2.2344868016758204,0.17014491841430504,1965-11-01
1965.12,91.73,2.72,5.19,31.8,1965.958333333247,4.62,883.0526910377357,26.18449056603773,114152.15711537369,49.96231839622641,6458.625263586498,23.69411154910632,1965-12-01,35.0,,1.9230769230769384,889.8942941640378,-0.7688107645109725,-0.004557786218122639,7.185495019168922,0.4400000000000004,0.03006736691404374,96.99326330859563,15.125626347454704,3.9730571936348524,2.1566478366782635,0.17464415468768776,1965-12-01
1966.01,93.32,2.74,5.24,31.8,1966.0416666665803,4.61,898.3590660377356,26.377023584905658,116414.95742448507,50.443650943396214,6536.802152853641,24.058483388421738,1966-01-01,35.0,,1.9230769230769384,898.3590660377356,0.0,0.017333478687452164,7.001209272129555,0.41999999999999993,0.028100396707789525,97.18996032922105,15.144990579516994,3.999545033206035,2.2286266900112106,0.17416025151514036,1966-01-01
1966.02,92.69,2.76,5.29,32.0,1966.1249999999136,4.83,886.7174367187498,26.40349687499999,115191.49011314705,50.606702343749994,6574.20415037812,23.700027145579394,1966-02-01,35.0,,2.564102564102577,898.3590660377356,-1.2958770895842204,-0.006750964423488992,7.132258241438613,0.6200000000000001,0.03361785495398439,96.63821450460156,15.160533609200499,4.021888640741919,2.123254594837219,0.18304594100429689,1966-02-01
1966.03,88.88,2.78,5.34,32.1,1966.2083333332469,4.87,847.620317757009,26.51197663551401,110399.47966896671,50.92588317757008,6632.912032316408,22.611112582289987,1966-03-01,35.0,,2.5559105431310014,898.3590660377356,-5.647936354058598,-0.04110475779479994,8.540571689234728,0.6600000000000001,0.05075649974226192,94.9243500257738,15.171507593584844,4.0368271064273475,1.842933767676096,0.19361670785849106,1966-03-01
1966.04,91.6,2.79667,5.38,32.3,1966.29166666658,4.75,868.1510526315788,26.505807907894734,113361.22407057992,50.98965789473683,6658.115562224018,23.113696462615827,1966-04-01,35.0,,2.8662420382165488,898.3590660377356,-3.362576785626602,0.03060306030603055,8.95267806736957,0.5499999999999998,0.04749844334520542,95.25015566547945,15.183715084688911,4.054192215964525,1.9559954130197326,0.18446203330027042,1966-04-01
1966.05,86.78,2.81333,5.42,32.3,1966.3749999999134,4.78,822.4688684210525,26.66370525,107686.28714579112,51.36876315789473,6725.739529041114,21.8521779767631,1966-05-01,35.0,,2.8662420382165488,898.3590660377356,-8.447646435116544,-0.05262008733624446,10.450923755235626,0.5700000000000003,0.07519031133240366,92.48096886675964,15.19510948873734,4.067169050059394,1.6367818514769004,0.19904863124038405,1966-05-01
1966.06,86.06,2.83,5.46,32.4,1966.4583333332466,4.81,813.1275509259259,26.73891435185185,106754.96849438445,51.58815277777777,6772.97383197001,21.555253383226255,1966-06-01,35.0,,2.5316455696202445,898.3590660377356,-9.487466463463011,-0.008296842590458597,9.253734343441057,0.5999999999999996,0.06884449301558883,93.11555069844111,15.203893522952326,4.077496619837894,1.5576615880864753,0.19787701074520284,1966-06-01
1966.07,85.84,2.85,5.47667,32.5,1966.5416666665799,5.02,808.5533723076921,26.84502692307692,106448.13312309557,51.586439859230765,6791.487619189933,21.381702007433415,1966-07-01,35.0,,2.848101265822778,898.3590660377356,-9.996636882191954,-0.0025563560306762767,9.257761729910058,0.8199999999999994,0.07391607510649224,92.60839248935078,15.209508071549864,4.084621350041643,1.5110810542623796,0.20734254764905732,1966-07-01
1966.08,80.65,2.87,5.49333,32.7,1966.6249999999131,5.22,755.0208830275228,26.868071100917426,99695.21398190572,51.426892341743105,6790.560568173863,19.913903864009807,1966-08-01,35.0,,3.4810126582278444,898.3590660377356,-15.955555905103077,-0.06046132339235788,10.874871648141536,0.9699999999999998,0.13185292014834774,86.81470798516523,15.210315970719384,4.085525403224328,1.1512810297491518,0.23905337022738055,1966-08-01
1966.09,77.81,2.89,5.51,32.7,1966.7083333332464,5.18,728.4336628440365,27.055305045871556,96482.26324405115,51.58295183486237,6832.248688789639,19.161676250615006,1966-09-01,35.0,,3.4810126582278444,898.3590660377356,-18.9150874764547,-0.035213887166769986,10.359468517450289,0.8899999999999997,0.14945114593389494,85.05488540661051,15.208370559628626,4.083470448094039,0.968123986995323,0.24479993759215823,1966-09-01
1966.1,77.13,2.88333,5.52333,32.9,1966.7916666665797,5.01,717.678239361702,26.82877217553191,95353.81565389132,51.393410473404245,6828.349418068294,18.825409371315676,1966-10-01,35.0,,3.785488958990535,898.3590660377356,-20.112317391411963,-0.008739236601979283,9.706032723812722,0.6600000000000001,0.1565871693027145,84.34128306972855,15.202571441625244,4.076823348002118,0.8886423620650217,0.239359920350678,1966-10-01
1966.11,80.99,2.87667,5.53667,32.9,1966.874999999913,5.16,753.5947180851061,26.766802292553187,100422.19609596455,51.51753633510638,6865.101376202545,19.711251211928968,1966-11-01,35.0,,3.785488958990535,898.3590660377356,-16.11430812304494,0.05004537793335917,11.473381904676938,0.71,0.1450899033216515,85.49100966783485,15.197603346822202,4.070212490274587,1.10894649257053,0.23190777294917136,1966-11-01
1966.12,81.33,2.87,5.55,32.9,1966.9583333332462,4.84,756.7583457446807,26.704739361702124,101140.32411883463,51.641569148936156,6901.866455914572,19.736473752791966,1966-12-01,35.0,,3.459119496855334,898.3590660377356,-15.762151866245757,0.004198049141869387,11.553429048751967,0.21999999999999975,0.1379251399338579,86.2074860066142,15.193744486279524,4.065232078249833,1.1174587770320314,0.20983181011021446,1966-12-01
1967.01,84.45,2.88,5.51667,32.9,1967.0416666665794,4.58,785.7892819148935,26.79778723404255,105318.75137863157,51.33144059042552,6879.914697074663,20.432242125384278,1967-01-01,35.0,,3.459119496855334,898.3590660377356,-12.530600333265138,0.03836222796016231,12.255552198517268,-0.03000000000000025,0.12154762942715153,87.84523705728485,15.190448654452943,4.0604867888398966,1.2909273551482097,0.19238149564237603,1967-01-01
1967.02,87.36,2.89,5.48333,32.9,1967.1249999999127,4.63,812.8662127659574,26.890835106382976,109248.1987731708,51.02121898404254,6857.187795088034,21.074443163678435,1967-02-01,35.0,,2.8124999999999956,898.3590660377356,-9.516557076542835,0.03445825932504443,12.963176467083501,-0.20000000000000018,0.10026846236335926,89.97315376366407,15.187199270038702,4.055291049014057,1.451743863136795,0.18695967141900957,1967-02-01
1967.03,89.42,2.9,5.45,33.0,1967.208333333246,4.54,829.5127590909088,26.90211363636363,111786.77456528936,50.55742045454544,6813.2176401345005,21.44389860201909,1967-03-01,35.0,,2.8037383177569986,898.3590660377356,-7.663562327085689,0.023580586080585997,12.566241836059927,-0.33000000000000007,0.08638147397166435,91.36185260283357,15.185537329999725,4.052595608910866,1.5442846698689725,0.18387863885010913,1967-03-01
1967.04,90.96,2.9,5.41,33.1,1967.2916666665792,4.59,841.2494682779454,26.820838368580052,113669.63905163114,50.03473640483382,6760.6942311931,21.68602556674624,1967-04-01,35.0,,2.4767801857585203,898.3590660377356,-6.357101510833006,0.01722209796466112,12.29192647511824,-0.16000000000000014,0.07469133905382713,92.5308660946173,15.188674680303375,4.057199797311693,1.6014372500826846,0.17068995956185018,1967-04-01
1967.05,92.59,2.9,5.37,33.2,1967.3749999999125,4.85,853.7453381024095,26.740052710843365,115659.17416658069,49.51520105421686,6707.957287769072,21.948477389658397,1967-05-01,35.0,,2.786377708978338,898.3590660377356,-4.966135437592623,0.01791996481970104,10.948420534504322,0.0699999999999994,0.06282215771177718,93.71778422882228,15.195547743367502,4.066564809445521,1.6605980631627169,0.16014996993126623,1967-05-01
1967.06,91.43,2.9,5.33,33.3,1967.4583333332457,5.02,840.5176373873874,26.65975225225225,114168.15437422699,48.99878603603603,6655.542631681393,21.552097609793478,1967-06-01,35.0,,2.777777777777768,898.3590660377356,-6.438564582585133,-0.012528350793822196,11.016147826702106,0.20999999999999996,0.06921715862273284,93.07828413772671,15.203437847949251,4.076150173882007,1.5575137055850785,0.1681280754698874,1967-06-01
1967.07,93.01,2.90667,5.32,33.4,1967.541666666579,5.16,852.482598053892,26.641066479790418,116094.92051646068,48.76042814371257,6640.414763440178,21.804196245666358,1967-07-01,35.0,,2.7692307692307683,898.3590660377356,-5.106696166175999,0.017280979984687805,11.036006395146869,0.14000000000000057,0.06376141114911747,93.62385888508825,15.209430828410525,4.084279046201118,1.614670629175001,0.16074468334473788,1967-07-01
1967.08,94.49,2.91333,5.31,33.5,1967.6249999999122,5.28,863.462312686567,26.62240088283582,117892.31739073033,48.52349328358208,6625.126524973838,22.03062704912601,1967-08-01,35.0,,2.4464831804281273,898.3590660377356,-3.884499491398553,0.01591226749811847,8.210640930091346,0.0600000000000005,0.04336490614210901,95.6635093857891,15.215607618609816,4.092923740376822,1.6650736399717916,0.14785512393818373,1967-08-01
1967.09,95.81,2.92,5.3,33.6,1967.7083333332455,5.3,872.9189218749998,26.60393749999999,119486.16602233255,48.28796874999998,6609.713807727402,22.219145488664783,1967-09-01,35.0,,2.752293577981657,898.3590660377356,-2.831845875941457,0.01396973224679865,6.2678235099994515,0.1200000000000001,0.03497719529079253,96.50228047092074,15.230527792570815,4.108650417647436,1.7009521340819176,0.1442980566702792,1967-09-01
1967.1,95.66,2.92,5.31,33.7,1967.7916666665787,5.48,868.9660727002964,26.524994065281888,119247.65974893908,48.23552002967357,6619.329639001322,22.068199194183883,1967-10-01,34.95,,2.4316109422492627,898.3590660377356,-3.271853588240465,-0.0015655985805239636,5.972556501954124,0.47000000000000064,0.03355605467721072,96.64439453227894,15.251934847069233,4.124157990283074,1.652765088819208,0.15591322633283997,1967-10-01
1967.11,92.66,2.92,5.32,33.8,1967.874999999912,5.75,839.2240872781064,26.446517751479284,115468.62262825192,48.183381656804734,6629.538877426076,21.263102968336277,1967-11-01,35.0,,2.7355623100303816,898.3590660377356,-6.582554904293164,-0.03136107045787162,6.741445776107896,0.5899999999999999,0.04642956817830098,95.3570431821699,15.27444869096326,4.134804853031592,1.448352338317056,0.16784494593834157,1967-11-01
1967.12,95.3,2.92,5.33,33.9,1967.9583333332453,5.7,860.5885176991148,26.368504424778756,118710.4853231129,48.13155088495574,6639.316755217123,21.751597808723627,1967-12-01,35.0,,3.039513677811545,898.3590660377356,-4.204393295123066,0.028491258363910976,6.892223338919547,0.8600000000000003,0.04207900878016283,95.79209912198372,15.298735120893861,4.147116974300289,1.5559876241297745,0.17173212782399064,1967-12-01
1968.01,95.04,2.93,5.36667,34.1,1968.0416666665785,5.53,853.2069677419353,26.30362390029325,117994.62902020288,48.17845367815248,6662.860224367131,21.511535896332177,1968-01-01,36.0,,3.647416413373872,898.3590660377356,-5.026063631209985,-0.0027282266526756915,6.4867779740903435,0.9500000000000002,0.04609194399392229,95.39080560060778,15.320957548609888,4.158930619455287,1.4885024334772614,0.1761209941190735,1968-01-01
1968.02,90.75,2.94,5.40333,34.2,1968.1249999999118,5.56,812.3120065789471,26.316223684210517,112642.3270313834,48.365728203947356,6706.8172442808245,20.424992376214224,1968-02-01,36.0,,3.951367781155035,898.3590660377356,-9.578248020393891,-0.04513888888888895,7.9406478716635585,0.9299999999999997,0.07306484295582638,92.69351570441736,15.340851760109205,4.16618250226224,1.220335550193571,0.18969463848274676,1968-02-01
1968.03,89.09,2.95,5.44,34.3,1968.208333333245,5.74,795.12825,26.32875,110563.72421760476,48.55199999999999,6751.2252749328745,19.9347113082957,1968-03-01,37.0,,3.9393939393939315,898.3590660377356,-11.491041827299755,-0.018292011019283683,7.884780781355234,1.2000000000000002,0.08164526273418596,91.83547372658141,15.361844607535867,4.170246343026425,1.0965459410825165,0.20413411383229832,1968-03-01
1968.04,95.67,2.96333,5.48333,34.4,1968.2916666665783,5.64,851.3726140988371,26.370837342296507,118690.15899081287,48.796456528343015,6802.7313630092385,21.277356015671742,1968-04-01,38.0,,3.92749244712991,898.3590660377356,-5.230252992952472,0.07385789650914809,10.75226945936012,1.0499999999999998,0.07226381685001552,92.77361831499846,15.388199713910833,4.177581229799019,1.409704797540043,0.18479892069827067,1968-04-01
1968.05,97.87,2.97667,5.52667,34.5,1968.3749999999116,5.87,868.4260413043477,26.41276943260869,121374.43447582825,49.039584649999995,6853.9536710383745,21.63022714277988,1968-05-01,41.0,,3.9156626506023917,898.3590660377356,-3.331966678469585,0.02299571443503723,10.832281811025716,1.0200000000000005,0.06461253854885265,93.53874614511474,15.41497180061148,4.186630455329617,1.4845483518270226,0.17649411200624787,1968-05-01
1968.06,100.5,2.99,5.57,34.7,1968.4583333332448,5.72,886.6228746397692,26.37813328530259,124224.91663754344,49.13919812680114,6884.903340011114,22.004623431346534,1968-06-01,41.0,,4.2042042042042205,898.3590660377356,-1.3064031790461659,0.026872381730867367,10.850354638862038,0.7000000000000002,0.05911643458389038,94.08835654161096,15.441959737065812,4.197723339442094,1.5633864272610556,0.15769852981699617,1968-06-01
1968.07,100.3,3.00333,5.6,34.9,1968.541666666578,5.5,879.787628939828,26.343894113896845,123574.81630788234,49.12074498567334,6899.491239522842,21.75353741567095,1968-07-01,39.46,,4.491017964071853,898.3590660377356,-2.067262167210936,-0.0019900497512438386,10.848599960416648,0.33999999999999986,0.06425279525022655,93.57472047497734,15.46135754094964,4.210725735515612,1.4943219458939234,0.14519625223322885,1968-07-01
1968.08,98.11,3.01667,5.63,35.0,1968.6249999999113,5.42,858.1191149999999,26.385304154999993,120840.1002342281,49.242794999999994,6934.356990303783,21.13776679361786,1968-08-01,39.0,,4.477611940298498,898.3590660377356,-4.479272549139663,-0.021834496510468537,11.153303526818975,0.13999999999999968,0.07663034133168556,92.33696586683145,15.478674702841346,4.221231778842415,1.3406257669007702,0.14384203333850626,1968-08-01
1968.09,101.3,3.03,5.66,35.1,1968.7083333332446,5.46,883.496175213675,26.426391025641017,124723.80404641331,49.364149572649566,6968.773256690024,21.680275633292936,1968-09-01,40.18,,4.464285714285721,898.3590660377356,-1.6544488040416028,0.03251452451330139,11.490362213224065,0.16000000000000014,0.06627129417165643,93.37287058283435,15.499224550409826,4.233381394537261,1.4600742306986831,0.13480547902686665,1968-09-01
1968.1,103.8,3.04333,5.69333,35.3,1968.7916666665778,5.58,900.1709490084985,26.392266418555238,127388.27874829328,49.37350933640226,6987.124364605207,22.00460692795689,1968-10-01,39.0,,4.7477744807121525,900.1709490084985,0.0,0.024679170779861703,11.621955091803917,0.09999999999999964,0.06269259911870828,93.73074008812917,15.515734159533782,4.247145884670109,1.5278196098336096,0.12754705034712185,1968-10-01
1968.11,105.4,3.05667,5.72667,35.4,1968.874999999911,5.7,911.4643644067795,26.433071904661013,129298.19824191899,49.522349447033896,7025.124411063096,22.195529227158158,1968-11-01,40.0,,4.7337278106508895,911.4643644067795,0.0,0.015414258188824803,10.837612660781717,-0.04999999999999982,0.05813604223517681,94.18639577648233,15.532528485718341,4.2615883191489665,1.5635017374860856,0.12645606394805092,1968-11-01
1968.12,106.5,3.07,5.76,35.5,1968.9583333332444,6.03,918.3824999999998,26.47356126760563,130592.54518647585,49.67026478873238,7063.033429803764,22.277872995434887,1968-12-01,41.0,,4.71976401179941,918.3824999999998,0.0,0.010436432637571214,10.673175588578417,0.33000000000000007,0.057141769257306595,94.28582307426933,15.550643453930679,4.276377703112378,1.5731139783579178,0.1372488844639185,1968-12-01
1969.01,102.0,3.08,5.78,35.6,1969.0416666665776,6.04,877.1068820224717,26.485188202247187,125037.0633172759,49.702723314606736,7085.433587978969,21.194968072847157,1969-01-01,42.0,,4.398826979472137,918.3824999999998,-4.494382022471912,-0.04225352112676062,11.844183680667445,0.5099999999999998,0.08095468326289888,91.90453167371011,15.566186047436036,4.286711955731648,1.3130768018795915,0.1574695027130136,1969-01-01
1969.02,101.5,3.09,5.8,35.8,1969.1249999999109,6.19,867.9313198324021,26.42273673184357,124042.92347192306,49.59607541899441,7088.167055538462,20.89572990198724,1969-02-01,43.0,,4.678362573099393,918.3824999999998,-5.493482309124764,-0.004901960784313708,10.544914363104214,0.6300000000000008,0.07903765738024775,92.09623426197523,15.580716694583346,4.295902758908967,1.2372284722649898,0.1612374897797099,1969-02-01
1969.03,99.3,3.1,5.82,36.1,1969.2083333332441,6.3,842.0626246537395,26.287957063711907,120658.90879772598,49.35351939058171,7071.851452193004,20.202287616481662,1969-03-01,43.0,,5.247813411078739,918.3824999999998,-8.310249307479221,-0.021674876847290636,10.648119368861545,0.5599999999999996,0.10142751345759968,89.85724865424002,15.593141872009088,4.302796748503593,1.071197645130582,0.16946405258959477,1969-03-01
1969.04,101.3,3.11,5.82667,36.3,1969.2916666665774,6.17,854.2896900826445,26.227452479338837,122724.0984537688,49.13784904752066,7058.961724951839,20.42860808193216,1969-04-01,43.0,,5.523255813953476,918.3824999999998,-6.978879706152432,0.020140986908358416,8.17441080590427,0.5300000000000002,0.07721046621876217,92.27895337812379,15.611229687292754,4.309412504542699,1.117873582434089,0.15631796720293487,1969-04-01
1969.05,104.6,3.12,5.83333,36.4,1969.3749999999106,6.32,879.6960576923075,26.239499999999996,126688.0057570804,49.05886619711538,7065.133313794932,20.9722582719721,1969-05-01,43.0,,5.507246376811592,918.3824999999998,-4.212454212454218,0.03257650542941759,8.45539513156258,0.4500000000000002,0.06664965964641972,93.33503403535803,15.62920004499363,4.318257545479854,1.2373181012724281,0.14375252535667987,1969-05-01
1969.06,99.14,3.13,5.84,36.6,1969.458333333244,6.57,829.2207745901637,26.179756147540978,119733.07572421247,48.84657377049179,7053.068007155545,19.713341583757636,1969-06-01,41.0,,5.475504322766556,918.3824999999998,-9.708561020036436,-0.0521988527724665,9.885189535328466,0.8500000000000005,0.1058191633178162,89.41808366821839,15.64275424683326,4.323408936006152,0.9415226265144083,0.18022268736237843,1969-06-01
1969.07,94.71,3.13667,5.85667,36.8,1969.5416666665772,6.72,787.8623783967389,26.092960473505432,114075.21122539086,48.71977569089674,7054.174504565622,18.681708207192766,1969-07-01,42.0,,5.4441260744985565,918.3824999999998,-14.211956521739138,-0.044684284849707545,10.820948965284515,1.2199999999999998,0.14873492665229757,85.12650733477024,15.652228567968324,4.32632808061563,0.700242696063252,0.21554985334121662,1969-07-01
1969.08,94.18,3.14333,5.87333,37.0,1969.6249999999104,6.69,779.2185932432432,26.007020393918914,113137.4688708478,48.59426566418918,7055.571140828376,18.42951559020775,1969-08-01,41.0,,5.714285714285716,918.3824999999998,-15.153153153153145,-0.005596029986273732,10.654714718307138,1.2700000000000005,0.15943827175654224,84.05617282434578,15.661421438098529,4.32870958782061,0.6394732878125193,0.22182571340139012,1969-08-01
1969.09,94.51,3.15,5.89,37.1,1969.7083333332437,7.16,779.8412405660375,25.991957547169807,113542.36180096999,48.60083490566036,7076.124336130708,18.39804634467698,1969-09-01,41.0,,5.698005698005693,918.3824999999998,-15.085354896675657,0.003503928647271115,9.97415329163557,1.7000000000000002,0.14967399470510656,85.03260052948934,15.666824801341907,4.330913736797066,0.6306340207447664,0.23360494067981666,1969-09-01
1969.1,95.52,3.15333,5.85333,37.3,1969.791666666577,7.1,783.9490294906165,25.879920363941014,114454.44530299857,48.03928363471849,7013.6059288672595,18.448662031815367,1969-10-01,40.0,,5.665722379603411,918.3824999999998,-14.638069705093837,0.010686699820124712,9.605461908323342,1.5199999999999996,0.14086151935922148,85.91384806407785,15.671345515857322,4.33297096494714,0.6409727963621207,0.22222340005867142,1969-10-01
1969.11,96.21,3.15667,5.81667,37.5,1969.8749999999102,7.14,785.4007139999998,25.769159877999993,114979.90631907698,47.483803877999996,6951.462131680549,18.437760084691057,1969-11-01,37.0,,5.932203389830515,918.3824999999998,-14.48000000000001,0.007223618090452133,9.434584160040773,1.4399999999999995,0.14182090320698554,85.81790967930145,15.67645252023161,4.335150588814669,0.6369577037494453,0.21850116303907463,1969-11-01
1969.12,91.11,3.16,5.78,37.7,1969.9583333332434,7.65,739.8216584880635,25.65949336870026,108620.33096873281,46.93413660477453,6890.851860380592,17.3269299137427,1969-12-01,35.0,,6.197183098591563,918.3824999999998,-19.442970822281172,-0.053009042719052046,10.237762920653633,1.62,0.20526048540792402,79.4739514592076,15.679359511932885,4.33590752215772,0.37998282790632887,0.2551382125312679,1969-12-01
1970.01,90.31,3.16333,5.73,37.8,1970.0416666665767,7.79,731.3855694444444,25.618579486111113,107695.19012217053,46.40504166666666,6833.057683534903,17.09054139514022,1970-01-01,35.0,,6.179775280898858,918.3824999999998,-20.361552028218686,-0.008780594885303472,9.710714923416502,1.75,0.20627584406148544,79.37241559385146,15.681337459301016,4.33638972097283,0.32497169915877916,0.26129408550653194,1970-01-01
1970.02,87.16,3.16667,5.68,38.0,1970.12499999991,7.24,702.1598131578946,25.51065185328947,103704.7839307581,45.758005263157884,6758.182339682262,16.372586787159864,1970-02-01,35.0,,6.145251396648055,918.3824999999998,-23.543859649122805,-0.03487985826597284,10.006467773930865,1.0499999999999998,0.24779712027972556,75.22028797202745,15.681772089688318,4.336451311578176,0.15930415167514858,0.2544435671218612,1970-02-01
1970.03,88.65,3.17,5.63,38.2,1970.2083333332432,7.07,710.4241590314134,25.403774214659677,105238.04353818309,45.11774410994763,6683.476425493184,16.531690813943623,1970-03-01,35.0,,5.817174515235468,918.3824999999998,-22.64397905759163,0.017094997705369597,10.352116308452462,0.7700000000000005,0.23513015025037556,76.48698497496244,15.68276871332342,4.336605726790192,0.19575727057127393,0.23744093258034119,1970-03-01
1970.04,85.95,3.17333,5.59333,38.5,1970.2916666665765,7.39,683.4197045454545,25.232300768181815,101549.243319747,44.47460076818181,6608.475033596747,15.873067819354068,1970-04-01,36.0,,6.060606060606077,918.3824999999998,-25.584415584415577,-0.030456852791878153,10.030186054437037,1.2199999999999998,0.2722428554861721,72.77571445138278,15.681385599746266,4.336465015994747,0.04420241346368433,0.27190390490648375,1970-04-01
1970.05,76.06,3.17667,5.55667,38.6,1970.3749999999097,7.91,603.2139287564765,25.193420865932637,89943.4349811433,44.06863977784973,6570.943818783455,13.983836060789194,1970-05-01,36.0,,6.043956043956045,918.3824999999998,-34.317789291882555,-0.11506689936009307,13.080439104307509,1.5899999999999999,0.47545906907706526,52.454093092293476,15.68095528965179,4.336626202295064,-0.3913455183120077,0.3976246206363856,1970-05-01
1970.06,75.59,3.18,5.52,38.8,1970.458333333243,7.84,596.3963331185566,25.08983118556701,89238.6394135031,43.55215979381442,6516.69916076911,13.799691797725185,1970-06-01,35.0,,6.010928961748618,918.3824999999998,-35.06013745704467,-0.006179332106231894,12.863988189497434,1.2699999999999996,0.48130834232849945,51.86916576715006,15.683610640205833,4.33517654778891,-0.4345656564878568,0.3913836071001981,1970-06-01
1970.07,75.72,3.18333,5.46667,39.0,1970.5416666665762,7.46,594.3583153846153,24.987303963461535,89245.2616669651,42.910205651923064,6443.1378050310095,13.726499744359776,1970-07-01,35.0,,5.978260869565233,918.3824999999998,-35.282051282051285,0.0017198042069055397,12.79544660165491,0.7400000000000002,0.48220323668049664,51.77967633195033,15.684601237375695,4.33468709978495,-0.4517284518905789,0.3729313892484302,1970-07-01
1970.08,77.92,3.18667,5.41333,39.0,1970.6249999999095,7.53,611.6270461538461,25.013521036538457,92151.22013897178,42.491517425,6402.014431659395,14.100456516815452,1970-08-01,35.0,,5.405405405405395,918.3824999999998,-33.4017094017094,0.02905441098785011,13.600187336069816,0.8399999999999999,0.4520280364226525,54.79719635773475,15.685854173832427,4.334162345340988,-0.3657910181239979,0.3567183597564753,1970-08-01
1970.09,82.58,3.19,5.36,39.2,1970.7083333332428,7.39,644.8981874999998,24.911906249999994,97476.8209344638,41.85824999999999,6326.9043377176795,14.842661145242232,1970-09-01,36.0,,5.660377358490565,918.3824999999998,-29.778911564625854,0.0598049281314168,15.469319151907895,0.22999999999999954,0.44692808687156593,55.30719131284341,15.687598114239709,4.3336950872405176,-0.19496917803127922,0.31394438822817733,1970-09-01
1970.1,84.37,3.17333,5.28333,39.4,1970.791666666576,7.33,655.5324156091369,24.655928415609132,99394.75552694143,41.05006610596446,6224.19454448448,15.064185404089631,1970-10-01,38.0,,5.630026809651478,918.3824999999998,-28.62098138747885,0.021675950593364135,15.669177885777039,0.23000000000000043,0.43184033751458234,56.81596624854177,15.689642267242446,4.3332256628585775,-0.1443397856044747,0.30287402506749805,1970-10-01
1970.11,84.28,3.15667,5.20667,39.6,1970.8749999999093,6.84,651.5259015151514,24.402613520833327,99095.60606137116,40.25012299053029,6121.952055191734,14.950761908791737,1970-11-01,37.0,,5.600000000000005,918.3824999999998,-29.057239057239055,-0.0010667298802892189,15.595468551741332,-0.2999999999999998,0.43619053597399143,56.38094640260085,15.69051469129808,4.333044690404851,-0.17072355245826598,0.30920288287709224,1970-11-01
1970.12,90.05,3.14,5.13,39.8,1970.9583333332425,6.39,692.6326978643216,24.151767587939695,105653.97525499361,39.45814258793969,6018.9327380135155,15.873840687205748,1970-12-01,37.0,,5.570291777188308,918.3824999999998,-24.581239530988263,0.06846226862838156,16.637457652793334,-1.2600000000000007,0.3882202824305238,61.17797175694761,15.695974176200444,4.332031124861329,0.04105845638655178,0.3087705269313948,1970-12-01
1971.01,93.49,3.13,5.16,39.8,1971.0416666665758,6.24,719.0919591708541,24.07485113065326,109996.09356063331,39.688891959798994,6071.021957138389,16.46179394349194,1971-01-01,38.0,,5.291005291005302,918.3824999999998,-21.700167504187608,0.03820099944475297,17.022310785878204,-1.5499999999999998,0.3439763995198653,65.60236004801348,15.703078719743614,4.331181537767551,0.17517511495013355,0.29869591834956644,1971-01-01
1971.02,97.11,3.12,5.19,39.9,1971.124999999909,6.11,745.0636973684209,23.93778947368421,114274.0049594397,39.819592105263155,6107.322476979633,17.03453478150213,1971-02-01,39.0,,5.000000000000004,918.3824999999998,-18.87218045112782,0.038720718793453957,16.77636351386618,-1.13,0.2895539002663824,71.04460997336176,15.714277584960557,4.329392266604561,0.3049520845513544,0.2584099063189632,1971-02-01
1971.03,99.6,3.11,5.22,40.0,1971.2083333332423,5.7,762.2574749999998,23.801413124999993,117215.3088213871,39.94963874999999,6143.211968349806,17.402902607188878,1971-03-01,39.0,,4.712041884816753,918.3824999999998,-17.00000000000001,0.02564102564102555,16.8365412773619,-1.37,0.25831587492394903,74.1684125076051,15.726630870474796,4.327843616409418,0.3873226219076731,0.2526070643505604,1971-03-01
1971.04,103.0,3.10667,5.25333,40.1,1971.2916666665756,5.83,786.3125311720696,23.716636419576055,121218.26540300068,40.1044583435162,6182.5199047528695,17.92411044795961,1971-04-01,39.0,,4.155844155844157,918.3824999999998,-14.380714879468004,0.034136546184738936,16.338346619697464,-1.5599999999999996,0.20532511059327063,79.46748894067294,15.741894037304627,4.325871456417721,0.504457063193017,0.2358978339845192,1971-04-01
1971.05,101.6,3.10333,5.28667,40.3,1971.3749999999088,6.39,771.7755334987592,23.573564629652605,119280.07836257102,40.15868661104218,6206.637912175722,17.56415327969939,1971-05-01,41.0,,4.404145077720201,918.3824999999998,-15.963606286186932,-0.013592233009708798,8.897126454872152,-1.5200000000000005,0.12359398505130967,87.64060149486903,15.757246667213563,4.322493119818747,0.4180241731793885,0.2079442044108523,1971-05-01
1971.06,99.72,3.1,5.32,40.6,1971.458333333242,6.52,751.8973965517239,23.374267241379304,116508.90297426825,40.11325862068965,6215.677535329995,17.08316688007071,1971-06-01,40.0,,4.6391752577319645,918.3824999999998,-18.128078817734004,-0.018503937007874005,9.433201028935073,-1.3200000000000003,0.1506407206188534,84.93592793811466,15.770910168017572,4.3188769199104975,0.30384211830707425,0.21312078752574032,1971-06-01
1971.07,99.0,3.09667,5.35667,40.7,1971.5416666665753,6.73,744.6344594594592,23.29178981388206,115684.24911075669,40.2905158581081,6259.4176432739105,16.889414708693362,1971-07-01,41.0,,4.358974358974366,918.3824999999998,-18.91891891891893,-0.0072202166064981865,9.698942791145596,-0.7299999999999995,0.15608541750017146,84.39145824998285,15.782422441436388,4.316311523014332,0.2564671853165725,0.1936973030740928,1971-07-01
1971.08,97.24,3.09333,5.39333,40.8,1971.6249999999086,6.58,729.6038749999999,23.209641656249996,113649.62300164482,40.46682915624999,6303.475125704042,16.519449443051574,1971-08-01,43.0,,4.615384615384599,918.3824999999998,-20.555555555555554,-0.01777777777777778,10.476508909789425,-0.9500000000000002,0.1874608425034013,81.25391574965987,15.793689873999341,4.312915696063937,0.1682758533199657,0.2152324628752993,1971-08-01
1971.09,99.4,3.09,5.43,40.8,1971.7083333332419,6.14,745.810625,23.184656249999996,116475.0853999015,40.74196875,6362.773779894015,16.856792547836005,1971-09-01,42.0,,4.081632653061207,918.3824999999998,-18.790849673202604,0.02221308103661057,9.51073082048236,-1.25,0.1477968905999139,85.22031094000862,15.806403938654183,4.3092728551124,0.24375077756695535,0.2088082119137799,1971-09-01
1971.1,97.29,3.08333,5.52,40.9,1971.791666666575,5.93,728.1942414425428,23.078046566625915,114024.23760517295,41.31598533007334,6469.460289655201,16.42886270915948,1971-10-01,43.0,,3.8071065989847774,918.3824999999998,-20.709046454767712,-0.02122736418511062,10.171589564811217,-1.4000000000000004,0.16873436414032755,83.12656358596723,15.819879071300253,4.3035940811256985,0.1415058266136318,0.22453598149719534,1971-10-01
1971.11,92.78,3.07667,5.61,40.9,1971.8749999999084,5.81,694.4378838630805,23.028197932151585,109038.99007366983,41.98961552567237,6593.109876194093,15.63871265432665,1971-11-01,43.0,,3.282828282828265,918.3824999999998,-24.38467807660962,-0.04635625449686509,11.713778033375368,-1.0300000000000002,0.22006861670458172,77.99313832954182,15.83300974899028,4.295781186951461,-0.0452297466299756,0.2375724062296517,1971-11-01
1971.12,99.17,3.07,5.7,41.1,1971.9583333332416,5.93,738.6536295620436,22.866458029197073,116280.84471716761,42.45563868613138,6683.481041523197,16.60355721292534,1971-12-01,43.0,,3.266331658291466,918.3824999999998,-19.570154095701543,0.06887260185384791,11.736719530948896,-0.45999999999999996,0.1699276342050132,83.00723657949868,15.851112426498634,4.2852164385717835,0.17559084755996343,0.18628149895425986,1971-12-01
1972.01,103.3,3.07,5.73667,41.1,1972.0416666665749,5.95,769.4153467153283,22.866458029197073,121423.4120741174,42.72876996167882,6743.136934590775,17.26299679703518,1972-01-01,46.0,,3.266331658291466,918.3824999999998,-16.220600162206004,0.041645658969446275,11.836153187489305,-0.29000000000000004,0.14191188575417624,85.80881142458237,15.871004955290596,4.275062349431074,0.32560737785025023,0.16335431934834171,1972-01-01
1972.02,105.2,3.07,5.77333,41.3,1972.1249999999081,6.08,779.7727118644067,22.75572457627118,123357.19608259384,42.793585461864396,6769.788981554386,17.464147605486176,1972-02-01,48.0,,3.50877192982455,918.3824999999998,-15.092816787732035,0.018393030009680622,11.445156939650133,-0.03000000000000025,0.13222123476016603,86.7778765239834,15.892626877550978,4.263332415054547,0.36861322902851595,0.14744073137328603,1972-02-01
1972.03,107.7,3.07,5.81,41.4,1972.2083333332414,6.07,796.3751630434782,22.70075905797101,126282.90801082378,42.961371376811584,6812.476281735247,17.805643849614945,1972-03-01,48.0,,3.499999999999992,918.3824999999998,-13.285024154589362,0.023764258555132978,11.413637602533191,0.3700000000000001,0.11854291223846444,88.14570877615355,15.917077480972791,4.248928592515978,0.4444806090572237,0.15142218066022428,1972-03-01
1972.04,108.8,3.07,5.86333,41.5,1972.2916666665747,6.19,802.570409638554,22.646058433734932,127564.55429103831,43.251242278915655,6874.568732640383,17.915161678498304,1972-04-01,49.0,,3.4912718204488824,918.3824999999998,-12.61044176706828,0.01021355617455888,11.038353189107244,0.3600000000000003,0.11007593883566338,88.99240611643367,15.943107775336433,4.232306582602382,0.465952516594222,0.14614228853410505,1972-04-01
1972.05,107.7,3.07,5.91667,41.6,1972.374999999908,6.13,792.5464362980769,22.591620793269225,126270.52927363144,43.53979315925479,6936.87142467425,17.662646200372556,1972-05-01,55.0,,3.2258064516129226,918.3824999999998,-13.701923076923068,-0.010110294117646967,10.979587844888043,-0.2599999999999998,0.11319911277412498,88.6800887225875,15.968542580727199,4.214966535457793,0.4019257579850177,0.14467435538789358,1972-05-01
1972.06,108.0,3.07,5.97,41.7,1972.4583333332412,6.11,792.8482014388488,22.53744424460431,126617.83421696161,43.82688669064747,6999.15250254871,17.640857315740256,1972-06-01,62.0,,2.7093596059113434,918.3824999999998,-13.669064748201432,0.0027855153203342198,10.677782467132033,-0.40999999999999925,0.10342800566345516,89.65719943365448,15.992807581802815,4.199307209229621,0.39245752973614473,0.14608396103895943,1972-06-01
1972.07,107.2,3.07333,6.02667,41.9,1972.5416666665744,6.11,783.2188066825775,22.45419640990453,125378.84803541028,44.031728411097845,7048.665504566847,17.39869003113817,1972-07-01,66.0,,2.9484029484029284,918.3824999999998,-14.717581543357195,-0.007407407407407418,10.68053713470917,-0.6200000000000001,0.11328128987576479,88.67187101242352,16.01571925160877,4.184345808012021,0.3305106324819863,0.15852040133876938,1972-07-01
1972.08,111.0,3.07667,6.08333,42.0,1972.6249999999077,6.21,809.0512499999999,22.425078462499997,129813.29789476744,44.339871537499995,7114.388553893475,17.943404688029805,1972-08-01,67.0,,2.941176470588247,918.3824999999998,-11.904761904761903,0.035447761194029814,10.65513013459823,-0.3700000000000001,0.0954634440611613,90.45365559388388,16.040526422832286,4.169158237304405,0.4564178562883802,0.137238872031108,1972-08-01
1972.09,109.4,3.08,6.14,42.1,1972.708333333241,6.55,795.4952137767219,22.39602612826603,127937.67060798677,44.646623515439416,7180.4140542325285,17.613854552912112,1972-09-01,65.0,,3.1862745098039325,918.3824999999998,-13.380839271575615,-0.014414414414414378,10.881259868021823,0.41000000000000014,0.10958555441851196,89.04144455814881,16.064237602592122,4.153693823713003,0.3730696137190924,0.1455054479856301,1972-09-01
1972.1,109.6,3.10333,6.23333,42.3,1972.7916666665742,6.48,793.1814184397163,22.45897528546099,127866.5503345039,45.11096287411347,7272.211717122018,17.53318385415856,1972-10-01,65.0,,3.4229828850855792,918.3824999999998,-13.63278171788809,0.001828153564899404,10.429771512484452,0.5500000000000007,0.10989901575236093,89.01009842476391,16.086276511216578,4.140322413948899,0.3494673115473558,0.15055138487259054,1972-10-01
1972.11,115.1,3.12667,6.32667,42.4,1972.8749999999075,6.28,831.0206426886791,22.574520528891505,134269.77006805467,45.67848279304244,7380.369471732923,18.338894714968063,1972-11-01,63.0,,3.667481662591676,918.3824999999998,-9.512578616352197,0.050182481751824826,9.080524290929828,0.47000000000000064,0.07807614188993377,92.19238581100663,16.110380846113237,4.128054725046254,0.5398460091465613,0.12850427668634193,1972-11-01
1972.12,117.5,3.15,6.42,42.5,1972.9583333332407,6.36,846.3524999999997,22.689449999999997,137052.46936574962,46.243259999999985,7488.31364534564,18.645719442073684,1972-12-01,64.0,,3.406326034063256,918.3824999999998,-7.843137254901972,0.020851433536055675,7.257365932474373,0.4300000000000006,0.057475086041000024,94.2524913959,16.135459194276546,4.115905782600905,0.6098925438013466,0.11611646930894967,1972-12-01
1973.01,118.4,3.15667,6.54667,42.6,1973.041666666574,6.46,850.8332394366195,22.684119610915488,138084.1584334985,47.04496996302816,7635.062647735064,18.712530467302436,1973-01-01,65.0,,3.649635036496357,918.3824999999998,-7.3552425665101815,0.007659574468085184,6.63628746807914,0.5099999999999998,0.05419725639488448,94.58027436051155,16.159242517184516,4.105951453431838,0.6218504965478414,0.11632695234061656,1973-01-01
1973.02,114.2,3.16333,6.67333,42.9,1973.1249999999072,6.64,814.9128321678321,22.573014092657342,132559.81944526112,47.61980954720279,7746.194570040669,17.889889599193758,1973-02-01,74.0,,3.874092009685226,918.3824999999998,-11.266511266511255,-0.03547297297297303,8.066696197999388,0.5599999999999996,0.08123501196672298,91.8764988033277,16.17918947997333,4.096832521125707,0.41756652496753005,0.13360257885207796,1973-02-01
1973.03,112.4,3.17,6.8,43.3,1973.2083333332405,6.71,794.6589145496534,22.411643764434174,129568.96944829369,48.07545034642031,7838.692101854066,17.41214205829034,1973-03-01,84.0,,4.589371980676327,918.3824999999998,-13.471901462663585,-0.015761821366024442,8.144496766207734,0.6399999999999997,0.1019716050716381,89.80283949283618,16.19741614751292,4.087645380194941,0.29717008150043756,0.1468609078550871,1973-03-01
1973.04,110.3,3.18667,6.94333,43.6,1973.2916666665737,6.67,774.4464048165136,22.37447982626146,126577.3368268757,48.75101501318805,7967.980236719408,16.935740066050826,1973-04-01,91.0,,5.060240963855422,918.3824999999998,-15.672782874617742,-0.018683274021352392,8.405360824728916,0.47999999999999954,0.1256574223010137,87.43425776989862,16.21379535007712,4.07872286492806,0.17700264025818763,0.152144188195656,1973-04-01
1973.05,107.2,3.20333,7.08667,43.9,1973.374999999907,6.85,747.5368564920273,22.337754090546692,122483.42171049546,49.417416182801816,8097.0111019880305,16.314338759668573,1973-05-01,102.0,,5.528846153846145,918.3824999999998,-18.60288534548215,-0.02810516772438798,8.854986792445967,0.7199999999999998,0.16285603363730913,83.71439663626909,16.227551247185605,4.070657642948791,0.021320268147163153,0.1784353897102798,1973-05-01
1973.06,104.8,3.22,7.23,44.2,1973.4583333332403,6.9,725.8407692307691,22.30159615384615,119233.0405859046,50.07470192307691,8225.714536603915,15.808323047681984,1973-06-01,120.0,,5.995203836930463,918.3824999999998,-20.965309200603322,-0.022388059701492602,9.11965257704381,0.79,0.19925024253987017,80.074975746013,16.23947229791125,4.063100464678576,-0.10611336194547476,0.20418913089197116,1973-06-01
1973.07,105.8,3.23667,7.38333,44.3,1973.5416666665735,7.13,731.1126297968395,22.36644910665914,120405.21908392504,51.02122696557561,8402.565843278982,15.889518573988786,1973-07-01,120.0,,5.727923627684972,918.3824999999998,-20.391271632806625,0.009541984732824416,9.171202605136623,1.0199999999999996,0.18850732723273653,81.14926727672635,16.250903701334046,4.0562860326519905,-0.08909261438572348,0.20618392269549088,1973-07-01
1973.08,103.8,3.25333,7.53667,45.1,1973.6249999999068,7.4,704.5683924611972,22.08278890410199,116336.77462782477,51.157027614745,8446.935252738806,15.278501094706124,1973-08-01,107.0,,7.380952380952377,918.3824999999998,-23.281596452328163,-0.018903591682419618,8.408065151740113,1.1900000000000004,0.24546263374840924,75.45373662515907,16.262203576863342,4.047863094791,-0.2430177254322404,0.24694490407358405,1973-08-01
1973.09,105.6,3.27,7.69,45.2,1973.70833333324,7.09,715.2005309734511,22.1468346238938,118397.06618571185,52.0823113938053,8621.907565986025,15.475308601805564,1973-09-01,103.0,,7.3634204275534465,918.3824999999998,-22.12389380530974,0.01734104046242768,8.629516346025627,0.54,0.2349923773223213,76.50076226776787,16.273700873147217,4.039702733477564,-0.19763639159021973,0.21311680108936115,1973-09-01
1973.1,109.8,3.30667,7.84667,45.6,1973.7916666665733,6.79,737.1227960526314,22.198741675986838,122332.4016684431,52.677225228618404,8742.276741345375,15.913516308933389,1973-10-01,100.0,,7.801418439716312,918.3824999999998,-19.736842105263158,0.03977272727272729,9.621925176401144,0.3099999999999996,0.2347235174930463,76.52764825069536,16.286829153162795,4.0307967370443505,-0.09261514995249912,0.192462441648882,1973-10-01
1973.11,102.0,3.34333,8.00333,45.9,1973.8749999999065,6.73,680.2833333333332,22.29815369444444,113207.74501399833,53.37776480555554,8882.734724538072,14.651845159710572,1973-11-01,95.0,,8.25471698113207,918.3824999999998,-25.92592592592593,-0.07103825136612019,10.39868524801021,0.4500000000000002,0.34725946190531815,65.27405380946819,16.29799807395921,4.020639287440979,-0.4094256650654099,0.26804544129649105,1973-11-01
1973.12,94.78,3.38,8.16,46.2,1973.9583333332398,6.74,628.0252045454544,22.396340909090902,104821.91805784777,54.06927272727271,9024.55002481576,13.493329686205888,1973-12-01,107.0,,8.705882352941185,918.3824999999998,-31.616161616161627,-0.07078431372549021,11.455291431452398,0.3799999999999999,0.4785276059684291,52.14723940315709,16.30565354443189,4.012637881824917,-0.7008665972487356,0.33981547016975827,1973-12-01
1974.01,96.11,3.4,8.22667,46.6,1974.041666666573,6.99,631.3715456008582,22.33548283261802,105691.10912941232,54.043131339592264,9046.778449086072,13.530721892513949,1974-01-01,129.0,,9.38967136150235,918.3824999999998,-31.251788268955654,0.014032496307237796,11.622880364572296,0.5300000000000002,0.49942419256819537,50.057580743180466,16.312537736455603,4.005720137192212,-0.6944608581396186,0.3509324087436467,1974-01-01
1974.02,93.45,3.42,8.29333,47.2,1974.1249999999063,6.96,606.093535487288,22.181272245762706,101769.0170787354,53.78848261811439,9031.610940712559,12.957321280205388,1974-02-01,150.0,,10.023310023310028,918.3824999999998,-34.00423728813559,-0.02767662053896569,11.51114902587326,0.3200000000000003,0.5632851188756467,43.67148811243533,16.318119409768048,3.9996194480303617,-0.8402794748929693,0.3791709780471543,1974-02-01
1974.03,97.44,3.44,8.36,47.8,1974.2083333332396,7.21,624.0389874476987,22.0309330543933,105090.50090265083,53.54029079497907,9016.385340169962,13.310364239140162,1974-03-01,168.0,,10.39260969976905,918.3824999999998,-32.05020920502091,0.04269662921348316,12.924922951123765,0.5,0.5780696724297774,42.193032757022266,16.323912940442934,3.993727192874759,-0.7545704941186941,0.3813254313755266,1974-03-01
1974.04,92.46,3.46,8.48667,48.0,1974.2916666665728,7.51,589.6780968749998,22.066690624999996,99613.67444430589,54.12506396718749,9143.28771897315,12.550411048540905,1974-04-01,172.0,,10.091743119266061,918.3824999999998,-35.79166666666667,-0.05110837438423654,13.523080946373655,0.8399999999999999,0.6419838280476226,35.801617195237746,16.328391095610442,3.9885719853118524,-0.947201168985333,0.43515267315000117,1974-04-01
1974.05,89.67,3.48,8.61333,48.6,1974.374999999906,7.58,564.8241342592592,21.920240740740734,95723.70197332991,54.25467447685184,9194.823619024664,11.99543694732966,1974-05-01,163.0,,10.70615034168565,918.3824999999998,-38.49794238683128,-0.030175210902011584,13.548388052741938,0.7300000000000004,0.7003268995367563,29.967310046324368,16.33086804008415,3.98559414908691,-1.0877753555885084,0.46497912677202113,1974-05-01
1974.06,89.79,3.5,8.74,49.0,1974.4583333332394,7.54,560.963025,21.866249999999994,95378.15523233199,54.603149999999985,9283.941159712456,11.888498820078999,1974-06-01,154.0,,10.859728506787313,918.3824999999998,-38.91836734693876,0.0013382402141184357,13.596901681860206,0.6399999999999997,0.7114038144496261,28.859618555037393,16.331856133271785,3.9844452413833524,-1.1151759012881062,0.4675831717920629,1974-06-01
1974.07,79.31,3.53,8.86333,49.4,1974.5416666665726,7.81,491.47716649797565,21.87510273279352,83873.71471540077,54.925284505566786,9373.350294394817,10.39414180532705,1974-07-01,143.0,,11.512415349887139,918.3824999999998,-46.48448043184885,-0.11671678360619231,16.87379270152017,0.6799999999999997,0.8607260410297002,13.927395897029982,16.3281210417583,3.989390046301672,-1.487440227092433,0.5591765165196393,1974-07-01
1974.08,76.03,3.56,8.98667,50.0,1974.6249999999059,8.04,465.4974764999999,21.796277999999997,79750.08766101827,55.02133640849999,9426.380642912576,9.824195723141194,1974-08-01,155.0,,10.864745011086473,918.3824999999998,-49.31333333333334,-0.04135670155087634,16.969224617181208,0.6399999999999988,0.8735933261171488,12.64066738828512,16.323350164116444,3.996151268835961,-1.6263534595546953,0.5763243308076686,1974-08-01
1974.09,68.12,3.59,9.11,50.6,1974.7083333332391,8.04,412.12263438735175,21.719322628458492,70915.87182093825,55.115049901185756,9483.904760551195,8.680421305646334,1974-09-01,152.0,,11.946902654867241,918.3824999999998,-55.12516469038208,-0.10403787978429557,18.015228069034375,0.9499999999999993,0.9288696389490121,7.113036105098791,16.31599422167464,4.007791409270675,-1.9051822154132023,0.6363551970840646,1974-09-01
1974.1,69.44,3.59333,9.03667,51.1,1974.7916666665724,7.9,415.99791780821903,21.52675400342465,71891.39410346789,54.136461749999995,9355.685546557968,8.744983833809584,1974-10-01,159.0,,12.061403508771939,918.3824999999998,-54.70319634703197,0.019377568995889494,17.193565987075623,1.1100000000000003,0.9223292474475796,7.767075255242039,16.30811055125111,4.019900463629621,-1.8814213898750818,0.6379562183418127,1974-10-01
1974.11,71.74,3.59667,8.96333,51.5,1974.8749999999056,7.68,426.4385796116503,21.37940961990291,74003.60827174547,53.280035040291246,9246.149458187683,8.948984512755604,1974-11-01,182.0,,12.200435729847502,918.3824999999998,-53.56634304207121,0.03312211981566815,18.031588453449125,0.9499999999999993,0.9242100129402864,7.578998705971363,16.301084232680832,4.03056212227359,-1.8240879303897193,0.6269302197394563,1974-11-01
1974.12,67.07,3.6,8.89,51.9,1974.958333333239,7.43,395.6063858381502,21.234277456647394,68960.10940204107,52.43686849710982,9140.530379963398,8.289060055923082,1974-12-01,184.0,,12.337662337662337,918.3824999999998,-56.92357096981374,-0.06509618065235578,17.891430132484512,0.6899999999999995,0.9387203261557167,6.127967384428334,16.291779722854635,4.045194928627499,-1.978327326156025,0.6390449690035694,1974-12-01
1975.01,72.56,3.62333,8.74333,52.1,1975.0416666665722,7.5,426.34570825335885,21.289845577255274,74627.69454973895,51.37377647936659,8992.482918792297,8.920995508404248,1975-01-01,176.0,,11.802575107296143,918.3824999999998,-53.57645553422905,0.08185477858953338,20.6644012755204,0.5099999999999998,0.9377240564703386,6.227594352966137,16.283336756378517,4.057413730530185,-1.8145404281983901,0.6152106974357636,1975-01-01
1975.02,80.1,3.64667,8.59667,52.5,1975.1249999999054,7.39,467.0630999999999,21.263732769999994,82065.04791249789,50.12718276999998,8807.56723393175,9.762246716166471,1975-02-01,179.6,,11.228813559322038,918.3824999999998,-49.142857142857146,0.10391400220507152,24.132796896617908,0.4299999999999997,0.9362339996897271,6.376600031027291,16.276171459622905,4.066660998883625,-1.6017870054190964,0.5895211856056901,1975-02-01
1975.03,83.78,3.67,8.45,52.7,1975.2083333332387,7.73,486.66720967741924,21.318556451612896,85821.72353729361,49.084959677419334,8655.926997972438,10.163796767444035,1975-03-01,178.0,,10.251046025104603,918.3824999999998,-47.00822264389627,0.04594257178526839,24.21292570357204,0.5200000000000005,0.9184881216984583,8.151187830154171,16.270172810889726,4.074093959811302,-1.4988304402602726,0.5760119558139418,1975-03-01
1975.04,84.72,3.68333,8.28667,52.9,1975.291666666572,8.23,490.2669527410207,21.315096494801512,86769.75880940727,47.95420738043478,8487.161912572605,10.23307613660592,1975-04-01,170.0,,10.20833333333333,918.3824999999998,-46.61625708884688,0.011219861542134169,23.86512992077813,0.7200000000000006,0.9133604804265167,8.663951957348326,16.26350950227873,4.082015046987987,-1.4773177698407824,0.5797574535935153,1975-04-01
1975.05,90.1,3.69667,8.12333,53.2,1975.3749999999052,8.06,518.4602960526314,21.271660628289467,92073.27965621308,46.74388542434209,8301.239010318595,10.81813911933581,1975-05-01,167.0,,9.4650205761317,918.3824999999998,-43.546365914786975,0.06350330500472134,24.61605366447555,0.4800000000000004,0.8934712419514347,10.652875804856532,16.257347220308038,4.088569297741401,-1.330345092591911,0.5484467642569371,1975-05-01
1975.06,92.4,3.71,7.96,53.6,1975.4583333332384,7.86,527.7272574626865,21.189048973880592,94032.57780599204,45.462218283582075,8100.64198415256,11.011354609247661,1975-06-01,164.0,,9.387755102040817,918.3824999999998,-42.53731343283582,0.025527192008879096,24.719490865165746,0.3200000000000003,0.8869010842339428,11.309891576605724,16.251461473774267,4.094604191011184,-1.2797590731798019,0.5351019466460591,1975-06-01
1975.07,92.49,3.71,7.89333,54.2,1975.5416666665717,8.06,522.3935880996308,20.954483856088554,93393.34924590267,44.58238707702951,7970.42410426166,10.902767048238575,1975-07-01,165.0,,9.716599190283404,918.3824999999998,-43.118081180811814,0.0009740259740258495,20.919078150001504,0.2500000000000009,0.853459108593906,14.654089140609406,16.246005192122123,4.100431289650245,-1.3030917399762871,0.5236760939119262,1975-07-01
1975.08,85.71,3.71,7.82667,54.3,1975.624999999905,8.4,483.20788259668495,20.915893646408836,86699.35341759307,44.12447367265193,7917.01351549263,10.089769593328016,1975-08-01,163.0,,8.599999999999985,918.3824999999998,-47.38489871086556,-0.0733052221861823,22.06366198465215,0.3600000000000012,0.8820539715469371,11.79460284530629,16.238156278319543,4.109518701966041,-1.496133034277242,0.5591433835957558,1975-08-01
1975.09,84.67,3.71,7.76,54.6,1975.7083333332382,8.43,474.7218942307692,20.80097115384615,85487.77589634765,43.50823076923076,7834.9491077791145,9.918905356559423,1975-09-01,144.0,,7.905138339920947,918.3824999999998,-48.308913308913304,-0.012133940030334744,18.40542832521971,0.39000000000000057,0.8341259297620466,16.587407023795343,16.2273802794441,4.121004603715873,-1.5308099673551405,0.5481136419612828,1975-09-01
1975.1,88.57,3.7,7.82667,54.9,1975.7916666665715,8.14,493.8745478142075,20.63154371584699,89246.3901738373,43.642238987704914,7886.440607224425,10.327599777501112,1975-10-01,143.0,,7.4363992172211235,918.3824999999998,-46.22343655130541,0.04606117869375215,18.59475722183914,0.2400000000000002,0.8072995774161271,19.27004225838729,16.21613843806107,4.131579278080755,-1.4252512814652714,0.5226720348521715,1975-10-01
1975.11,90.07,3.69,7.89333,55.3,1975.8749999999047,8.05,498.6058575949366,20.426952531645565,90408.97617043748,43.69557648417721,7923.036348122564,10.435859457947897,1975-11-01,142.0,,7.37864077669903,918.3824999999998,-45.70825798673901,0.01693575702833927,18.55764030487052,0.370000000000001,0.8000808899214952,19.991911007850483,16.203883318050156,4.14217927140201,-1.3925094695744415,0.5224446014062184,1975-11-01
1975.12,88.7,3.68,7.96,55.5,1975.958333333238,8.0,489.25241891891886,20.29818378378378,89019.68914946508,43.905854054054046,7988.689127731025,10.250368416256839,1975-12-01,139.0,,6.936416184971095,918.3824999999998,-46.726726726726724,-0.015210391917397481,16.618129854839054,0.5700000000000003,0.7688419226132318,23.115807738676818,16.190633376221037,4.153589048921361,-1.4301523068361361,0.5241033065482648,1975-12-01
1976.01,96.86,3.68333,8.19333,55.6,1976.0416666665712,7.74,533.3005332733811,20.280010873651076,97341.75899590107,45.11157607149279,8234.081707969091,11.18505136262215,1976-01-01,131.05,,6.717850287907878,918.3824999999998,-41.93045563549161,0.09199549041713628,17.02518064366548,0.2400000000000002,0.7096315267658366,29.03684732341634,16.17830528784565,4.161856081299941,-1.1997661206160386,0.4670233125455009,1976-01-01
1976.02,100.6,3.68667,8.42667,55.8,1976.1249999999045,7.79,551.9072849462365,20.225646423387094,101045.63791676318,46.23002545564515,8463.998465845434,11.586092994449693,1976-02-01,131.0,,6.285714285714272,918.3824999999998,-39.904420549581836,0.03861243031179007,14.856313924030983,0.40000000000000036,0.6186970034934791,38.13029965065209,16.166706472480783,4.168833134359133,-1.098775923717863,0.43106605397062686,1976-02-01
1976.03,101.1,3.69,8.66,55.9,1976.2083333332378,7.73,553.6581440071556,20.20770080500894,101674.50261028894,47.42511896243291,8709.210609348193,11.631754403566513,1976-03-01,133.0,,6.072106261859567,918.3824999999998,-39.71377459749553,0.00497017892644136,14.639513563676013,0.0,0.6037585210757163,39.624147892428375,16.156975586337516,4.175331770188686,-1.083799188146073,0.4098843553639783,1976-03-01
1976.04,101.9,3.71333,8.85667,56.1,1976.291666666571,7.56,556.0497727272726,20.262966659090903,102423.7975553306,48.32923788636362,8902.196026441312,11.68916413220637,1976-04-01,128.0,,6.0491493383743045,918.3824999999998,-39.45335710041593,0.00791295746785381,14.65648636251354,-0.6700000000000008,0.5992703179697172,40.07296820302828,16.14488759118749,4.181962925780933,-1.0654622095075283,0.43213639679148064,1976-04-01
1976.05,101.2,3.73667,9.05333,56.5,1976.3749999999043,7.9,548.320407079646,20.245972485398227,101310.83028079088,49.05262441725663,9063.244852826012,11.532053585609427,1976-05-01,127.0,,6.203007518796988,918.3824999999998,-40.29498525073746,-0.006869479882237517,13.852462603836319,-0.16000000000000014,0.5983623708334915,40.163762916650846,16.132438509006313,4.1890191495962235,-1.0982009771524472,0.41690175604540936,1976-05-01
1976.06,101.8,3.76,9.25,56.8,1976.4583333332375,7.86,548.6580897887324,20.26477816901408,101685.24222094765,49.853510123239424,9239.572598661744,11.543841631417108,1976-06-01,126.0,,5.970149253731338,918.3824999999998,-40.258215962441305,0.005928853754940677,13.758167048213297,0.0,0.5880034087636015,41.199659123639854,16.120690327759895,4.195954381252154,-1.0907765624889774,0.40709227287946703,1976-06-01
1976.07,104.2,3.79,9.35,57.1,1976.5416666665708,7.83,558.6424781085814,20.319145796847632,103849.51308229355,50.127707968476344,9318.550358152059,11.75749048868991,1976-07-01,118.0,,5.350553505535061,918.3824999999998,-39.17104495037945,0.023575638506876384,13.803083950419284,-0.23000000000000043,0.5511005914332804,44.88994085667196,16.113049645473172,4.201399843915753,-1.0366923688757579,0.39736543175354533,1976-07-01
1976.08,103.3,3.82,9.45,57.4,1976.624999999904,7.77,550.9228353658535,20.372945121951215,102730.06526263438,50.39903963414633,9397.861730221633,11.597986002509254,1976-08-01,110.0,,5.7090239410681365,918.3824999999998,-40.01161440185831,-0.008637236084452993,10.668168754838023,-0.6300000000000008,0.4988652588857132,50.11347411142868,16.10641921961919,4.20664787327686,-1.0717401011266472,0.3982859126192912,1976-08-01
1976.09,105.5,3.85,9.55,57.6,1976.7083333332373,7.59,560.7022786458332,20.461647135416666,104871.58424275542,50.75551432291665,9493.114971737576,11.805990949539794,1976-09-01,114.0,,5.494505494505497,918.3824999999998,-38.94675925925926,0.021297192642788065,10.217424837937026,-0.8399999999999999,0.46276750677373846,53.72324932262615,16.10632122908972,4.206747913036943,-1.0222457747522653,0.38820242366710467,1976-09-01
1976.1,101.9,3.91667,9.67,57.9,1976.7916666665706,7.41,538.7632512953368,20.708124273316056,101090.95742447065,51.12699352331605,9593.224320850157,11.345696136316702,1976-10-01,116.0,,5.464480874316946,918.3824999999998,-41.335636154289,-0.034123222748815074,11.006367028776834,-0.7300000000000004,0.5212230479884833,47.877695201151674,16.106204821241253,4.206879429452438,-1.1316009324146883,0.41648124756741417,1976-10-01
1976.11,101.2,3.98333,9.79,58.0,1976.8749999999038,7.29,534.1397068965516,21.024256113362064,100552.15858416358,51.672210775862055,9727.328384772347,11.248855860507968,1976-11-01,130.0,,4.88245931283906,918.3824999999998,-41.839080459770116,-0.006869479882237517,11.151089881433455,-0.7600000000000007,0.5138403619018619,48.61596380981381,16.106590410696153,4.206426558487024,-1.1548364110594207,0.41753952896450225,1976-11-01
1976.12,104.7,4.05,9.91,58.2,1976.958333333237,6.87,550.7139046391752,21.302686855670096,104006.44953385435,52.125833762886586,9844.354487874847,11.597589726582946,1976-12-01,134.0,,4.86486486486486,918.3824999999998,-40.03436426116838,0.03458498023715406,11.023568125938167,-1.13,0.4800014442674428,51.99985557325573,16.10721488375371,4.205738465043866,-1.0722552518785136,0.41054732679944683,1976-12-01
1977.01,103.8,4.09667,9.96667,58.5,1977.0416666665703,7.21,543.1800769230769,21.437664024358966,102921.01831994661,52.15507299871794,9882.271923495784,11.437961346787558,1977-01-01,132.0,,5.215827338129486,918.3824999999998,-40.85470085470085,-0.008595988538682042,7.233793181084755,-0.5300000000000002,0.41155753867409833,58.84424613259016,16.107127842120523,4.205835041557003,-1.1101639624944577,0.36819364280943867,1977-01-01
1977.02,101.0,4.14333,10.0233,59.1,1977.1249999999036,7.39,523.1620558375633,21.461713275380703,99466.9090613747,51.91891321065989,9871.155144503733,11.014841854222778,1977-02-01,136.0,,5.913978494623673,918.3824999999998,-43.03440496333897,-0.026974951830443183,6.975033026928725,-0.40000000000000036,0.4638119123780034,53.61880876219966,16.104531388065002,4.2086963946465845,-1.2093268453187198,0.39250619414899607,1977-02-01
1977.03,100.6,4.19,10.08,59.5,1977.2083333332369,7.46,517.5869999999999,21.55755,98748.49877971612,51.86159999999999,9894.481786277718,10.895746511662741,1977-03-01,148.0,,6.440071556350624,918.3824999999998,-43.641456582633054,-0.003960396039603964,6.969997587202961,-0.27000000000000046,0.49127748626849504,50.872251373150505,16.10344206421823,4.209997089596561,-1.2369831716569035,0.4002794031071385,1977-03-01
1977.04,99.05,4.24667,10.1933,60.0,1977.29166666657,7.37,505.3654812499999,21.667041173749997,96761.28185393976,52.00749076249999,9957.76652520711,10.63603740914136,1977-04-01,149.0,,6.951871657754016,918.3824999999998,-44.97222222222222,-0.015407554671968193,7.062388087239439,-0.1899999999999995,0.5327787144836327,46.72212855163673,16.10270654278142,4.210931588417497,-1.2982089637068832,0.4184586611803825,1977-04-01
1977.05,98.76,4.30333,10.3067,60.3,1977.3749999999034,7.46,501.3789701492537,21.846893110696513,96346.57444544199,52.32444949004974,10054.832308999969,10.548486693556999,1977-05-01,147.0,,6.725663716814156,918.3824999999998,-45.406301824212264,-0.0029278142352346936,7.04475841052611,-0.4400000000000004,0.5320355033552556,46.79644966447444,16.10219213283661,4.21160055779151,-1.3186686066429523,0.4297439352954008,1977-05-01
1977.06,99.29,4.36,10.42,60.7,1977.4583333332366,7.28,500.7479320428335,21.988729818780886,96577.43083657579,52.55104695222404,10135.329129994156,10.530023959090757,1977-06-01,141.0,,6.866197183098599,918.3824999999998,-45.475013728720484,0.005366545159983804,7.038212823059191,-0.5800000000000001,0.5376739163204249,46.2326083679575,16.100656877570053,4.213535696735684,-1.322080390299051,0.4373109393557511,1977-06-01
1977.07,100.2,4.40667,10.5167,61.0,1977.5416666665699,7.33,502.85205737704905,22.114801154508193,97338.67926342785,52.77788654508196,10216.38411386918,10.567692447775407,1977-07-01,143.0,,6.8301225919439545,918.3824999999998,-45.24590163934427,0.00916507201128014,6.603527435117849,-0.5,0.5218433873792369,47.81566126207631,16.097521449499,4.217240483440613,-1.3112434596596942,0.42762469377945417,1977-07-01
1977.08,97.75,4.45333,10.6133,61.2,1977.6249999999031,7.4,488.9536458333332,22.27592777083333,95007.65454695225,53.08861104166666,10315.54721230863,10.268385666710998,1977-08-01,145.0,,6.620209059233462,918.3824999999998,-46.75925925925926,-0.024451097804391253,6.9297356379052895,-0.3699999999999992,0.5480889085805843,45.19110914194157,16.094551764252834,4.220976497507222,-1.3802886846166023,0.43950241429950077,1977-08-01
1977.09,96.23,4.5,10.71,61.4,1977.7083333332364,7.34,479.78256229641687,22.436054560260583,93588.93098153226,53.397809853420185,10416.059968951578,10.067742820070704,1977-09-01,149.53,,6.59722222222221,918.3824999999998,-47.75787187839305,-0.015549872122762154,6.397884118619221,-0.25,0.5506447697745553,44.935523022544466,16.09244143037184,4.223806152183086,-1.4263672131798122,0.4408900288130596,1977-09-01
1977.1,93.74,4.55667,10.77,61.6,1977.7916666665697,7.52,465.8505170454544,22.64483758806818,91239.37419303234,53.52261647727271,10482.69746169147,9.766666299556547,1977-10-01,159.0,,6.390328151986191,918.3824999999998,-49.274891774891785,-0.025875506598773912,6.067822814566975,0.10999999999999943,0.5606545217405111,43.93454782594889,16.088646997751848,4.228884667580991,-1.4949522616826538,0.4467285414836378,1977-10-01
1977.11,94.28,4.61333,10.83,61.9,1977.874999999903,7.58,466.26333925686583,22.81530177019386,91692.60282995517,53.55994870759288,10532.7841392492,9.766299983660199,1977-11-01,162.0,,6.7241379310344795,918.3824999999998,-49.229940764674204,0.005760614465543101,6.1961385967553255,0.29000000000000004,0.5739930517727323,42.60069482272677,16.08528836624857,4.23343467263096,-1.4926386896768384,0.45792227194382734,1977-11-01
1977.12,93.82,4.67,10.89,62.1,1977.9583333332362,7.69,462.4940748792269,23.021182367149752,91328.62900594652,53.683228260869555,10600.818267690875,9.67826658253592,1977-12-01,160.0,,6.70103092783505,918.3824999999998,-49.64036500268385,-0.004879083580823118,4.387035408585739,0.8200000000000003,0.5353240536184359,46.467594638156406,16.082503238611256,4.237328076965525,-1.5113856042654117,0.4663152437798718,1977-12-01
1978.01,90.25,4.71333,10.9,62.5,1978.0416666665694,7.96,442.04810999999995,23.086078873199998,87671.06802959407,53.38863599999999,10588.527883906652,9.241462260934691,1978-01-01,173.0,,6.8376068376068355,918.3824999999998,-51.86666666666666,-0.03805158814751641,5.257859155844168,0.75,0.5975445910869817,40.245540891301836,16.079231348621295,4.242165111203071,-1.6118583101890216,0.4965989402137769,1978-01-01
1978.02,88.98,4.75667,10.91,62.9,1978.1249999999027,8.03,433.0560405405405,23.150198655405397,86270.29113254459,53.09779054054054,10577.757656283002,9.045263570704742,1978-02-01,178.0,,6.429780033840937,918.3824999999998,-52.845786963434016,-0.014072022160664721,4.994839850970043,0.6399999999999997,0.5938346217636234,40.61653782363766,16.07657996640341,4.246271701900645,-1.6558800023445104,0.4960710524344382,1978-02-01
1978.03,88.82,4.8,10.92,63.4,1978.208333333236,8.04,428.8682105678232,23.1768454258675,85820.78223330765,52.727323343848575,10551.260324113035,8.950420077633895,1978-03-01,184.0,,6.554621848739495,918.3824999999998,-53.301787592008424,-0.0017981568891887179,5.029840815453102,0.5799999999999992,0.6059658778965509,39.40341221034491,16.073145909370474,4.251544888298386,-1.6753265033942375,0.5003469952238349,1978-03-01
1978.04,92.71,4.83667,11.0233,63.9,1978.2916666665692,8.15,444.14836502347407,23.171168942488258,89264.89107286494,52.809628650234735,10613.673538598987,9.262588720866848,1978-04-01,175.0,,6.499999999999995,918.3824999999998,-51.63797600417319,0.043796442242738154,7.325176175287829,0.7800000000000002,0.6322115168422059,36.77884831577941,16.068932310033926,4.2575533500633265,-1.5986513918999607,0.508713910915638,1978-04-01
1978.05,97.41,4.87333,11.1267,64.5,1978.3749999999025,8.35,462.32371744186037,23.12961751279069,93305.15380368245,52.8091295232558,10657.822141745542,9.63491072859845,1978-05-01,176.0,,6.9651741293532465,918.3824999999998,-49.65891472868218,0.050695717829791764,9.229316068878456,0.8899999999999997,0.6597579627510455,34.02420372489545,16.064470860118966,4.263463969922089,-1.508060154109385,0.5125848606062768,1978-05-01
1978.06,97.66,4.91,11.23,65.2,1978.4583333332357,8.46,458.53392101226984,23.05346664110429,92928.02209283061,52.727175230061334,10685.866148909356,9.549678981041739,1978-06-01,184.0,,7.413509060955525,918.3824999999998,-50.07157464212679,0.0025664716148239286,9.213059107888224,1.1800000000000006,0.6787163164052309,32.12836835947691,16.058820257964847,4.270760648203288,-1.5241175549516006,0.5321585839524647,1978-06-01
1978.07,97.19,4.94667,11.3433,65.7,1978.541666666569,8.64,452.854364155251,23.048884633561638,92166.24774191996,52.853821472602725,10756.964687837439,9.425524047787361,1978-07-01,189.0,,7.7049180327869005,918.3824999999998,-50.690005073566724,-0.0048126151955765195,9.149676746201314,1.3100000000000005,0.6945809085343808,30.54190914656192,16.054072764377644,4.2771948615514965,-1.5497420461657112,0.5456783433548669,1978-07-01
1978.08,103.9,4.98333,11.4567,66.0,1978.6249999999022,8.41,481.9188977272726,23.11415688749999,98473.56856502898,53.13955953409089,10858.345841953487,10.023970854003752,1978-08-01,206.0,,7.843137254901955,918.3824999999998,-47.525252525252526,0.0690400246938987,11.21519365614271,1.0099999999999998,0.6975421826789819,30.245781732101808,16.052129470465218,4.279781608034892,-1.4085201462486217,0.5196410265639062,1978-08-01
1978.09,103.9,5.02,11.57,66.5,1978.7083333332355,8.42,478.295447368421,23.10917368421052,98126.66955732596,53.26158157894736,10927.098814035238,9.941887473004407,1978-09-01,212.08,,8.306188925081436,918.3824999999998,-47.91979949874686,0.0,11.001534878706222,1.08,0.7114216456199098,28.857835438009015,16.050431897641896,4.282089484018129,-1.4265335760581757,0.5290965734607027,1978-09-01
1978.1,100.6,5.03667,11.8233,67.1,1978.7916666665687,8.64,458.9631371087928,22.978587115126675,94553.32548453285,53.94094293219075,11112.647447328798,9.533608358208832,1978-10-01,227.0,,8.92857142857142,918.3824999999998,-50.02483854942871,-0.031761308950914446,11.206451122287685,1.120000000000001,0.7587997741730966,24.120022582690336,16.046843560278116,4.287018603245091,-1.5192924978536462,0.5577041137077274,1978-10-01
1978.11,94.71,5.05333,12.0767,67.4,1978.874999999902,8.81,430.16818286350133,22.95197744176557,89015.16858385272,54.85178010756675,11350.538342694692,8.92841890229315,1978-11-01,206.0,,8.8852988691438,918.3824999999998,-53.16023738872404,-0.05854870775347909,12.953828591669318,1.2300000000000004,0.8211421970365289,17.885780296347107,16.043177789991056,4.292551492135232,-1.657466171514423,0.5993259559064052,1978-11-01
1978.12,96.11,5.07,12.33,67.7,1978.9583333332353,9.01,434.5925262186114,22.925648818316095,90326.03853339746,55.75409268833086,11587.972688760698,9.011941819133828,1978-12-01,208.0,,9.017713365539448,918.3824999999998,-52.67848350566224,0.014781966001478297,13.005346634420292,1.3199999999999994,0.8197707898233977,18.02292101766023,16.039989703547256,4.297356883409926,-1.6354350069330792,0.5998121939665003,1978-12-01
1979.01,99.71,5.11333,12.6533,68.3,1979.0416666665685,9.1,446.9102931918008,22.918461633601755,93283.12171083073,56.71336889824304,11837.722635078273,9.25763691913997,1979-01-01,227.0,,9.28,918.3824999999998,-51.33723767691557,0.03745708042867535,12.61330029114927,1.1399999999999997,0.8055179904900878,19.44820095099122,16.03723790121698,4.301391204133265,-1.576141452923975,0.5813674850561085,1979-01-01
1979.02,98.23,5.15667,12.9767,69.1,1979.1249999999018,9.1,435.1795126628075,22.845130179811864,91231.93809100353,57.489504041244565,12052.219189916781,9.003740371045632,1979-02-01,246.0,,9.856915739268679,918.3824999999998,-52.614568258562464,-0.014843044830006868,12.62887546055292,1.0700000000000003,0.8298805393352134,17.011946066478657,16.034824632412747,4.305101627186671,-1.6331982076720075,0.593656030060137,1979-02-01
1979.03,100.1,5.2,13.3,69.8,1979.208333333235,9.12,439.0166583094555,22.806060171919768,92434.79110834087,58.3308846704871,12281.5456717376,9.070785029660762,1979-03-01,242.0,,10.094637223974768,918.3824999999998,-52.196752626552055,0.019036954087345848,12.608523572194244,1.08,0.8301354457740496,16.986455422595036,16.032517556130582,4.308618787703249,-1.6157689666903297,0.5920311691536776,1979-03-01
1979.04,102.1,5.24667,13.5267,70.6,1979.2916666665683,9.18,442.71413243626057,22.74999958109065,93612.45986798819,58.65290161827195,12402.22978350946,9.133063566217412,1979-04-01,239.11,,10.485133020344284,918.3824999999998,-51.79414542020774,0.01998001998001997,12.141096912220725,1.0299999999999994,0.8270797267696167,17.29202732303833,16.030710399738005,4.311382592784768,-1.599868878504083,0.5870736314704045,1979-04-01
1979.05,99.73,5.29333,13.7533,71.5,1979.3749999999015,9.25,426.99434370629365,22.66341090314685,90687.8413392732,58.88480203846152,12506.337995502116,8.794383289814954,1979-05-01,258.0,,10.852713178294572,918.3824999999998,-53.50582750582751,-0.023212536728697275,11.5845630240756,0.9000000000000004,0.8419141611406895,15.80858388593105,16.02821620030306,4.315317607104636,-1.6763152956756868,0.5959490939283789,1979-05-01
1979.06,101.7,5.34,13.98,72.3,1979.4583333332348,8.91,430.6108817427385,22.610246887966802,91856.12122057416,59.193118257261396,12626.829642710192,8.85393776469395,1979-06-01,279.0,,10.889570552147232,918.3824999999998,-53.11203319502075,0.01975333400180479,11.712846534088442,0.4499999999999993,0.8407781884693271,15.922181153067294,16.02762236369549,4.316292717682692,-1.6620014137625285,0.5767075319393682,1979-06-01
1979.07,102.7,5.39667,14.1967,73.1,1979.541666666568,8.95,430.08610465116277,22.600124424418603,92145.9249959723,59.45280819767441,12737.760987247515,8.827498045542361,1979-07-01,295.0,,11.263318112633169,918.3824999999998,-53.169174646602826,0.009832841691248762,11.685451124105601,0.3099999999999987,0.8474749587155408,15.25250412844592,16.02546253022932,4.319708657579237,-1.6663078589935958,0.5740871087834534,1979-07-01
1979.08,107.4,5.45333,14.4133,73.8,1979.6249999999013,9.03,445.50262195121945,22.620789696138207,95852.78825462307,59.7873644410569,12863.640530264047,9.127165797215032,1979-08-01,301.0,,11.818181818181817,918.3824999999998,-51.490514905149055,0.04576436222005853,10.464697827070228,0.6199999999999992,0.8256243995705386,17.437560042946142,16.023450911226917,4.322759395107527,-1.5953432712024314,0.5696711143754337,1979-08-01
1979.09,108.6,5.51,14.63,74.6,1979.7083333332346,9.33,445.6494168900803,22.610757707774795,96289.77644616758,60.03546012064343,12971.633788282063,9.112758990740955,1979-09-01,355.0,,12.180451127819536,918.3824999999998,-51.474530831099194,0.011173184357541777,10.487203657668857,0.9100000000000001,0.8326346641790162,16.736533582098378,16.021308440751927,4.326000636682425,-1.5969829942764602,0.5829197866181516,1979-09-01
1979.1,104.5,5.55667,14.7067,75.2,1979.7916666665678,10.3,425.40324135638286,22.620339034906912,92322.55310881863,59.868687556515944,12992.919538808257,8.68184330689931,1979-10-01,392.0,,12.071535022354718,918.3824999999998,-53.6790780141844,-0.03775322283609572,10.72525283606041,1.6600000000000001,0.8532933637729119,14.670663622708812,16.017175086480055,4.33231335514404,-1.693167409248231,0.6292980673914411,1979-10-01
1979.11,103.7,5.60333,14.7833,75.9,1979.874999999901,10.65,418.25325098814216,22.599913103754933,91179.56254109023,59.62548973320157,12998.407202639339,8.518784302983555,1979-11-01,392.0,,12.611275964391687,918.3824999999998,-54.45761967501098,-0.007655502392344471,8.479499788645475,1.8399999999999999,0.8402328239639354,15.97671760360646,16.012460984511538,4.339560752942779,-1.726828383828089,0.6353695867624323,1979-11-01
1979.12,107.8,5.65,14.86,76.7,1979.9583333332343,10.39,430.2548174706649,22.550461212516293,94205.58248889021,59.30970860495435,12986.038550880412,8.745204404669291,1979-12-01,455.0,,13.293943870014768,918.3824999999998,-53.15080399826162,0.039537126325940086,9.042618132683131,1.3800000000000008,0.8481513240204702,15.184867597952978,16.007505077568585,4.346852728674811,-1.6707031791052398,0.6143569833984727,1979-12-01
1980.01,110.9,5.7,15.0033,77.8,1980.0416666665676,10.8,436.36940552699224,22.428364395886884,95953.61968297968,59.03499641066837,12981.252860141109,8.850934180729109,1980-01-01,675.0,,13.90922401171304,918.3824999999998,-52.485004284490145,0.0287569573283859,8.79199838481477,1.700000000000001,0.8497655387209182,15.02344612790818,16.002241746682422,4.354382249866095,-1.6423242507414753,0.6235929599747722,1980-01-01
1980.02,115.3,5.75,15.1467,78.9,1980.1249999999009,12.41,447.3574239543725,22.309672053231935,98778.59154074699,58.76833211977184,12976.31996955969,9.054476092192516,1980-02-01,665.0,,14.1823444283647,918.3824999999998,-51.28855090832277,0.039675383228133354,8.855829687932639,3.3100000000000005,0.8449852572341248,15.501474276587523,15.997083168975369,4.361524082506366,-1.5917846480841296,0.6763125945735575,1980-02-01
1980.03,104.7,5.8,15.29,80.1,1980.2083333332341,12.75,400.1441853932584,22.166535580524343,88761.5625682506,58.435573970037446,12962.409662545862,8.081150900785497,1980-03-01,554.0,,14.756446991404015,918.3824999999998,-56.4294631710362,-0.09193408499566347,13.738570445096421,3.630000000000001,0.931076709955233,6.892329004476705,15.989222625580396,4.373250321887153,-1.8082824313112709,0.7441491643395126,1980-03-01
1980.04,103.0,5.84667,15.1733,81.0,1980.2916666665674,11.47,389.2732407407407,22.09662309166666,86758.59006371556,57.3452394537037,12780.719559357041,7.844024504719218,1980-04-01,517.0,,14.730878186968855,918.3824999999998,-57.61316872427984,-0.01623686723973261,13.770527715583253,2.290000000000001,0.9359589765787688,6.404102342123119,15.979961522535291,4.386975855191901,-1.8545661718624114,0.7015264854239683,1980-04-01
1980.05,107.7,5.89333,15.0567,81.8,1980.3749999999006,10.18,403.05540036674813,22.055139114608796,90239.88972624466,56.34804314486552,12615.737675405273,8.104225807176494,1980-05-01,514.0,,14.40559440559439,918.3824999999998,-56.11246943765281,0.04563106796116512,14.140014375479346,0.9299999999999997,0.9292732293429689,7.072677065703115,15.9706356411536,4.400156624337846,-1.7877567790353088,0.6406829774583032,1980-05-01
1980.06,114.6,5.94,14.94,82.7,1980.458333333234,9.78,424.21053808947994,21.98787605804111,95386.5418223452,55.30283978234582,12435.2088553738,8.512077962306742,1980-06-01,601.0,,14.384508990318135,918.3824999999998,-53.808948004836765,0.06406685236768794,15.221770834160091,0.8699999999999992,0.9260387529287883,7.3961247071211655,15.96218550731544,4.411567990757761,-1.688766343535151,0.6257833035492598,1980-06-01
1980.07,119.8,5.98333,14.84,82.7,1980.5416666665672,10.25,443.45918379685605,22.148269100060453,100129.74235099286,54.932673518742426,12403.383777034507,8.880865527295843,1980-07-01,643.0,,13.132694938440515,918.3824999999998,-51.7130189439742,0.04537521815008727,15.604602168726911,1.3000000000000007,0.9054258159468239,9.457418405317608,15.957577506949784,4.418109173399947,-1.6017512700366505,0.6242141303012594,1980-07-01
1980.08,123.5,6.02667,14.74,83.3,1980.6249999999004,11.1,453.8624999999999,22.148012249999997,102895.47062057239,54.169499999999985,12280.803538034308,9.07100598161838,1980-08-01,627.0,,12.872628726287271,918.3824999999998,-50.58023209283714,0.03088480801335569,15.341519201606173,2.0700000000000003,0.8930726107708739,10.692738922912614,15.952106380036886,4.42542847498656,-1.5549003757064233,0.6431015742339916,1980-08-01
1980.09,126.5,6.07,14.64,84.0,1980.7083333332337,11.51,461.0134374999999,22.121356249999998,104934.59339369542,53.353649999999995,12144.209069436372,9.196040131743239,1980-09-01,674.0,,12.600536193029498,918.3824999999998,-49.801587301587304,0.02429149797570851,15.383987732272935,2.1799999999999997,0.8847881964298034,11.521180357019656,15.946158182896516,4.433080842700139,-1.5226697393232869,0.6404338052583677,1980-09-01
1980.1,130.2,6.1,14.7,84.8,1980.791666666567,11.75,470.02123231132066,22.020964033018863,107402.61840611519,53.06691332547169,12126.10207810978,9.357841046757112,1980-10-01,661.0,,12.765957446808507,918.3824999999998,-48.820754716981135,0.02924901185770734,14.36360552646098,1.4499999999999993,0.8691205529076191,13.087944709238087,15.939756507917771,4.440941087494667,-1.4820992513714724,0.6026709671025723,1980-10-01
1980.11,135.7,6.13,14.76,85.5,1980.8749999999002,12.68,485.86551754385954,21.94808859649122,111441.0698042288,52.84727368421051,12121.372073031813,9.654043663233388,1980-11-01,625.0,,12.648221343873512,918.3824999999998,-47.09551656920078,0.04224270353302617,14.207799815460644,2.0299999999999994,0.8515627143318405,14.843728566815951,15.934511703124763,4.447259609840218,-1.4122107974076692,0.6096495328621481,1980-11-01
1980.12,133.5,6.16,14.82,86.3,1980.9583333332334,12.84,473.55760428736954,21.851047508690613,109035.70939974999,52.57021494785631,12104.188863702584,9.389902084921742,1980-12-01,538.0,,12.516297262059961,918.3824999999998,-48.43568945538818,-0.016212232866617438,14.607808641093904,2.4499999999999993,0.865141437694228,13.485856230577198,15.929187359502627,4.453957936624053,-1.468196459784584,0.6368529504699205,1980-12-01
1981.01,133.0,6.2,14.74,87.0,1981.0416666665667,12.57,467.98801724137917,21.815982758620684,108171.91351115785,51.8657396551724,11988.375978605012,9.259404530877953,1981-01-01,557.39,,11.825192802056561,918.3824999999998,-49.04214559386973,-0.0037453183520599342,14.72760730507423,1.7699999999999996,0.8604376231849721,13.956237681502792,15.921864150312187,4.462766821678043,-1.4928988866438433,0.6127388960840888,1981-01-01
1981.02,128.4,6.24,14.66,87.9,1981.1249999999,13.19,447.1760068259385,21.731918088737196,103779.97115807325,51.05607679180886,11849.021629107117,8.829899353831305,1981-02-01,500.0,,11.406844106463886,918.3824999999998,-51.30830489192264,-0.0345864661654135,15.29262276744419,0.7799999999999994,0.8776893379817429,12.231066201825714,15.912665239154265,4.473979767326351,-1.5831019033766482,0.5929827927532232,1981-02-01
1981.03,133.2,6.28,14.58,88.5,1981.2083333332332,13.12,460.74783050847446,21.72294576271186,107349.81987467558,50.43320847457626,11750.453256552328,9.081096883854622,1981-03-01,499.0,,10.486891385767795,918.3824999999998,-49.83050847457628,0.03738317757009324,10.66391610674274,0.3699999999999992,0.7835843235349284,21.641567646507166,15.904997101366964,4.483332640396143,-1.5220597633169126,0.5372820556101062,1981-03-01
1981.04,134.4,6.31667,14.7233,89.1,1981.2916666665665,13.68,461.76808080808075,21.702653147306396,108008.90421097117,50.585937382154874,11832.198656022261,9.08556123078874,1981-04-01,496.0,,9.999999999999986,918.3824999999998,-49.71941638608305,0.009009009009009139,9.987477778362294,2.209999999999999,0.7589092653398407,24.10907346601593,15.897037279238367,4.492905600422873,-1.5160514496027984,0.5970903247993594,1981-04-01
1981.05,131.7,6.35333,14.8667,89.8,1981.3749999998997,14.1,448.96427338530054,21.6584524451559,105436.22083184944,50.680464412583504,11901.964041312498,8.818483466548065,1981-05-01,480.0,,9.7799511002445,918.3824999999998,-51.11358574610245,-0.02008928571428581,10.49774495718315,3.92,0.7792567567910814,22.074324320891858,15.888577857183584,4.503375345303742,-1.5699545004633981,0.6753077936073908,1981-05-01
1981.06,132.3,6.39,15.01,90.6,1981.458333333233,13.47,447.02724337748344,21.59111175496688,105403.86631663948,50.71714983443708,11958.518771071493,8.765340744304927,1981-06-01,461.0,,9.552599758162028,918.3824999999998,-51.324503311258276,0.004555808656036664,9.21543542026471,3.6900000000000013,0.7534052687992281,24.65947312007719,15.880660290203807,4.513403123639183,-1.576486600240077,0.6586893606360212,1981-06-01
1981.07,129.1,6.43333,15.0967,91.6,1981.5416666665662,14.28,431.45262281659376,21.500209929858073,102154.00893705968,50.45322084334061,11945.688820450112,8.44531946787551,1981-07-01,409.0,,10.761789600967342,918.3824999999998,-53.02037845705968,-0.024187452758881456,9.121977812835661,4.029999999999999,0.7992791237512161,20.07208762487839,15.871402316246634,4.525244313989977,-1.6410346785947194,0.6948495855982241,1981-07-01
1981.08,129.6,6.47667,15.1833,92.3,1981.6249999998995,14.94,429.83882990249174,21.480897025189595,102195.74676759283,50.35780791711808,11972.752175126485,8.399806316566439,1981-08-01,410.0,,10.80432172869148,918.3824999999998,-53.19609967497292,0.0038729666924863793,8.727815502419729,3.84,0.7957214080574947,20.42785919425053,15.860687919670028,4.538373248844002,-1.6439550460077292,0.6884829911949878,1981-08-01
1981.09,118.3,6.52,15.27,93.2,1981.7083333332328,15.32,388.571708690987,21.415786480686688,92808.64522132321,50.156297478540765,11979.611263986522,7.581163051923156,1981-09-01,444.0,,10.952380952380958,918.3824999999998,-57.689556509299,-0.08719135802469136,12.32354775049845,3.8100000000000005,0.884794983656168,11.520501634383196,15.84717739159995,4.555776330482606,-1.8144030215814284,0.7410010268261538,1981-09-01
1981.1,119.8,6.55667,15.3,93.4,1981.791666666566,15.15,392.6560438972162,21.4901177240364,94211.90575442958,50.14722430406851,12032.071436083243,7.649141713319213,1981-10-01,438.0,,10.14150943396228,918.3824999999998,-57.24482512491078,0.012679628064243387,11.92656016553708,3.4000000000000004,0.8654343050270111,13.456569497298887,15.834232068847731,4.572447511759446,-1.7900895164959376,0.7166261323840077,1981-10-01
1981.11,122.9,6.59333,15.33,93.7,1981.8749999998993,13.39,401.52689167556025,21.54108462726787,96771.0370264485,50.08468062966915,12070.789240158303,7.810752565716109,1981-11-01,413.0,,9.590643274853793,918.3824999999998,-56.278904304517965,0.025876460767946696,11.29459008876533,0.7100000000000009,0.8402565806217287,15.97434193782713,15.82300629648091,4.587188499797824,-1.7466589243319592,0.6021093247401949,1981-11-01
1981.12,123.8,6.63,15.36,94.0,1981.9583333332325,13.72,403.17643085106374,21.59175877659574,97602.23670668121,50.02253617021275,12109.615151975957,7.8325621371418945,1981-12-01,410.0,,8.92236384704519,918.3824999999998,-56.09929078014184,0.007323026851098424,11.346625314185147,0.8800000000000008,0.826964324127105,17.303567587289503,15.811021545283786,4.602430053963909,-1.7335319200061128,0.602933967345196,1981-12-01
1982.01,117.3,6.66,15.1767,94.3,1982.0416666665658,14.59,380.79274390243893,21.620457582184514,92619.68480138457,49.26834813626723,11983.47118776789,7.388659973375994,1982-01-01,384.0,,8.390804597701141,918.3824999999998,-58.53658536585367,-0.05250403877221321,12.262893324208516,2.0199999999999996,0.8516374923868357,14.836250761316428,15.79674821257602,4.620574832336571,-1.8197061067720344,0.6665060491646608,1982-01-01
1982.02,114.5,6.69,14.9933,94.6,1982.124999999899,14.43,370.5242996828752,21.648974365750526,90560.90965996095,48.518619933932335,11858.575430608666,7.181823450546731,1982-02-01,374.0,,7.622298065984068,918.3824999999998,-59.654686398872435,-0.023870417732310245,12.07214705483621,1.2400000000000002,0.8456000536048367,15.43999463951633,15.782352946187368,4.6393334445468835,-1.8538287015669848,0.6407334507560549,1982-02-01
1982.03,110.8,6.72,14.81,94.5,1982.2083333332323,13.86,358.9304444444444,21.769066666666664,88170.60884127127,47.97617222222221,11785.259178151871,6.950673793536031,1982-03-01,330.0,,6.779661016949157,918.3824999999998,-60.91710758377425,-0.03231441048034933,11.13055335850937,0.7400000000000002,0.8200977862155177,17.990221378448233,15.767320542593326,4.659170915105535,-1.8923209535998722,0.6147842251754312,1982-03-01
1982.04,116.3,6.75,14.5967,94.9,1982.2916666665656,13.87,375.1594125395152,21.774084562697574,92602.95559118706,47.08589335353002,11622.506980893208,7.259072625426146,1982-04-01,350.0,,6.509539842873191,918.3824999999998,-59.14998243765367,0.04963898916967513,12.706181929692715,0.1899999999999995,0.8294718802674304,17.052811973256965,15.75347705354377,4.677042006138909,-1.816191605071793,0.5931900702818689,1982-04-01
1982.05,116.4,6.78,14.3833,95.8,1982.3749999998988,13.62,371.9544989561586,21.665390918580375,92257.5170127856,45.961624955636736,11400.064814862535,7.192612484464621,1982-05-01,334.0,,6.681514476614692,918.3824999999998,-59.49895615866389,0.0008598452278589797,12.721698857625821,-0.4800000000000004,0.8361197080186468,16.388029198135325,15.739566313884099,4.695051657541341,-1.8204174209012356,0.6081366785998458,1982-05-01
1982.06,109.7,6.81,14.17,97.0,1982.458333333232,14.3,346.2081108247422,21.492044072164944,86315.75721299312,44.719862628865975,11149.446487767664,6.692133988197588,1982-06-01,315.0,,7.064017660044164,918.3824999999998,-62.302405498281786,-0.05756013745704469,13.46231357311258,0.8300000000000001,0.856694219448121,14.330578055187903,15.723578126124123,4.71604531147699,-1.9150460908311397,0.6309679768068422,1982-06-01
1982.07,109.4,6.82333,13.9667,97.5,1982.5416666665653,13.95,343.4907538461538,21.423681585384614,86083.38074775421,43.85221491538461,10989.952046523389,6.638653100208757,1982-07-01,339.0,,6.4410480349345045,918.3824999999998,-62.598290598290596,-0.0027347310847766204,13.469725016198431,-0.33000000000000007,0.8462879870876239,15.371201291237613,15.706826848931307,4.737585747991833,-1.9140917402004525,0.6085757954806683,1982-07-01
1982.08,109.7,6.83667,13.7633,97.7,1982.6249999998986,13.06,343.7276023541453,21.421624313459564,86590.11697042754,43.1251240609007,10863.862870547722,6.643422752166089,1982-08-01,364.0,,5.850487540628402,918.3824999999998,-62.572500852951215,0.002742230347349217,13.454745153368567,-1.879999999999999,0.8355576812387973,16.444231876120273,15.690063083697522,4.758960656576515,-1.9009697672179064,0.6629451884335791,1982-08-01
1982.09,122.4,6.85,13.56,97.9,1982.7083333332318,12.34,382.73754851889674,21.419544177732373,96866.96365621295,42.40131664964249,10731.340091325554,7.398838200323304,1982-09-01,437.0,,5.04291845493563,918.3824999999998,-58.32482124616957,0.11577028258887889,16.273154328016833,-2.9800000000000004,0.8439643801504724,15.603561984952762,15.676074639752793,4.775927064890509,-1.7331161734605025,0.6987616392835132,1982-09-01
1982.1,132.7,6.85667,13.2533,98.2,1982.791666666565,10.91,413.67738543788175,21.374900666242358,105148.33439653368,41.31567816446027,10501.60075552057,7.999840994534585,1982-10-01,422.0,,5.139186295503206,918.3824999999998,-54.95587236931433,0.08415032679738554,18.15772134259668,-4.24,0.8408708304569225,15.912916954307754,15.664598688185704,4.789413225869024,-1.6003542254929095,0.7190841525064945,1982-10-01
1982.11,138.1,6.86333,12.9467,98.0,1982.8749999998984,10.55,431.38987499999985,21.439327087499997,110104.60702700845,40.44225412499999,10322.16738447915,8.347476938155424,1982-11-01,415.0,,4.589114194236932,918.3824999999998,-53.02721088435375,0.040693293142426645,18.360320397043935,-2.84,0.8150345304713597,18.496546952864033,15.653137596998592,4.801991130893044,-1.5213815393874972,0.6568981400867446,1982-11-01
1982.12,139.4,6.87,12.64,97.6,1982.9583333332316,10.54,437.2353842213114,21.548113985655736,112054.88394120873,39.64602049180328,10160.500236849917,8.467738401400473,1982-12-01,445.0,,3.8297872340425476,918.3824999999998,-52.39071038251366,0.009413468501086264,18.35692296653945,-3.1800000000000015,0.7923327856498482,20.766721435015178,15.640731413929812,4.814788125861483,-1.4897837298387695,0.6585200268900153,1982-12-01
1983.01,144.3,6.88333,12.5667,97.8,1983.0416666665649,10.46,451.67891871165637,21.545773052914107,116216.62626945786,39.335505667177905,10120.994298963244,8.75678322413474,1983-01-01,481.0,,3.711558854718988,918.3824999999998,-50.81799591002045,0.035150645624103305,17.087909036098644,-4.129999999999999,0.7486700619519994,25.132993804800062,15.628914774419089,4.826466640174213,-1.4238431678119496,0.666124501233302,1983-01-01
1983.02,146.8,6.89667,12.4933,97.9,1983.1249999998981,10.72,459.0349029622062,21.565478502808986,118571.71353324823,39.06580894535239,10090.953601395982,8.910493436624117,1983-02-01,491.0,,3.488372093023262,918.3824999999998,-50.01702417432755,0.017325017325017233,16.458702270079435,-3.709999999999999,0.7202001804303118,27.979981956968825,15.617945737074468,4.8372537231378026,-1.3866240400760699,0.6412801840222468,1983-02-01
1983.03,151.9,6.91,12.42,97.9,1983.2083333332314,10.51,474.98230081716025,21.607160623084777,123156.13644920503,38.836604187946875,10069.777581956067,9.232829705190523,1983-03-01,420.0,,3.5978835978836,918.3824999999998,-48.280558392917946,0.03474114441416898,15.378400738647002,-3.3499999999999996,0.676177870133125,32.3822129866875,15.607940210310852,4.846742391702291,-1.315339250552006,0.6036900465111834,1983-03-01
1983.04,157.7,6.92,12.4767,98.6,1983.2916666665647,10.4,489.6177155172413,21.484810344827586,127415.11616104135,38.73692676724137,10080.660620205863,9.53158128416041,1983-04-01,433.0,,3.898840885142252,918.3824999999998,-46.68695064232589,0.03818301514154032,15.240667975426131,-3.469999999999999,0.6584457535624902,34.155424643750976,15.600628209839055,4.853932968026314,-1.2503359575949018,0.594015766958501,1983-04-01
1983.05,164.1,6.93,12.5333,99.2,1983.374999999898,10.38,506.4064793346773,21.385721522177413,132247.89535387311,38.677296328124996,10100.563966110289,9.874456504668396,1983-05-01,438.0,,3.549060542797511,918.3824999999998,-44.85887096774194,0.0405833861762841,15.0260543855349,-3.2399999999999984,0.614532494313546,38.54675056864541,15.59432955904128,4.859901095041388,-1.17695256395422,0.5608807278484507,1983-05-01
1983.06,166.4,6.94,12.59,99.5,1983.4583333332312,10.85,511.9559396984924,21.352008542713566,134161.8077456543,38.73512788944723,10150.824275948244,10.00011790313002,1983-06-01,413.0,,2.577319587628857,918.3824999999998,-44.25460636515913,0.014015843997562616,11.852224795899076,-3.450000000000001,0.4947932337934565,50.52067662065435,15.58981764242367,4.864348981491782,-1.1491156906220614,0.5238256636535055,1983-06-01
1983.07,167.0,6.96,12.8267,99.9,1983.5416666665644,11.38,511.7446696696695,21.327801801801794,134572.2017889684,39.305361403903895,10336.031501117133,10.014475995571022,1983-07-01,403.0,,2.4615384615384706,918.3824999999998,-44.27761094427762,0.0036057692307691624,11.642225938860106,-2.5699999999999985,0.4860707181096054,51.392928189039466,15.584996182285504,4.869023309734388,-1.1440734275347642,0.4878878060597499,1983-07-01
1983.08,162.4,6.98,13.0633,100.2,1983.6249999998977,11.85,496.15874251496996,21.325049401197603,130940.92612878725,39.910532642215564,10532.76231710706,9.728056935665206,1983-08-01,416.0,,2.5588536335721557,918.3824999999998,-45.97471723220226,-0.02754491017964067,12.920236078850737,-1.2100000000000009,0.5493847739247898,45.06152260752102,15.579476684324204,4.874545554993981,-1.2004031314599588,0.4675332570346878,1983-08-01
1983.09,167.2,7.0,13.3,100.7,1983.708333333231,11.65,508.2871698113206,21.279965243296914,134609.72983299763,40.43193396226415,10707.592145806631,9.984202458028776,1983-09-01,412.0,,2.860061287027582,918.3824999999998,-44.65408805031447,0.029556650246305383,9.335344677446455,-0.6899999999999995,0.4481409603960075,55.18590396039925,15.57626794293744,4.877855548056905,-1.146418837092514,0.40599477639017495,1983-09-01
1983.1,167.7,7.03,13.5433,101.0,1983.7916666665642,11.54,508.29288861386124,21.30768638613861,135081.48736107178,41.049272977722765,10909.058484062038,10.003391799449624,1983-10-01,394.0,,2.851323828920571,918.3824999999998,-44.65346534653466,0.0029904306220096544,7.156078416966293,0.629999999999999,0.3947669599572675,60.52330400427325,15.572410879143076,4.88172088906322,-1.1407901447561297,0.38506076271771683,1983-10-01
1983.11,165.2,7.06,13.7867,101.2,1983.8749999998975,11.69,499.72591897233184,21.356325592885373,133277.73339082836,41.70442691946639,11122.6399935795,9.853581649364278,1983-11-01,382.0,,3.2653061224489743,918.3824999999998,-45.58629776021081,-0.01490757304710788,7.542596030223339,1.1399999999999988,0.43259295020812255,56.740704979187754,15.56743729964546,4.886643904681805,-1.1692801361701106,0.4220890213738969,1983-11-01
1983.12,164.4,7.09,14.03,101.3,1983.9583333332307,11.83,496.8150148075024,21.425903010858832,132977.58407347204,42.39850765054293,11348.391146902753,9.81501090360867,1983-12-01,388.0,,3.7909836065573854,918.3824999999998,-45.90325765054294,-0.004842615012106477,7.793679844216402,1.290000000000001,0.46133973107377396,53.86602689262261,15.562049971088742,4.891925502399504,-1.1748010194883656,0.43936019412853566,1983-12-01
1984.01,166.4,7.12,14.44,101.9,1984.041666666564,11.67,499.8980961727183,21.3898704612365,134279.90344848268,43.3805799803729,11652.655082909192,9.894931809202534,1984-01-01,371.0,,4.192229038854811,918.3824999999998,-45.56754988550867,0.012165450121654597,7.446710539695839,1.209999999999999,0.46045068853819154,53.95493114618084,15.556195196795061,4.897455502232311,-1.1559601480834414,0.4343704904159103,1984-01-01
1984.02,157.3,7.15,14.85,102.4,1984.1249999998972,11.84,470.2524975585937,21.37511352539062,126795.13645325383,44.394466552734364,11970.170224607878,9.32452964572798,1984-02-01,386.0,,4.596527068437184,918.3824999999998,-48.795572916666664,-0.0546875,9.959417914440175,1.1199999999999992,0.5894882563304462,41.05117436695538,15.548165966684769,4.905311624110283,-1.2687545252714951,0.49229875429898945,1984-02-01
1984.03,157.4,7.18,15.26,102.6,1984.2083333332305,12.32,469.63419590643275,21.422957602339178,127109.78215483238,45.531244152046774,12323.34990903902,9.326747066508243,1984-03-01,394.0,,4.80081716036771,918.3824999999998,-48.862897985705,0.0006357279084552303,9.463100629056042,1.8100000000000005,0.5851486247000237,41.48513752999763,15.539573304938429,4.9135088058639695,-1.2644377946398633,0.5169915085735333,1984-03-01
1984.04,157.6,7.22333,15.5733,103.1,1984.2916666665637,12.63,467.95047526673125,21.447720218962168,127137.81934517164,46.240692490300674,12563.16879446803,9.305643404594822,1984-04-01,381.0,,4.563894523326573,918.3824999999998,-49.04623343032654,0.0012706480304955914,8.66558739242329,2.2300000000000004,0.5609028189060405,43.909718109395946,15.52956712499547,4.922542699493672,-1.2643717079469592,0.5251721537687469,1984-04-01
1984.05,156.6,7.26667,15.8867,103.4,1984.374999999897,13.41,463.6321711798838,21.513805806818176,126451.66788506201,47.034388338974836,12828.222938631,9.231831816896046,1984-05-01,377.0,,4.233870967741948,918.3824999999998,-49.51644100580271,-0.006345177664974666,7.470245998536948,3.0299999999999994,0.528129465282295,47.187053471770504,15.518233207158998,4.932350140229584,-1.2745245595987518,0.5460525178778167,1984-05-01
1984.06,153.1,7.31,16.2,103.7,1984.4583333332303,13.56,451.95872950819665,21.579479508196712,123758.3055985162,47.82319672131146,13095.26159827539,9.010185512291006,1984-06-01,378.0,,4.2211055276381915,918.3824999999998,-50.7875281260045,-0.022349936143039595,7.415765582615222,2.710000000000001,0.5474135703032265,45.258642969677354,15.506156261627421,4.942965809153833,-1.3141848437038723,0.5471573902361518,1984-06-01
1984.07,151.1,7.33333,16.32,104.1,1984.5416666665635,13.36,444.3406844380402,21.565167911383284,122164.37548329403,47.992322766570595,13194.722752398138,8.868302214043299,1984-07-01,348.0,,4.204204204204198,918.3824999999998,-51.6170349023375,-0.013063357282821708,7.349997552815286,1.9799999999999986,0.5588992645573939,44.11007354426061,15.492365407876857,4.954559045252746,-1.3369632157639664,0.5279499171067753,1984-07-01
1984.08,164.4,7.35667,16.44,104.5,1984.6249999998968,12.72,481.6015406698564,21.550995171531095,132902.41138116544,48.16015406698564,13290.241138116544,9.623063257373168,1984-08-01,348.0,,4.291417165668654,918.3824999999998,-47.55980861244019,0.08802117802779619,11.769966205034818,0.870000000000001,0.6034448390194725,39.65551609805274,15.480090271515893,4.963628012553107,-1.1799891126672255,0.4816297367190163,1984-08-01
1984.09,166.1,7.38,16.56,105.0,1984.70833333323,12.52,484.2645499999999,21.516389999999994,134132.09744823593,48.28067999999999,13372.832834092638,9.68734131362808,1984-09-01,340.0,,4.270109235352537,918.3824999999998,-47.26984126984127,0.010340632603406341,11.422660671348964,0.8699999999999992,0.5897511439604395,41.02488560395605,15.467120458100148,4.972664094710536,-1.1623103902433438,0.47538710673536017,1984-09-01
1984.1,164.8,7.43,16.5867,105.3,1984.7916666665633,12.16,479.105527065527,21.600449430199426,133201.72216474064,48.22075027777777,13406.413865472716,9.595070703048505,1984-10-01,341.0,,4.257425742574261,918.3824999999998,-47.83159227603672,-0.007826610475616946,11.442303506664496,0.620000000000001,0.5988462061950875,40.11537938049125,15.45316445467603,4.982091689560845,-1.175830176691087,0.4720041335484643,1984-10-01
1984.11,166.3,7.48,16.6133,105.3,1984.8749999998965,11.57,483.4663176638176,21.745809116809113,134917.93367402343,48.298081631054124,13478.24478356376,9.691973221783089,1984-11-01,342.0,,4.051383399209474,918.3824999999998,-47.356758467869575,0.00910194174757284,11.37486455152666,-0.11999999999999922,0.5829239468322781,41.70760531677219,15.438094070021444,4.991307503927348,-1.1512255744045208,0.44530717373064516,1984-11-01
1984.12,164.5,7.53,16.64,105.3,1984.9583333332298,11.5,478.23336894586885,21.8911688034188,133966.6932817637,48.3757037037037,13551.40289488479,9.59505480113346,1984-12-01,320.0,,3.948667324777877,918.3824999999998,-47.92655903767015,-0.010823812387252052,11.424198744297561,-0.33000000000000007,0.5900114683599302,40.998853164006974,15.420888494462572,5.000761062664632,-1.1649894126764866,0.4585118091143263,1984-12-01
1985.01,171.6,7.57333,16.5567,105.5,1985.041666666563,11.38,497.9287109004738,21.975398858530806,139996.90987027588,48.0422860592417,13507.499053899748,9.997001177730452,1985-01-01,303.0,,3.5328753680078373,918.3824999999998,-45.78199052132702,0.04316109422492387,12.164861015753207,-0.28999999999999915,0.5596320414512151,44.036795854878484,15.404239105892461,5.008829642799124,-1.0795411930081615,0.43565616711456034,1985-01-01
1985.02,180.9,7.61667,16.4733,106.0,1985.1249999998963,11.51,522.4383466981132,21.996907032311316,147403.388168441,47.5748126957547,13422.997425733434,10.49493517260708,1985-02-01,299.0,,3.515625,918.3824999999998,-43.11320754716981,0.054195804195804165,11.367103602056682,-0.33000000000000007,0.49491872410884136,50.50812758911587,15.387731347438628,5.015202923156192,-0.9755928623028456,0.4011625911739435,1985-02-01
1985.03,179.4,7.66,16.39,106.4,1985.2083333332296,11.86,516.1585855263156,22.03887828947368,146149.7647183072,47.15629440789473,13352.255539203208,10.37321721492473,1985-03-01,314.0,,3.70370370370372,918.3824999999998,-43.79699248120302,-0.008291873963515717,11.50040311598757,-0.46000000000000085,0.5159113683676014,48.40886316323986,15.371492275964702,5.021963018470987,-0.9952831278637675,0.41680394133467563,1985-03-01
1985.04,180.6,7.68667,16.13,106.9,1985.2916666665628,11.43,517.1807904583723,22.012170911365757,146958.59457923946,46.19117469597753,13125.371708544473,10.39711871981682,1985-04-01,327.0,,3.6857419980601547,918.3824999999998,-43.68568755846585,0.006688963210702337,11.460783832638871,-1.200000000000001,0.5124698687138255,48.753013128617454,15.354025198441796,5.028312309918639,-0.985799244976727,0.4427928918421682,1985-04-01
1985.05,184.9,7.71333,15.87,107.3,1985.374999999896,10.85,527.5207339235787,22.006173621388626,150417.81674739483,45.27719874184528,12910.388057226368,10.608120467860097,1985-05-01,316.0,,3.771760154738879,918.3824999999998,-42.55980118049082,0.023809523809523947,11.333060492239639,-2.5600000000000005,0.49338225694062443,50.661774305937556,15.337608705776802,5.034145409549133,-0.9394818490831568,0.4814827958316727,1985-05-01
1985.06,188.9,7.74,15.61,107.6,1985.4583333332293,10.16,537.4301556691449,22.02069563197026,153766.65004236216,44.41124790892193,12706.70940794745,10.810049845861215,1985-06-01,317.0,,3.760848601735778,918.3824999999998,-41.48079306071871,0.021633315305570555,10.606787258542886,-3.4000000000000004,0.45698445069511257,54.301554930488734,15.319386366561405,5.038638683855752,-0.8949513556406626,0.4948485230468829,1985-06-01
1985.07,192.5,7.77333,15.4833,107.8,1985.5416666665626,10.31,546.6562499999999,22.074490534090906,156932.69057559842,43.969053068181815,12622.524301242407,10.997563956793382,1985-07-01,317.0,,3.5542747358309423,918.3824999999998,-40.476190476190474,0.019057702488088912,10.04969386747147,-3.049999999999999,0.42001431778732523,57.998568221267476,15.298673955589624,5.041042290693675,-0.8532183923028318,0.46376096360651614,1985-07-01
1985.08,188.3,7.80667,15.3567,108.0,1985.6249999998959,10.33,533.7389652777778,22.12811454097222,153753.80280648803,43.52877943749999,12539.304426757273,10.738799808877284,1985-08-01,330.0,,3.349282296650724,918.3824999999998,-41.88271604938271,-0.021818181818181737,7.774425918218698,-2.3900000000000006,0.3813539471550724,61.864605284492754,15.277886381550264,5.044381217955656,-0.8998302024668435,0.4325124617511889,1985-08-01
1985.09,184.1,7.84,15.23,108.3,1985.7083333332291,10.37,520.3884833795013,22.161030470914124,150439.93170006142,43.05006301939058,12445.410971167494,10.47123466169755,1985-09-01,323.0,,3.142857142857136,918.3824999999998,-43.33641120344722,-0.02230483271375472,8.48514330577877,-2.1500000000000004,0.41499741611316665,58.500258388683335,15.254628809348697,5.047194531637591,-0.9477332640275999,0.4425561516568444,1985-09-01
1985.1,186.2,7.86,15.0233,108.7,1985.7916666665624,10.24,524.3876770929161,22.135806347746087,152129.3378971051,42.309524109935595,12274.353824004187,10.552516982943748,1985-10-01,326.0,,3.228869895536568,918.3824999999998,-42.90095062864153,0.011406844106463865,8.287663345146706,-1.92,0.40596909655377333,59.40309034462267,15.23457378488636,5.051504710306574,-0.9268637901870745,0.4285939369370283,1985-10-01
1985.11,197.5,7.88,14.8167,109.0,1985.8749999998956,9.78,554.6805619266054,22.13105229357798,161452.59609075982,41.61283788302752,12112.378129103601,11.164611128667467,1985-11-01,322.0,,3.5137701804368593,918.3824999999998,-39.60244648318043,0.06068743286788414,9.68192582761363,-1.790000000000001,0.39576523117644913,60.42347688235509,15.21326559555412,5.052451427213766,-0.8013247678304413,0.4036550633276594,1985-11-01
1985.12,207.3,7.9,14.61,109.3,1985.958333333229,9.26,580.6059537968893,22.126324336688015,169535.47869391151,40.91969602012808,11948.448353680882,11.690521474467593,1985-12-01,322.0,,3.7986704653371284,918.3824999999998,-36.77950594693503,0.04962025316455709,9.823652025204337,-2.24,0.3637375975328066,63.62624024671935,15.19312157455038,5.0519986170697875,-0.6933097899607765,0.3952056888711575,1985-12-01
1986.01,208.2,7.94,14.58,109.6,1986.0416666665622,9.19,581.5305246350364,22.177484945255475,170345.09854094562,40.72389552919708,11929.06597851579,11.715007584487983,1986-01-01,347.0,,3.8862559241706007,918.3824999999998,-36.67883211678832,0.004341534008682979,9.58148682925455,-2.1900000000000013,0.3592943021283636,64.07056978716363,15.174850525103347,5.052652063324132,-0.6847578058519902,0.3912721663288689,1986-01-01
1986.02,219.4,7.98,14.55,109.3,1986.1249999998954,8.7,614.4956404391581,22.35038838060384,180547.003527877,40.75164798719121,11973.376943165957,12.388219099418121,1986-02-01,339.0,22.93,3.113207547169816,918.3824999999998,-33.08935651113145,0.053794428434198016,9.564368087946455,-2.8100000000000005,0.2844463843042351,71.55536156957649,15.158523031448597,5.0521320019004605,-0.5483435371420167,0.37037801706213946,1986-02-01
1986.03,232.3,8.02,14.52,108.8,1986.2083333332287,7.78,653.6159765624999,22.5656484375,192593.5866565279,40.854515625,12038.135506899638,13.189022981532718,1986-03-01,346.0,15.46,2.2556390977443552,918.3824999999998,-28.829656862745097,0.05879671832269828,10.006025477482641,-4.079999999999999,0.21811786099049343,78.18821390095066,15.141350289454802,5.048278227821052,-0.3867313210200683,0.3704895356603982,1986-03-01
1986.04,238.0,8.04667,14.5833,108.6,1986.291666666562,7.3,670.8871546961325,22.682384626381214,198239.6516635497,41.108187575966845,12147.009714727077,13.552504172869476,1986-04-01,340.0,12.61,1.5902712815715425,918.3824999999998,-26.94904849600982,0.02453723633232885,9.863476384312364,-4.13,0.18167904890403266,81.83209510959674,15.125188929838941,5.044012279387453,-0.3117924124404497,0.3483329095964605,1986-04-01
1986.05,238.5,8.07333,14.6467,108.9,1986.3749999998952,7.71,670.4445247933883,22.694842328512394,198667.69881981768,41.17316486914599,12200.52907465083,13.560046199232337,1986-05-01,342.0,12.84,1.491146318732528,918.3824999999998,-26.997245179063363,0.0021008403361344463,10.095339683050632,-3.1399999999999997,0.18364718672467187,81.63528132753282,15.111343206526383,5.041440640595363,-0.30770906926930464,0.31701274124895196,1986-05-01
1986.06,245.3,8.1,14.71,109.5,1986.4583333332284,7.8,685.7815136986301,22.645047945205473,203771.57760943446,41.12452534246575,12219.64902827061,13.888688626457117,1986-06-01,343.0,15.38,1.7657992565055736,918.3824999999998,-25.327245053272442,0.028511530398322993,10.11735141882731,-2.3600000000000003,0.17302448751814878,82.69755124818512,15.0994835531361,5.039274595663975,-0.24027167079182515,0.2756947958977143,1986-06-01
1986.07,240.2,8.14333,14.7567,109.5,1986.5416666665617,7.3,671.5235205479449,22.766184973287668,200098.7139905313,41.25508382876712,12293.075323663921,13.619995534083808,1986-07-01,348.0,13.43,1.5769944341373021,918.3824999999998,-26.879756468797577,-0.020790868324500722,11.006397898711533,-3.0100000000000007,0.19827502850780315,80.17249714921968,15.084936880739395,5.03595563612064,-0.29089639633602477,0.31667004232171897,1986-07-01
1986.08,245.0,8.18667,14.8033,109.7,1986.624999999895,7.17,683.6940519598904,22.845622793299903,204292.5447495562,41.30991085460346,12343.689092616758,13.887667550866055,1986-08-01,377.0,11.59,1.5740740740740833,918.3824999999998,-25.55454269219083,0.019983347210657865,10.065774879983483,-3.16,0.17080825843498146,82.91917415650185,15.071650020852397,5.032777065902696,-0.23525430482662926,0.30605560391319764,1986-08-01
1986.09,238.3,8.23,14.85,110.2,1986.7083333332282,7.45,661.9798843012703,22.862335072595275,198373.48562422203,41.252208484573494,12361.9230445644,13.467314312977132,1986-09-01,418.0,15.1,1.7543859649122862,918.3824999999998,-27.918935269207502,-0.0273469387755102,10.320333725462824,-2.919999999999999,0.202170075330557,79.78299246694431,15.059513002843131,5.031358777391425,-0.3164550095335271,0.31985420271173237,1986-09-01
1986.1,237.4,8.24667,14.7267,110.3,1986.7916666665615,7.43,658.8818540344514,22.88787371192203,198016.66996516197,40.87260067316409,12283.622972097517,13.425918860857362,1986-10-01,424.0,14.87,1.4719411223550916,918.3824999999998,-28.256270776669684,-0.003776751993285754,10.600440005314308,-2.8100000000000005,0.2042491116634401,79.575088833656,15.048421241488192,5.030544149752052,-0.32253019401704314,0.3181435429655525,1986-10-01
1986.11,245.1,8.26333,14.6033,110.4,1986.8749999998947,7.25,679.6363247282608,22.913338356657604,204827.95647952272,40.49340326766304,12203.851884363177,13.872985596138603,1986-11-01,398.0,14.9,1.2844036697247763,918.3824999999998,-25.996376811594196,0.03243470935130577,9.78815979600218,-2.5299999999999994,0.16564135369162813,83.43586463083719,15.039400813320166,5.029729979150447,-0.23190414237278345,0.2828313578500408,1986-11-01
1986.12,248.6,8.28,14.48,110.5,1986.958333333228,7.11,688.7176153846152,22.93878461538461,208140.96986156303,40.115169230769226,12123.416104567308,14.085139814743314,1986-12-01,391.0,15.22,1.097895699908502,918.3824999999998,-25.00754147812972,0.01427988576091388,9.182323496765674,-2.1499999999999995,0.14576480955853788,85.42351904414622,15.03075530523456,5.028684890632471,-0.1880442921076157,0.2566803907361368,1986-12-01
1987.01,264.5,8.3,14.6867,111.2,1987.0416666665612,7.08,728.1539905575538,22.849444694244603,220634.69827661084,40.43167944469424,12251.023150015504,14.92220810371895,1987-01-01,408.0,16.11,1.4598540145985384,918.3824999999998,-20.713429256594726,0.06395816572807722,10.259071429947399,-2.1099999999999994,0.13027263171000888,86.9727368289991,15.025767605304521,5.027897361727787,-0.020596980036598187,0.2282875673814767,1987-01-01
1987.02,280.9,8.32,14.8933,111.6,1987.1249999998945,7.25,770.5305981182794,22.82240860215054,234051.3218015193,40.853482936827945,12409.386083967844,15.822318142836455,1987-02-01,401.0,18.65,2.1043000914912957,918.3824999999998,-16.099163679808846,0.062003780718336454,10.577275263649158,-1.4499999999999993,0.11022728920801624,88.97727107919837,15.025708119195098,5.027887783922435,0.15843830607927623,0.1840129233604683,1987-02-01
1987.03,292.5,8.34,15.1,112.1,1987.2083333332278,7.25,798.7715767172167,22.77523059768064,243206.1208314604,41.23572925958965,12555.256152324964,16.433343976069928,1987-03-01,409.0,17.75,3.0330882352941124,918.3824999999998,-13.024085637823363,0.04129583481666077,10.029706190864355,-0.5300000000000002,0.09758548165797738,90.24145183420225,15.027188471603985,5.028224483474313,0.27965249146838855,0.1377938462006348,1987-03-01
1987.04,289.3,8.4,14.8733,112.7,1987.291666666561,8.02,785.8268478260868,22.816956521739126,239843.70523392243,40.400409456521736,12330.685727810918,16.19653445322088,1987-04-01,438.0,18.3,3.7753222836095945,918.3824999999998,-14.43359952676723,-0.010940170940170857,10.463661108115376,0.7199999999999998,0.12046674698392486,87.9533253016075,15.0273907774179,5.028270188550999,0.23251409171787063,0.1568322985260679,1987-04-01
1987.05,289.1,8.46,14.6467,113.1,1987.3749999998943,8.61,782.5062798408487,22.898661803713527,239412.6403765611,39.64418792440318,12129.384710492483,16.160311952655743,1987-05-01,460.0,18.68,3.8567493112947604,918.3824999999998,-14.795166519304443,-0.0006913238852401804,10.510100529041857,0.8999999999999995,0.12472658710042761,87.52734128995723,15.02617466953885,5.027942176291758,0.22556689065850577,0.1664179307922389,1987-05-01
1987.06,301.4,8.52,14.42,113.5,1987.4583333332275,8.4,812.9235991189425,22.979791189427306,249304.90828711374,38.893026872246686,11927.59382050491,16.825207307878724,1987-06-01,450.0,19.44,3.65296803652968,918.3824999999998,-11.483113069016156,0.04254583189207861,10.774334739369353,0.6000000000000005,0.10248041359970017,89.75195864002998,15.0264393596372,5.028034625061327,0.3577477249810277,0.13963355843704436,1987-06-01
1987.07,310.1,8.56667,14.9,113.8,1987.5416666665608,8.45,834.183987258348,23.044756330623898,256413.91995823727,40.08172012302284,12320.436657135553,17.306004390512225,1987-07-01,451.0,20.07,3.926940639269394,918.3824999999998,-9.16813122437022,0.028865295288653003,9.949482295361088,1.1499999999999995,0.08546952303830724,91.45304769616928,15.027653587433123,5.0285335547033565,0.45308453812505306,0.14908562506026216,1987-07-01
1987.08,329.4,8.61333,15.38,114.4,1987.624999999894,8.76,881.454532342657,23.048751569711534,271534.4781140345,41.15595236013985,12678.203622932153,18.32690724585634,1987-08-01,461.0,21.34,4.284412032816776,918.3824999999998,-4.020979020979041,0.06223798774588829,10.728197150248398,1.5899999999999999,0.06992382350196764,93.00761764980324,15.034481266645356,5.03134693785624,0.654382617592621,0.14782874117009193,1987-08-01
1987.09,318.7,8.66,15.86,115.0,1987.7083333332273,9.42,848.3724717391302,23.052731739130433,261935.24700194248,42.218975217391296,13035.12085801948,17.67562044993822,1987-09-01,460.0,20.31,4.355716878402904,918.3824999999998,-7.623188405797107,-0.032483302975106265,11.012256847582465,1.9699999999999998,0.09031461564442884,90.96853843555711,15.041476672092509,5.033268483036813,0.5233465662965,0.17849082859096893,1987-09-01
1987.1,280.2,8.71,16.4067,115.3,1987.7916666665606,9.52,743.9455810928013,23.12550325238508,230288.41467818548,43.5606422745013,13484.200332264762,15.530055563627315,1987-10-01,465.0,19.53,4.533091568449676,918.3824999999998,-18.99392888117953,-0.12080326325698154,18.210991937269412,2.09,0.3082685098825596,69.17314901174404,15.045311683409578,5.033112887980191,0.09631094930840436,0.2876593528186871,1987-10-01
1987.11,245.0,8.76,16.9533,115.4,1987.8749999998938,8.86,649.9240684575389,23.238101386481798,201783.4941992341,44.972888611351806,13962.841274317856,13.590885143189084,1987-11-01,468.0,19.86,4.528985507246386,918.3824999999998,-29.231658001155402,-0.12562455389007843,22.84993886129783,1.6099999999999994,0.5836161214084221,41.63838785915779,15.044907913709272,5.033224026778226,-0.2888849697101423,0.4107989324987247,1987-11-01
1987.12,241.0,8.81,17.5,115.4,1987.958333333227,8.99,639.313063258232,23.370738951473133,199093.73394832658,46.42314774696706,14457.013875915834,13.389028514426965,1987-12-01,486.0,18.85,4.4343891402715,918.3824999999998,-30.387059503177365,-0.01632653061224487,22.876251057396324,1.88,0.5998117892221719,40.0188210777828,15.044118420532815,5.033462065007291,-0.3288173993824373,0.43236942374364695,1987-12-01
1988.01,250.5,8.85667,17.8633,115.7,1988.0416666665603,8.67,662.791173292999,23.433623555963692,207013.38320676982,47.26402221910111,14762.244184580803,13.898336683569138,1988-01-01,477.0,17.28,4.046762589928066,918.3824999999998,-27.830596369922212,0.03941908713692954,22.24489677338037,1.5899999999999999,0.529822338621332,47.0177661378668,15.044423712564098,5.033389024800058,-0.22769689037506632,0.3842158003670772,1988-01-01
1988.02,258.1,8.90333,18.2267,116.0,1988.1249999998936,8.21,681.1336875,23.496156504956893,213353.96376374055,48.10081124353448,15066.790745186245,14.298270962469523,1988-02-01,442.0,17.13,3.942652329749108,918.3824999999998,-25.833333333333325,0.030339321357285565,21.453899598119623,0.9600000000000009,0.47335006931295787,52.66499306870421,15.045849725264464,5.0331039089136835,-0.1485323522669521,0.3308391909262019,1988-02-01
1988.03,265.7,8.95,18.59,116.5,1988.2083333332268,8.37,698.1809163090127,23.517949570815446,219307.6131359392,48.84901480686694,15344.104359040684,14.668946811103458,1988-03-01,444.0,16.8,3.9250669045495234,918.3824999999998,-23.977110157367676,0.02944595118171245,21.20513812397313,1.1199999999999992,0.43593657871151437,56.406342128848564,15.047914605506715,5.032795506405004,-0.07529966077917583,0.3144633533358684,1988-03-01
1988.04,262.6,9.04333,19.6167,117.1,1988.29166666656,8.72,686.499415029889,23.641434710290344,216257.14312809406,51.2827611379163,16154.803882714707,14.433316420838946,1988-04-01,452.0,16.2,3.9041703637976877,918.3824999999998,-25.249074864787918,-0.01166729394053434,21.207047849357963,0.7000000000000011,0.4562453281985428,54.37546718014572,15.04935853510554,5.032543694304728,-0.12241167721281038,0.3121812391934296,1988-04-01
1988.05,256.1,9.13667,20.6433,117.5,1988.3749999998934,9.09,667.2276829787232,23.804135705744677,210811.15861186647,53.78282400638297,16992.729365764713,14.031891348027774,1988-05-01,451.0,17.86,3.89036251105217,918.3824999999998,-27.347517730496456,-0.024752475247524774,21.2749002176326,0.4800000000000004,0.49234381644653463,50.76561835534654,15.048547608382258,5.032684448554021,-0.20201073020713373,0.3270579244087694,1988-05-01
1988.06,270.7,9.23,21.67,118.0,1988.4583333332266,8.92,702.2772394067795,23.945396822033896,222515.5600767295,56.218499364406775,17812.752814417177,14.76646864787962,1988-06-01,451.0,17.42,3.96475770925111,918.3824999999998,-23.53107344632769,0.0570089808668488,21.696478137684977,0.5199999999999996,0.44201713758650824,55.798286241349174,15.048911255870932,5.032659253437561,-0.05612194145637606,0.2918613653869163,1988-06-01
1988.07,269.1,9.30667,22.0233,118.5,1988.5416666665599,9.06,695.1806772151898,24.042427176582272,220901.84173110183,56.89398962658226,18078.734786312056,14.608315717522101,1988-07-01,438.0,16.53,4.130052724077338,918.3824999999998,-24.303797468354425,-0.005910602142593202,21.34470814715406,0.6100000000000012,0.45150237312882174,54.84976268711783,15.047941418692103,5.032710567567881,-0.0873536626570711,0.30241981793685974,1988-07-01
1988.08,263.7,9.38333,22.3767,119.0,1988.6249999998931,9.26,678.3682499999998,24.138616424999995,216198.68924014168,57.56406074999999,18345.897647022673,14.244946310675651,1988-08-01,431.0,15.5,4.020979020979021,918.3824999999998,-26.13445378151262,-0.02006688963210712,19.843105401579592,0.5,0.44096119648610116,55.90388035138989,15.044331361524074,5.032819456408739,-0.15883443818563664,0.3037586876776985,1988-08-01
1988.09,268.0,9.46,22.73,119.8,1988.7083333332264,8.98,684.8261268781301,24.173340150250414,218898.85229697605,58.082454716193645,18565.563107127855,14.369428776140163,1988-09-01,413.0,15.52,4.17391304347825,918.3824999999998,-25.431274346132437,0.01630640879787637,20.021050012257,-0.4399999999999995,0.43881936799601995,56.118063200398005,15.039991099279762,5.03272561262844,-0.13324038995032447,0.2972431505292691,1988-09-01
1988.1,277.4,9.55,23.0733,120.2,1988.7916666665596,8.8,706.4872587354407,24.3221100249584,226470.5120175952,58.76349122920132,18837.13794136835,14.811450153277727,1988-10-01,407.0,14.54,4.249783174327848,918.3824999999998,-23.07265668330561,0.03507462686567164,16.62020260706955,-0.7199999999999989,0.32450060296630157,67.54993970336984,15.035134562732333,5.032098455515999,-0.04445151688346067,0.25593849445473354,1988-10-01
1988.11,271.0,9.64,23.4167,120.3,1988.874999999893,8.96,689.613902743142,24.530915211970072,221716.9134417115,59.58849400872817,19158.223051625555,14.445530680872888,1988-11-01,420.0,13.77,4.246100519930662,918.3824999999998,-24.909947353837623,-0.02307137707281892,9.985463587593522,0.10000000000000142,0.21846335538071604,78.1536644619284,15.028069693569796,5.031133119117341,-0.11578684143406395,0.20476191115243877,1988-11-01
1988.12,276.5,9.75,23.75,120.5,1988.9583333332262,9.11,702.4419398340248,24.76965248962655,226504.87815296647,60.336332987551856,19455.66313248808,14.702086748571997,1988-12-01,419.0,14.14,4.419410745233954,918.3824999999998,-23.513139695712308,0.02029520295202958,9.645265213713525,0.11999999999999922,0.20122171348775833,79.87782865122416,15.020691164078691,5.0296536512871475,-0.06334519980817364,0.19249329819927694,1988-12-01
1989.01,285.4,9.81333,24.16,121.1,1989.0416666665594,9.09,721.4598554913293,24.807020475433525,233303.864650916,61.07382658959537,19749.899684534448,15.088072442713283,1989-01-01,404.0,16.38,4.667242869490051,918.3824999999998,-21.442334159097165,0.032188065099457486,9.444967425942313,0.41999999999999993,0.18187205898720393,81.81279410127961,15.01265708935569,5.027222294955338,0.015001396185179715,0.18761698452001915,1989-01-01
1989.02,294.0,9.89667,24.56,121.6,1989.1249999998927,9.17,740.143791118421,24.91482603145559,240017.2363215794,61.829699013157885,20050.419469585002,15.467060462734754,1989-02-01,388.0,18.02,4.827586206896539,918.3824999999998,-19.407894736842103,0.030133146461107208,9.440446773639328,0.9599999999999991,0.1654232301871463,83.45767698128537,15.006290120464364,5.0251852157710575,0.09169221083121609,0.1970504183051261,1989-02-01
1989.03,292.7,10.01,24.96,122.3,1989.208333333226,9.36,732.6534689288633,25.055897587898603,238265.34364125825,62.47704333605886,20318.08328420159,15.298969108882357,1989-03-01,390.0,17.94,4.978540772532192,918.3824999999998,-20.223494140092672,-0.004421768707483009,9.335185424933519,0.9900000000000002,0.1744454757098464,82.55545242901536,14.998229279529356,5.022373217832352,0.059880024105974226,0.20329038880597455,1989-03-01
1989.04,302.3,10.0867,25.0467,123.1,1989.2916666665592,9.18,751.7655828594638,25.08380385255889,245160.56041566018,62.28662594841592,20312.48100748566,15.686742656144583,1989-04-01,384.0,19.48,5.123825789923142,918.3824999999998,-18.14243162740318,0.03279808677827134,9.350052283457005,0.4599999999999991,0.15811476719980846,84.18852328001915,14.990607028438694,5.0192305586948684,0.1386936940961928,0.17254857293002834,1989-04-01
1989.05,313.9,10.1933,25.1333,123.8,1989.3749999998925,8.86,776.1988873182551,25.205569028675278,253813.56836738036,62.148580741114685,20322.308244179294,16.186353538544548,1989-05-01,371.0,21.07,5.361702127659562,918.3824999999998,-15.481960150780832,0.038372477671187344,8.744794361030921,-0.23000000000000043,0.132561690547653,86.7438309452347,14.983644895380221,5.015818203517868,0.23978314092819417,0.148416935174129,1989-05-01
1989.06,323.7,10.37,25.22,124.1,1989.4583333332257,8.28,798.4969520547944,25.580517123287667,261801.99548413334,62.21221232876711,20397.424547759787,16.64190423580859,1989-06-01,368.0,20.12,5.1694915254237195,918.3824999999998,-13.053988718775178,0.031220133800573535,7.799427343732959,-0.6400000000000006,0.1033517140094762,89.66482859905238,14.978626319932282,5.013244875377994,0.33177671492675637,0.14756149115897632,1989-06-01
1989.07,331.9,10.4233,24.71,124.4,1989.541666666559,8.02,816.7501386655946,25.649990118569125,268487.45898487716,60.80715856109323,19988.92772376112,17.013407650499122,1989-07-01,375.0,20.05,4.978902953586495,918.3824999999998,-11.066452304394438,0.025332097621254324,7.4948317325833695,-1.040000000000001,0.0871532768380962,91.28467231619038,14.972856524584234,5.009693291113773,0.40732056981101644,0.15199061306937367,1989-07-01
1989.08,346.6,10.5467,24.2,124.6,1989.6249999998922,8.11,851.5553089887641,25.91199762640449,280638.67284629086,59.45654494382021,19594.50629798107,17.73425143657732,1989-08-01,365.0,19.78,4.705882352941182,918.3824999999998,-7.276618512573549,0.044290448930400794,6.659913271435198,-1.1500000000000004,0.06171945522545398,93.8280544774546,14.969454990683754,5.007394534534694,0.5521427214942793,0.13791941665806196,1989-08-01
1989.09,347.3,10.73,23.69,125.0,1989.7083333332255,8.19,850.5446459999998,26.277984599999996,281027.27994780673,58.01728379999999,19169.41048650602,17.71422067897908,1989-09-01,362.0,18.58,4.340567612687818,918.3824999999998,-7.386666666666668,0.00201961915753035,6.967598966911101,-0.7900000000000009,0.061108249898395875,93.88917501016041,14.9683186854677,5.006723224635284,0.5484429376883329,0.12450908331032745,1989-09-01
1989.1,347.4,10.7967,23.4267,125.6,1989.7916666665587,8.01,846.7252667197452,26.31502212778662,280489.8832947636,57.0983845879777,18914.658459935057,17.64085385279795,1989-10-01,367.0,19.59,4.492512479201327,918.3824999999998,-7.8025477707006266,0.00028793550244743393,7.123184569475301,-0.7900000000000009,0.06485727806227896,93.51427219377211,14.967260050499041,5.006116009984145,0.5340654904853825,0.12694215220765964,1989-10-01
1989.11,340.2,10.9233,23.1633,125.9,1989.874999999892,7.87,827.2007585385225,26.560147106830808,274755.3125135084,56.321867519857015,18707.347825820547,17.242369266947428,1989-11-01,394.0,20.1,4.655029093931851,918.3824999999998,-9.928514694201752,-0.020725388601036232,6.973894426796377,-1.0900000000000007,0.07446525503923285,92.55347449607672,14.964956106433421,5.00487395165908,0.45503906442220393,0.14691635036288722,1989-11-01
1989.12,348.6,11.06,22.87,126.1,1989.9583333332253,7.84,846.281098334655,26.849882236320376,281836.04470395984,55.520506938937345,18489.932135340106,17.650212904947328,1989-12-01,409.39,19.86,4.647302904564321,918.3824999999998,-7.850911974623302,0.024691358024691468,6.994455099730108,-1.2699999999999996,0.06552703009412486,93.44729699058752,14.962249117341887,5.003152221738468,0.5372540487427827,0.14563095698891237,1989-12-01
1990.01,339.97,11.14,22.49,127.4,1990.0416666665585,8.21,816.9086826923076,26.76813461538461,272797.0622298335,54.04087499999998,18046.31564417141,17.048843606878272,1990-01-01,410.0,21.1,5.202312138728327,918.3824999999998,-11.049188906331757,-0.02475616752725185,8.112416826597062,-0.879999999999999,0.09461843828253023,90.53815617174698,14.958667335709949,5.001189742314427,0.4179358070507921,0.1492247850672638,1990-01-01
1990.02,330.45,11.23,22.08,128.0,1990.1249999998918,8.47,790.3111904296874,26.857904882812495,264662.5488336936,52.80699374999998,17684.21570055365,16.508093516490288,1990-02-01,417.0,22.86,5.263157894736836,918.3824999999998,-13.945312499999998,-0.028002470806247737,8.962901108524267,-0.6999999999999993,0.12214548950318425,87.78545104968157,14.955786275730906,4.999994116042023,0.31046181350072904,0.15942493805949637,1990-02-01
1990.03,338.46,11.32,21.67,128.7,1990.208333333225,8.59,805.065374125874,26.925899766899764,270354.909458175,51.54454487179487,17309.551757840374,16.83374823348095,1990-03-01,393.0,22.11,5.233033524121011,918.3824999999998,-12.338772338772339,0.024239673172945952,8.914718593441698,-0.7699999999999996,0.11024847906763535,88.97515209323646,14.954529963266904,4.999463775411999,0.37588396568773674,0.15421476041338317,1990-03-01
1990.04,338.18,11.4367,21.5333,128.9,1990.2916666665583,8.79,803.151264158262,27.16127524631497,270472.2204060981,51.13991695694335,17222.06950047499,16.813913898735773,1990-04-01,374.0,20.39,4.711616571892785,918.3824999999998,-12.547194207395915,-0.0008272764876202654,8.710515880659369,-0.39000000000000057,0.10300680189861047,89.69931981013896,14.952819260353397,4.998719756405174,0.37231425826535647,0.138234302252517,1990-04-01
1990.05,350.25,11.5533,21.3967,129.2,1990.3749999998915,8.76,829.8851151315789,27.374480230263156,280243.4396278123,50.69750990131578,17120.013717871265,17.39241358864501,1990-05-01,369.0,18.43,4.3618739903069415,918.3824999999998,-9.636222910216704,0.03569105210243073,8.617788688332167,-0.09999999999999964,0.08209452634611347,91.79054736538865,14.953197713158726,4.998899783000527,0.48795054539424565,0.1131942351318396,1990-05-01
1990.06,360.39,11.66,21.26,129.9,1990.4583333332248,8.48,849.3093897228636,27.47841916859122,287576.0763643847,50.10216050808314,16964.586651979298,17.817082821653013,1990-06-01,352.0,18.2,4.673650282030639,918.3824999999998,-7.521170130869901,0.028950749464668135,8.558043687851624,0.20000000000000107,0.07449338718962815,92.55066128103718,14.95318026594869,4.998889748565152,0.5729077254657113,0.10937238453510015,1990-06-01
1990.07,360.03,11.7267,21.42,130.4,1990.541666666558,8.47,845.2076980444782,27.529642287193244,286964.03847859066,50.28566756134968,17072.937544680757,17.74717158707024,1990-07-01,363.0,16.7,4.8231511254019255,918.3824999999998,-7.967791411042962,-0.0009989178390077402,8.422792111783338,0.45000000000000107,0.07702672229825971,92.29732777017404,14.954209057932502,4.999428012507553,0.5586564147239073,0.12091707084119958,1990-07-01
1990.08,330.75,11.7833,21.58,131.6,1990.6249999998913,8.75,769.3895944148935,27.4102748537234,261997.88046539496,50.199327127659565,17094.22300965449,16.168334756508976,1990-08-01,395.0,18.45,5.617977528089879,918.3824999999998,-16.223404255319142,-0.08132655612032325,11.257578808526137,0.6400000000000006,0.17600991548497774,82.39900845150223,14.95028189603509,4.997913033007024,0.24371229599828337,0.18296797809622348,1990-08-01
1990.09,315.41,11.83,21.74,132.7,1990.7083333332246,8.89,727.6237737377544,27.29079370761115,248549.93108736584,50.15231235870383,17131.592219141217,15.30128544352263,1990-09-01,389.0,27.31,6.159999999999988,918.3824999999998,-20.771163024365716,-0.04637944066515487,12.018261167852382,0.7000000000000011,0.25122372793194764,74.87762720680524,14.945418757078714,4.996713894394794,0.07122014467210526,0.22278212954281731,1990-09-01
1990.1,307.12,11.9267,21.6067,133.5,1990.7916666665578,8.72,704.2537662921347,27.34899516292134,241345.45533482547,49.546105275280894,16979.287736985458,14.818147965500804,1990-10-01,381.0,33.51,6.289808917197459,918.3824999999998,-23.315855181023714,-0.026283250372531097,12.12537601267243,0.7100000000000009,0.2901962995926027,70.98037004073974,14.940454988826632,4.995948087578217,-0.024481243836365785,0.24477298076252954,1990-10-01
1990.11,315.29,12.0133,21.4733,133.8,1990.874999999891,8.39,721.3672606502241,27.485810880044834,247995.13514373882,49.1298030325112,16890.081941964687,15.187607599503192,1990-11-01,382.0,36.04,6.27482128673551,918.3824999999998,-21.452416542102632,0.02660197968220901,12.569041885113977,0.5200000000000005,0.27362817692142555,72.63718230785744,14.935014764235202,4.994605764129261,0.05057312772953679,0.2259034864816479,1990-11-01
1990.12,328.75,12.09,21.34,133.8,1990.9583333332243,8.08,752.1630465246635,27.66129652466367,259374.72097802482,48.82481950672644,16836.673903181898,15.846314974728767,1990-12-01,377.0,32.33,6.10626486915149,918.3824999999998,-18.09915296462382,0.04269085603729894,13.158867409931341,0.2400000000000002,0.23806193315001445,76.19380668499855,14.930248720181787,4.992910266398248,0.18347340642430682,0.1950490018539113,1990-12-01
1991.01,325.49,12.1067,21.1833,134.6,1991.0416666665576,8.09,740.2781573179791,27.534872245542342,256067.61132561092,48.17823678120356,16665.203327272156,15.606190118802362,1991-01-01,384.0,27.28,5.651491365777073,918.3824999999998,-19.39326399207528,-0.009916349809885872,12.988547095212807,-0.120000000000001,0.2396264009829475,76.03735990170524,14.922292534438245,4.989534232945036,0.13706641791301044,0.19447332149860874,1991-01-01
1991.02,362.26,12.1133,21.0267,134.8,1991.1249999998909,7.85,822.6835916172104,27.509007757789313,285365.2156550026,47.75112095140949,16563.486943115568,17.35466474520511,1991-02-01,364.0,25.23,5.312500000000009,918.3824999999998,-10.420375865479741,0.11296814034225311,17.041597304712145,-0.620000000000001,0.1989587046156685,80.10412953843316,14.91707211845743,4.985992327159688,0.4888881624365184,0.1775799701053173,1991-02-01
1991.03,372.28,12.11,20.94,135.0,1991.2083333332241,8.11,844.1862644444442,27.46077055555555,293617.6519464082,47.48377666666666,16515.401396147492,17.818620083397377,1991-03-01,363.0,20.48,4.895104895104896,918.3824999999998,-8.079012345679022,0.02765969193397,17.078825135215638,-0.4800000000000004,0.16786480326351697,83.2135196736483,14.911445437375962,4.981557530877177,0.5835874880500488,0.156053575407296,1991-03-01
1991.04,379.68,12.13,20.3633,135.2,1991.2916666665574,8.04,859.6929674556212,27.46543324704142,299807.12688728666,46.10773757951183,16079.494487315329,18.155345895198014,1991-04-01,358.0,19.9,4.8875096974398735,918.3824999999998,-6.390532544378689,0.019877511550445925,17.07344421899227,-0.75,0.15252250628176084,84.74774937182391,14.905257945485527,4.9761230887935195,0.6531365667042781,0.15700297770079497,1991-04-01
1991.05,377.99,12.14,19.8567,135.6,1991.3749999998906,8.07,853.341694137168,27.406990044247785,298388.6870410927,44.828037826327424,15675.056594007423,18.03543091100405,1991-05-01,357.0,20.83,4.953560371517041,918.3824999999998,-7.082104228121923,-0.0044511167298777465,16.90595800104595,-0.6899999999999995,0.15752109973955528,84.24789002604447,14.89813801234027,4.969783926921286,0.6312735009804117,0.1585028061148147,1991-05-01
1991.06,378.29,12.15,19.41,136.0,1991.458333333224,8.28,851.5071468749999,27.348890624999996,298544.1251450084,43.69069687499999,15318.251788481359,18.01522704468833,1991-06-01,366.72,21.23,4.695919938414161,918.3824999999998,-7.281862745098035,0.0007936717902590207,16.74904753841552,-0.20000000000000107,0.15270835049765205,84.72916495023479,14.891701380376647,4.964223546675162,0.629207293938988,0.1393043893289343,1991-06-01
1991.07,380.23,12.1933,18.84,136.2,1991.5416666665571,8.27,854.6171756607929,27.40605319933921,300435.25098810473,42.345389867841405,14886.25339561816,18.103452345519745,1991-07-01,368.0,20.19,4.447852760736182,918.3824999999998,-6.943220753793429,0.005128340691004318,16.735898098722902,-0.20000000000000107,0.14548242614534337,85.45175738546567,14.886025848734127,4.95936450382467,0.6487578185278243,0.13638547415502567,1991-07-01
1991.08,389.4,12.2367,18.33,136.6,1991.6249999998904,7.9,872.6650695461199,27.423062805636892,307583.2406763076,41.07845589311858,14478.687215194446,18.512258455337715,1991-08-01,356.0,21.4,3.7993920972644313,918.3824999999998,-4.978038067349929,0.024116981826789008,13.82968901282534,-0.8499999999999996,0.0929128747116479,90.7087125288352,14.879277432012243,4.952749857565572,0.7335280657826707,0.13818656753800446,1991-08-01
1991.09,387.2,12.28,17.82,137.2,1991.7083333332237,7.65,863.9399999999998,27.399749999999994,305312.75159975316,39.76087499999999,14051.325499761368,18.35728259177432,1991-09-01,349.0,21.69,3.3911077618688834,918.3824999999998,-5.928085519922256,-0.005649717514124242,12.4031174709701,-1.2400000000000002,0.08223692565200237,91.77630743479976,14.872755319644542,4.946598621575089,0.7044289498104137,0.15188528156517303,1991-09-01
1991.1,386.88,12.2533,17.2033,137.4,1991.791666666557,7.53,861.9694847161569,27.300379153930123,305420.3663799703,38.328989961790384,13581.054045038625,18.34918799200198,1991-10-01,359.0,21.89,2.921348314606753,918.3824999999998,-6.142649199417773,-0.0008264462809917106,11.654868888923628,-1.1900000000000004,0.07340734442336663,92.65926555766335,14.865602535897295,4.9396807596599634,0.7052248162580625,0.14804580429580472,1991-10-01
1991.11,385.92,12.2267,16.5867,137.8,1991.8749999998902,7.42,857.3347227866471,27.162039943759062,304580.1618443123,36.84793181603773,13090.743600909655,18.288868169301338,1991-11-01,360.0,23.23,2.9895366218236186,918.3824999999998,-6.647314949201742,-0.002481389578163684,11.834352996909715,-0.9700000000000006,0.07764339140784352,92.23566085921566,14.855688398251022,4.929178218259624,0.6965014489296535,0.14322019166739752,1991-11-01
1991.12,388.51,12.2,15.97,137.9,1991.9583333332234,7.09,862.4626180203044,27.083071065989838,307203.72175362485,35.45218401015227,12627.84339246194,18.441652313512723,1991-12-01,362.0,22.46,3.064275037369213,918.3824999999998,-6.0889533478366,0.0067112354892204795,11.541936327048246,-0.9900000000000002,0.07369243745322582,92.63075625467742,14.845688876348607,4.918199385612376,0.7311544643114086,0.14210575080190596,1991-12-01
1992.01,416.08,12.24,16.0467,138.1,1992.0416666665567,7.03,922.328241853729,27.132517016654596,329332.84700337896,35.57086281136857,12701.176206520673,19.77306821146264,1992-01-01,354.0,19.5,2.600297176820199,922.328241853729,0.0,0.07096342436488112,12.472192384400119,-1.0599999999999996,0.0518540958822866,94.81459041177133,14.841730923047072,4.913644361762678,1.0036007747712825,0.1248056518768858,1992-01-01
1992.02,412.56,12.28,16.1233,138.6,1992.12499999989,7.34,911.2262727272725,27.122984848484844,326175.7616881857,35.61172814393939,12747.308654322098,19.582982970386738,1992-02-01,354.0,18.79,2.8189910979228294,922.328241853729,-1.2036896001518158,-0.008459911555470101,7.743962179658917,-0.5099999999999998,0.03663274016853852,96.33672598314614,14.836540076423496,4.9076254319630035,0.967156715557387,0.10244202143024002,1992-02-01
1992.03,407.36,12.32,16.19,139.3,1992.2083333332232,7.54,895.219658291457,27.074592964824117,321253.77162783616,35.579355527638185,12767.818545401286,19.283561861298548,1992-03-01,344.0,19.01,3.185185185185202,922.328241853729,-2.939147077160746,-0.012604227263913081,7.851539761258657,-0.5699999999999994,0.043346656240292644,95.66533437597073,14.8305411966812,4.900842491745818,0.9086235013912999,0.11181696516265946,1992-03-01
1992.04,407.41,12.32,16.4833,139.5,1992.2916666665565,7.48,894.0459123655913,27.035776344086017,321641.0603241061,36.17198151075268,13013.19577241682,19.301229507881043,1992-04-01,339.0,18.92,3.1804733727810675,922.328241853729,-3.0664061019420563,0.00012274155538105624,7.7670019949994495,-0.5599999999999987,0.043321861860030834,95.66781381399691,14.826771455181841,4.896867582087108,0.9137388295053979,0.11241060412774755,1992-04-01
1992.05,414.81,12.32,16.7667,139.7,1992.3749999998897,7.39,908.9817342519684,26.99707086614173,327823.7265460677,36.741216565855396,13250.698092813462,19.66227979564169,1992-05-01,337.0,20.23,3.0235988200590036,922.328241853729,-1.4470453138175898,0.018163520777594977,7.760656068756012,-0.6800000000000006,0.038260772125792375,96.17392278742076,14.828362878230521,4.898349603807228,0.9868460417063784,0.11191623292687386,1992-05-01
1992.06,408.27,12.32,17.05,140.2,1992.458333333223,7.26,891.4598746433666,26.90079029957204,322312.95772211795,37.2287722895863,13460.298158478729,19.3153659676446,1992-06-01,341.0,20.98,3.088235294117636,922.328241853729,-3.3467875979078814,-0.015766254429739,8.09772429957957,-1.0199999999999996,0.0449873309396988,95.50126690603012,14.835273419127336,4.90293065807008,0.9137580889795294,0.13164670975040257,1992-06-01
1992.07,415.05,12.3433,17.38,140.5,1992.5416666665562,6.84,904.3289599644127,26.89411794128113,327776.16848061467,37.868298576512444,13725.45430235654,19.620740694824406,1992-07-01,353.0,22.39,3.1571218795888534,922.328241853729,-1.951505014433982,0.016606657359100607,8.155828841286652,-1.4299999999999997,0.04175168253751403,95.82483174624859,14.842160683109283,4.907917958368983,0.9736470846189854,0.1429054196015655,1992-07-01
1992.08,417.93,12.3667,17.71,140.9,1992.6249999998895,6.59,908.0189217530161,26.868608617814047,329925.15307402425,38.477771646557834,13980.749075062737,19.722137498351525,1992-08-01,343.0,21.78,3.1478770131771583,922.328241853729,-1.5514346684162528,0.006938923021322818,7.954147326613933,-1.3100000000000005,0.039870198147902894,96.01298018520971,14.848135335518466,4.91255647549479,0.9921518840843765,0.13698020163280572,1992-08-01
1992.09,418.48,12.4,18.04,141.3,1992.7083333332228,6.42,906.6400297239913,26.864692144373667,330237.56981093396,39.083794055201686,14236.0107039506,19.708766424745303,1992-09-01,345.0,21.34,2.988338192419837,922.328241853729,-1.7009358943847235,0.0013160098581102009,7.871555723934895,-1.2300000000000004,0.039127972677575076,96.08720273224249,14.854766739066465,4.917513286883667,0.9870842034378968,0.13413008347160138,1992-09-01
1992.1,412.5,12.3867,18.39,141.8,1992.791666666556,6.59,890.5331011988713,26.741251793018325,325182.4222891218,39.701584802538775,14497.22362641685,19.37027107690697,1992-10-01,344.0,21.88,3.2023289665211063,922.328241853729,-3.4472695524268655,-0.01428981074364366,8.123535853582418,-0.9400000000000004,0.04605141663522165,95.39485833647784,14.862073544924813,4.922273996777778,0.9158769980974882,0.12966281012429445,1992-10-01
1992.11,422.84,12.3833,18.74,142.0,1992.8749999998893,6.87,911.5700852112674,26.696258244718305,333676.533178578,40.400206690140834,14788.331831819487,19.833656038801234,1992-11-01,335.02,21.69,3.0478955007256836,922.328241853729,-1.1664130137487116,0.02506666666666657,8.28989951324165,-0.5499999999999998,0.0396630909206626,96.03369090793375,14.867571515895106,4.926728957222051,1.0079881734972218,0.10753835845745692,1992-11-01
1992.12,435.64,12.39,19.09,141.9,1992.9583333332225,6.77,939.826526427061,26.729525898520077,344835.0417831066,41.18374894291754,15110.873536955984,20.448606721242964,1992-12-01,335.0,20.34,2.9006526468455363,939.826526427061,0.0,0.03027149749314173,8.582747079078105,-0.3200000000000003,0.03714865004751538,96.28513499524847,14.87274587868067,4.931620763346228,1.1306345540606682,0.10037766445400827,1992-12-01
1993.01,435.23,12.4133,19.34,142.6,1993.0416666665558,6.6,934.3329019985973,26.648334472300135,343634.15961674176,41.518273842917246,15269.82204119152,20.32341080299571,1993-01-01,329.0,19.41,3.258508327299059,939.826526427061,-0.584536004676184,-0.0009411440639058855,5.43200938146882,-0.4300000000000006,0.029789351383906933,97.0210648616093,14.875701931763285,4.934575435742414,1.1039873525436965,0.10307310984399481,1993-01-01
1993.02,441.7,12.4467,19.59,143.1,1993.124999999889,6.26,944.9092714884695,26.626674732704398,348340.07126947277,41.90802044025157,15449.359284964845,20.545336792900446,1993-02-01,329.0,19.03,3.2467532467532534,944.9092714884695,0.0,0.014865703191415891,5.354740862141372,-1.08,0.028425661311400174,97.15743386885998,14.878691224772254,4.937690828108184,1.1476306973029535,0.12695769461252032,1993-02-01
1993.03,450.16,12.48,19.84,143.6,1993.2083333332223,5.98,959.6542855153202,26.604952646239553,354593.13387242274,42.29505292479108,15628.060636282358,20.855200148690912,1993-03-01,330.0,20.09,3.086862885857844,959.6542855153202,0.0,0.019153271451211262,5.098807527451645,-1.5599999999999996,0.027158330077959935,97.284166992204,14.883044379055827,4.942277713382432,1.2083812598114438,0.14856416618138224,1993-03-01
1993.04,443.08,12.4933,19.67,144.0,1993.2916666665556,5.97,941.9373104166664,26.55932427604166,348864.50329135405,41.81616614583333,15487.417124990827,20.457362016642186,1993-04-01,342.0,20.32,3.2258064516129004,959.6542855153202,-1.846183085520229,-0.015727741247556493,5.602957034093042,-1.5100000000000007,0.0327194809471605,96.72805190528395,14.883897947884758,4.943216349821733,1.12749749845734,0.15247423365626334,1993-04-01
1993.05,445.25,12.5067,19.5,144.2,1993.3749999998888,6.04,945.237651699029,26.550934842233005,350906.3183805316,41.39726941747573,15368.159929074378,20.517605633764866,1993-05-01,367.0,20.25,3.2211882605583497,959.6542855153202,-1.5022736868777375,0.004897535433781686,5.4737372360197005,-1.3499999999999996,0.03158486115992227,96.84151388400777,14.883925780575904,4.943248130202521,1.1396716702865883,0.1451691811928007,1993-05-01
1993.06,448.06,12.52,19.33,144.4,1993.458333333222,5.96,949.8856485457061,26.54235664819944,353452.9458641405,40.979533067867024,15248.5056544968,20.60835701296019,1993-06-01,372.0,19.95,2.9957203994293913,959.6542855153202,-1.017932928249106,0.00631106120157221,4.933117785808173,-1.2999999999999998,0.028211824941101374,97.17881750588985,14.884548577851236,4.943957103907922,1.1577382883408522,0.14089635592668784,1993-06-01
1993.07,447.29,12.52,19.69,144.4,1993.5416666665553,5.81,948.2532512119112,26.54235664819944,353668.5653612381,41.742731821329635,15568.722868749084,20.564596413297142,1993-07-01,392.0,19.09,2.77580071174377,959.6542855153202,-1.1880355744242646,-0.001718519841092725,4.919513994386447,-1.0300000000000002,0.027686335416804004,97.2313664583196,14.886202368204977,4.945761953491621,1.1481333105980402,0.13079761597453876,1993-07-01
1993.08,454.13,12.52,20.05,144.8,1993.6249999998886,5.68,960.0944860151931,26.469035220994467,358907.6489021856,42.388510877071816,15845.899545259776,20.812227546627383,1993-08-01,379.0,17.89,2.767920511000721,960.0944860151931,0.0,0.01529209237854623,5.000756236368368,-0.9100000000000001,0.025809397422731178,97.41906025772688,14.887145672777477,4.946862684080821,1.197745369588897,0.12300798040388239,1993-08-01
1993.09,459.24,12.52,20.41,145.1,1993.7083333332218,5.36,968.8903728463126,26.414309441764296,363018.635818909,43.06038783597518,16133.634607316288,20.993501005229128,1993-09-01,355.0,18.01,2.689313517338987,968.8903728463126,0.0,0.01125228458811356,4.975303617614809,-1.0599999999999996,0.02548389148910435,97.45161085108957,14.887237730873379,4.946976324771614,1.2343425303612414,0.13095886404526927,1993-09-01
1993.1,463.9,12.54,20.9,145.7,1993.791666666555,5.33,974.6914704873026,26.34755559368565,366014.80660077115,43.912592656142756,16489.996675913164,21.109178247475118,1993-10-01,364.0,17.5,2.7503526093088704,974.6914704873026,0.0,0.010147199721278533,4.348639443284187,-1.2599999999999998,0.024164194366824987,97.58358056331751,14.88784282435133,4.947726033158305,1.2574130785395357,0.1395350065976911,1993-10-01
1993.11,462.89,12.56,21.39,145.8,1993.8749999998884,5.72,971.9023215020572,26.371477366255135,365792.6776153721,44.91129783950616,16903.16354683145,21.037901189606373,1993-11-01,374.0,18.15,2.6760563380281877,974.6914704873026,-0.286157114296987,-0.002177193360638041,4.161870485421186,-1.1500000000000004,0.02394105295824415,97.60589470417558,14.888724773946516,4.948796784980121,1.2425598954321497,0.13577248046901372,1993-11-01
1993.12,465.95,12.58,21.89,145.8,1993.9583333332216,5.77,978.3272196502054,26.413470164609045,369039.2334937374,45.9611177983539,17337.20103268143,21.164732079814645,1993-12-01,383.0,16.61,2.748414376321362,978.3272196502054,0.0,0.00661064183715343,3.3517149047886297,-1.0,0.021916114314590136,97.80838856854098,14.889075142566178,4.949237846593174,1.2680047174472202,0.12970428783992125,1993-12-01
1994.01,472.99,12.6233,22.1567,146.2,1994.0416666665549,5.75,990.3915610465116,26.43186915697674,374420.95199262595,46.39381107558139,17539.34059285612,21.41197491382654,1994-01-01,387.0,14.52,2.524544179523147,990.3915610465116,0.0,0.015108917265800992,3.390738748034793,-0.8499999999999996,0.02136676558621875,97.86332344137813,14.88847725011297,4.948434514267988,1.318295239616519,0.1272397172629445,1994-01-01
1994.02,471.58,12.6667,22.4333,146.7,1994.1249999998881,5.97,984.0736635991818,26.432346313905928,372865.1856860769,46.812883747443756,17737.386170006084,21.263840187313026,1994-02-01,382.0,15.03,2.515723270440251,990.3915610465116,-0.6379191519618622,-0.002981035539863508,3.4087960983166536,-0.29000000000000004,0.02228808833730819,97.77119116626918,14.886897165003532,4.94630134357141,1.289234638038674,0.10781440254711211,1994-02-01
1994.03,463.81,12.71,22.71,147.2,1994.2083333332214,6.48,964.5719821671194,26.43261226222826,366310.6140447406,47.22931742527174,17936.03856095397,20.833375889460406,1994-03-01,384.0,14.78,2.506963788300842,990.3915610465116,-2.607007157059132,-0.016476525722040725,3.702956564017072,0.5,0.026042394010363238,97.39576059896368,14.883191971402082,4.941329653746933,1.2041665573852967,0.12117764418127591,1994-03-01
1994.04,447.23,12.7533,23.54,147.4,1994.2916666665546,6.97,928.829049016282,26.486674665875164,353574.9272887297,48.8890186567164,18610.45499715291,20.055250085063847,1994-04-01,377.0,14.68,2.361111111111125,990.3915610465116,-6.215977038937873,-0.03574739656324788,5.0696254844618736,1.0,0.036833300245122144,96.31666997548778,14.876617132277989,4.932837868838784,1.0498283321857758,0.15146009575953384,1994-04-01
1994.05,450.9,12.7967,24.37,147.5,1994.374999999888,7.18,935.8162016949151,26.558791723728806,357077.2139310324,50.57848932203389,19299.116663338344,20.196492421281455,1994-05-01,381.0,16.42,2.288488210818307,990.3915610465116,-5.510483075393802,0.008206068465890004,5.108896480119828,1.1399999999999997,0.03500564044630092,96.4994359553699,14.870012025754981,4.924086069924003,1.0817195962638162,0.1546690292840954,1994-05-01
1994.06,454.83,12.84,25.2,148.0,1994.4583333332212,7.1,940.7835866554052,26.558629054054048,359817.1003353017,52.12441216216215,19935.780244156285,20.29076369067031,1994-06-01,386.0,17.89,2.4930747922437657,990.3915610465116,-5.008925392971584,0.008715901530272907,5.140946618748337,1.1399999999999997,0.03490599209771281,96.50940079022871,14.864430013684391,4.916773125634411,1.1036371901511643,0.15358753687580168,1994-06-01
1994.07,451.4,12.87,25.91,148.4,1994.5416666665544,7.3,931.1721933962262,26.54892806603773,356987.24605462304,53.448541273584894,20490.783219484456,20.067951816142152,1994-07-01,385.0,19.06,2.7700831024930705,990.3915610465116,-5.979389362699167,-0.007541279159246295,5.211386738924196,1.4900000000000002,0.038757927621543654,96.12420723784564,14.85632890249107,4.905747323908293,1.0623504574424565,0.1701605853105332,1994-07-01
1994.08,464.24,12.9,26.62,149.0,1994.6249999998877,7.24,953.8028899328857,26.503656040268453,366510.0020971205,54.692040604026836,21016.0612093429,20.535549404755642,1994-08-01,380.0,19.66,2.900552486187835,990.3915610465116,-3.694364184097442,0.02844483828090394,5.74699205009575,1.5600000000000005,0.035837344503010106,96.41626554969899,14.850454297246115,4.897647538580754,1.160780775408138,0.16690027652374997,1994-08-01
1994.09,466.96,12.92,27.33,149.4,1994.708333333221,7.46,956.8226064257025,26.473676706827302,368518.0989416316,56.00043222891565,21568.441930946534,20.576450100818864,1994-09-01,392.0,18.38,2.963473466574773,990.3915610465116,-3.3894629095322646,0.005859038428398966,5.676774951358773,2.0999999999999996,0.035187987539204574,96.48120124607954,14.844021597569968,4.888568229396444,1.1726191052787325,0.18618771720496508,1994-09-01
1994.1,463.81,13.0133,28.42,149.5,1994.7916666665542,7.74,949.732413210702,26.647016693979925,366642.5800612683,58.194940133779255,22466.057491949825,20.395759282410253,1994-10-01,390.0,17.45,2.6080988332189525,990.3915610465116,-4.105360893104389,-0.006745759808120533,5.647792552861057,2.41,0.03510134902574824,96.48986509742518,14.836198277019232,4.87737993251057,1.139866297544983,0.19917836312753268,1994-10-01
1994.11,461.01,13.0967,29.51,149.7,1994.8749999998875,7.96,942.7377339679358,26.78196412324649,364803.89035821037,60.34617585170341,23351.69042856074,20.20947302039405,1994-11-01,384.0,17.72,2.674897119341546,990.3915610465116,-4.811614815075934,-0.006036954787520754,5.677925888588699,2.24,0.03715549909319783,96.28445009068022,14.827821758206172,4.865507689481622,1.1060821615434024,0.19480130952755909,1994-11-01
1994.12,455.19,13.17,30.6,149.7,1994.9583333332207,7.81,930.8361838677354,26.931858216432865,361066.90770660486,62.575160320641274,24272.60567196579,19.911484108090335,1994-12-01,379.0,18.07,2.674897119341546,990.3915610465116,-6.0133163004585946,-0.012624455000976087,5.751004933703404,2.04,0.040412715518537076,95.95872844814629,14.819928700804237,4.854908565783801,1.0487438307633896,0.19062728731800693,1994-12-01
1995.01,465.25,13.18,31.25,150.3,1995.041666666554,7.78,947.6102420159677,26.844713572854285,368441.22938361514,63.64926397205587,24747.53018428366,20.219119422457304,1995-01-01,379.0,17.16,2.8043775649794878,990.3915610465116,-4.319636870223161,0.022100661262330012,6.012078594759618,2.0300000000000002,0.03780050505782172,96.21994949421783,14.811455879527944,4.842767975252408,1.1166472502014737,0.185396511134785,1995-01-01
1995.02,481.92,13.18,31.9,150.9,1995.1249999998872,7.47,977.6604691848905,26.737975149105363,380991.4212420363,64.71482604373756,25219.178157414004,20.802571764332683,1995-02-01,377.0,18.04,2.862985685071595,990.3915610465116,-1.285460454465965,0.03583019881784,7.051962034339241,1.5,0.03464391259465953,96.53560874053404,14.804318389226781,4.831997355704314,1.2413610632515741,0.15756007589723228,1995-02-01
1995.03,493.15,13.17,32.55,151.4,1995.2083333332205,7.2,997.1385510237778,26.62945293923381,389446.75766703923,65.81539052179654,25705.144402437647,21.15273730203699,1995-03-01,382.0,18.57,2.853260869565233,997.1385510237778,0.0,0.023302622841965492,7.036985911753131,0.7199999999999998,0.031803256426794886,96.81967435732051,14.798482858954564,4.823025166017911,1.317483161367943,0.12596335050724106,1995-03-01
1995.04,507.91,13.2433,33.1767,151.9,1995.2916666665537,7.06,1023.6024919354836,26.689521532258055,400651.2938274222,66.8617526612903,26170.55734268716,21.64273926187965,1995-04-01,391.0,18.54,3.0529172320217013,1023.6024919354836,0.0,0.029930041569502297,5.815112728585871,0.08999999999999986,0.02898866933595168,97.10113306640483,14.793544490363198,4.815075921240611,1.4224479288691565,0.10835089619219353,1995-04-01
1995.05,523.81,13.3067,33.8033,152.2,1995.374999999887,6.63,1053.5653467477002,26.764433667871216,413252.1394327199,67.9902741179369,26668.61275058907,22.19542669801995,1995-05-01,385.0,19.9,3.186440677966096,1053.5653467477002,0.0,0.03130475871709537,6.152271488636583,-0.5499999999999998,0.030474571327743033,96.9525428672257,14.789340652555305,4.807926028865569,1.5403910128817255,0.1339838341568251,1995-05-01
1995.06,539.35,13.36,34.43,152.5,1995.4583333332203,6.17,1082.6876532786882,26.818776393442615,425551.73899017635,69.11455622950818,27165.562943231245,22.71835675952061,1995-06-01,388.0,19.74,3.0405405405405483,1082.6876532786882,0.0,0.029667245757049487,6.357161502115595,-0.9299999999999997,0.030505185384552286,96.94948146154478,14.790265690813811,4.809423362569415,1.6484494025643956,0.15544844172221967,1995-06-01
1995.07,557.37,13.44,34.68,152.5,1995.5416666665535,6.28,1118.860883114754,26.979367868852457,440653.36184040725,69.61640459016391,27417.79892822599,23.376412691512137,1995-07-01,386.0,18.45,2.7628032345013542,1118.860883114754,0.0,0.03341058681746545,6.12602477387222,-1.0199999999999996,0.02877576711884398,97.1224232881156,14.793253554645306,4.814433791613636,1.7827972111316635,0.16717466590037294,1995-07-01
1995.08,559.11,13.51,34.93,152.9,1995.6249999998868,6.49,1119.4175704708957,27.04893737737082,441760.35670706036,69.93481736429037,27598.66441268734,23.28407025623054,1995-08-01,384.0,17.33,2.6174496644295386,1119.4175704708957,0.0,0.0031218041875236135,6.172377565828829,-0.75,0.028366523412784093,97.16334765872159,14.794970494673821,4.8173585340523655,1.7621897356300116,0.15553259890314186,1995-08-01
1995.09,578.77,13.58,35.18,153.2,1995.70833333322,6.2,1156.5105298629242,27.135844973890332,457290.89789551444,70.29742460835509,27796.004955274457,23.94600707529987,1995-09-01,383.0,18.02,2.5435073627844584,1156.5105298629242,0.0,0.035163026953551224,6.3525756344142925,-1.2599999999999998,0.02859231900506197,97.1407680994938,14.796558995350633,4.820288748922106,1.8981120336401427,0.18379811389444786,1995-09-01
1995.1,582.92,13.65,34.7733,153.7,1995.7916666665533,6.04,1161.0139381912816,27.186990078074167,459967.3957023162,69.25870784482757,27438.729570053096,23.92676276408328,1995-10-01,383.0,18.23,2.809364548494986,1161.0139381912816,0.0,0.007170378561431878,5.892117818504217,-1.7000000000000002,0.028299423400128393,97.17005765998717,14.796978487686106,4.821078858286319,1.8937222444941313,0.19990294782298704,1995-10-01
1995.11,595.53,13.72,34.3667,153.6,1995.8749999998865,5.93,1186.901758300781,27.344201171874996,471126.32571459684,68.49343720214843,27187.64310435383,24.34758688111482,1995-11-01,385.0,17.43,2.605210420841697,1186.901758300781,0.0,0.021632471008028675,5.199996864877865,-2.0300000000000002,0.025764915705268055,97.42350842947319,14.798151059142887,4.823356047195934,1.9798322430548156,0.21713153670049823,1995-11-01
1995.12,614.57,13.79,33.96,153.5,1995.9583333332198,5.71,1225.6467600977198,27.501617100977196,487415.38939307857,67.72697003257328,26933.671711585248,25.027380664939116,1995-12-01,387.0,17.99,2.5384101536406245,1225.6467600977198,0.0,0.03197152116602031,3.6826420691324255,-2.0999999999999996,0.022025534832980267,97.79744651670197,14.801854584464644,4.830711927791986,2.11677413874446,0.2275772131078404,1995-12-01
1996.01,614.42,13.8933,33.9867,154.4,1996.041666666553,5.65,1218.2050424222793,27.546121734132118,485368.84480189014,67.38512632286267,26848.223231060838,24.76246519464403,1996-01-01,399.0,19.03,2.727877578176985,1225.6467600977198,-0.6071665929951273,-0.00024407309175533687,4.489466930304377,-2.13,0.025410385056636096,97.45896149433639,14.803810089481932,4.834610426990964,2.059867130051327,0.2291289430715534,1996-01-01
1996.02,649.54,13.9967,34.0133,154.9,1996.1249999998863,5.81,1283.6801571981919,27.661554417366037,512374.4947013978,67.22018396223368,26830.59919424062,25.97606555059339,1996-02-01,405.0,18.86,2.6507620941020438,1283.6801571981919,0.0,0.05715959766934664,5.516586705953573,-1.6600000000000001,0.026729183705574547,97.32708162944255,14.810132418384747,4.8477469824818415,2.303324239602158,0.22516016360376165,1996-02-01
1996.03,647.07,14.1,34.04,155.7,1996.2083333332196,6.27,1272.2281401734103,27.7225289017341,508725.5885867169,66.92729672447012,26762.203525881036,25.629930395216117,1996-03-01,396.0,19.09,2.840158520475544,1283.6801571981919,-0.8921238643882387,-0.0038026911352647685,6.241830008682652,-0.9300000000000006,0.031139175881451757,96.88608241185483,14.81851802342065,4.86386284051157,2.2228037110228933,0.19842124494864222,1996-03-01
1996.04,647.17,14.1567,34.33,156.3,1996.2916666665528,6.51,1267.5402058541263,27.72716045585412,507774.96311390906,67.23836900191937,26935.603448399183,25.424203848381524,1996-04-01,393.0,21.33,2.896642527978943,1283.6801571981919,-1.2573187529277738,0.00015454278516990883,6.5841021655588445,-0.5499999999999998,0.03319654142811725,96.68034585718827,14.824936099492222,4.876347558629908,2.1736079353349753,0.18343757895347826,1996-04-01
1996.05,661.23,14.2133,34.62,156.6,1996.374999999886,6.74,1292.5969784482756,27.78468707375478,518740.21619757713,67.67646264367815,27159.66650750892,25.81404382769903,1996-05-01,392.0,23.5,2.890932982917227,1292.5969784482756,0.0,0.021725358097563374,6.482449570453956,0.11000000000000032,0.030286537782644993,96.9713462217355,14.83594128241149,4.896679443989119,2.241948379684855,0.16418851353624944,1996-05-01
1996.06,668.5,14.27,34.91,156.7,1996.4583333332193,6.91,1305.9746888959794,27.877724473516267,525041.2246433975,68.1998150925335,27418.383174721028,25.96667355833385,1996-06-01,385.0,21.17,2.7540983606557212,1305.9746888959794,0.0,0.010994661464240885,6.4399462718761455,0.7400000000000002,0.02963281272585838,97.03671872741417,14.848195227342343,4.9190102404813665,2.2603080269057276,0.18880868624776562,1996-06-01
1996.07,644.07,14.4,35.2733,157.0,1996.5416666665526,6.87,1255.8441969745222,28.07793630573248,505827.93596957345,68.77787990923565,27702.300268349016,24.858411332348393,1996-07-01,383.0,20.42,2.9508196721311553,1305.9746888959794,-3.838550038349944,-0.036544502617800956,8.197653118865832,0.5899999999999999,0.04604977012676862,95.39502298732315,14.857852753244886,4.93525933426145,2.026349154476614,0.19252511336789302,1996-07-01
1996.08,662.68,14.53,35.6367,157.3,1996.6249999998859,6.64,1289.666698664971,28.27738445645263,520400.06509834086,69.35393438811187,27985.363976414024,25.412529121454945,1996-08-01,387.0,21.3,2.877697841726623,1305.9746888959794,-1.2487217684742906,0.02889437483503321,8.284956371312264,0.14999999999999947,0.03899436217893256,96.10056378210675,14.873126712293343,4.959400421079,2.1251364105156445,0.16719239630604082,1996-08-01
1996.09,674.88,14.66,36.0,157.8,1996.7083333332191,6.83,1309.2479543726233,28.439981939163495,529257.7289643921,69.8389733840304,28232.097917730727,25.680115512876764,1996-09-01,383.0,21.9,3.0026109660574507,1309.2479543726233,0.0,0.01841009235226654,7.99391996508246,0.6299999999999999,0.03556227511889805,96.44377248811018,14.89123348802185,4.9869245697509195,2.16343397096816,0.18030072768949168,1996-09-01
1996.1,701.46,14.74,36.91,158.3,1996.7916666665524,6.53,1356.5141891977255,28.504860075805425,549325.1435984941,71.37818082754262,28904.8428281305,26.483467720897202,1996-10-01,381.0,23.97,2.9928432010410067,1356.5141891977255,0.0,0.03938477951635844,8.372209785244502,0.4900000000000002,0.03683652542242041,96.31634745775796,14.912505872326243,5.0199767591997935,2.304983151040608,0.18493332730055437,1996-10-01
1996.11,735.67,14.82,37.82,158.6,1996.8749999998856,6.2,1419.9799364754097,28.605356557377043,575991.1388075136,72.9996346153846,29611.082237552382,27.5856120490128,1996-11-01,378.0,24.88,3.255208333333326,1419.9799364754097,0.0,0.04876970889288046,8.99470935496854,0.27000000000000046,0.04044598274314331,95.95540172568568,14.934379096873696,5.057955827430014,2.501254139771183,0.1910313699448457,1996-11-01
1996.12,743.25,14.9,38.73,158.6,1996.958333333219,6.3,1434.610746374527,28.75977143757881,582898.0424864914,74.75610387767968,30374.222920284974,27.72394616389397,1996-12-01,369.0,23.71,3.322475570032579,1434.610746374527,0.0,0.010303532834015305,8.889831222288564,0.5899999999999999,0.04038707720487076,95.96129227951292,14.95656652023787,5.0964521355730446,2.505150505493865,0.20327051072129576,1996-12-01
1997.01,766.22,14.9533,39.2333,159.1,1997.0416666665521,6.58,1474.2992649277182,28.771944347894404,599998.1181265791,75.48957916876176,30722.1244132175,28.332870129950372,1997-01-01,355.0,25.23,3.0440414507771907,1474.2992649277182,0.0,0.030904809956273205,8.804000611245339,0.9299999999999997,0.03865237903713285,96.13476209628672,14.97851270913944,5.136946849942436,2.5996682097188875,0.22171454664425566,1997-01-01
1997.02,798.39,15.0067,39.7367,159.6,1997.1249999998854,6.42,1531.3855559210524,28.784232796052628,624206.8219777308,76.21865055921052,31067.422215812447,29.26563488357595,1997-02-01,347.0,25.13,3.034215622982561,1531.3855559210524,0.0,0.0419853305839053,8.193529139464857,0.6100000000000003,0.03640078895491961,96.35992110450803,15.00126601947249,5.181966574337924,2.7526941093644455,0.21912821675851823,1997-02-01
1997.03,792.16,15.06,40.24,160.0,1997.2083333332187,6.69,1515.6372524999997,28.8142509375,618766.4149354484,76.99106624999999,31431.984115585798,28.802458591871662,1997-03-01,352.0,22.18,2.7617212588310958,1531.3855559210524,-1.0283695938075421,-0.007803203947945314,8.316364950467227,0.4200000000000008,0.03799459958825109,96.20054004117489,15.021706463888748,5.221810415072025,2.639075537519842,0.2101283269929151,1997-03-01
1997.04,763.93,15.0933,40.3433,160.2,1997.291666666552,6.89,1459.8001315543067,28.84191133426966,596951.8715234296,77.09234438670411,31525.15078401317,27.585160338136546,1997-04-01,344.0,20.97,2.4952015355086177,1531.3855559210524,-4.6745526683311684,-0.035636740052514715,9.763893692028237,0.3799999999999999,0.05318737034747768,94.68126296525223,15.038092949364833,5.2519508772161165,2.389029844738855,0.2155069992791967,1997-04-01
1997.05,833.09,15.1267,40.4467,160.1,1997.3749999998852,6.71,1592.9528980324794,28.923790470018737,652387.2931058048,77.33820833385383,31673.544428648234,29.92836222468878,1997-05-01,344.0,19.7,2.2349936143039484,1592.9528980324794,0.0,0.09053185501289396,12.403654574835244,-0.03000000000000025,0.04918946252453312,95.08105374754669,15.060259296128805,5.297837504665511,2.8064475204206363,0.20543781324496238,1997-05-01
1997.06,876.29,15.16,40.55,160.3,1997.4583333332184,6.49,1673.4651713973794,28.951296943231434,686348.8364777818,77.43899017467245,31760.541965757962,31.25656061638128,1997-06-01,341.0,20.82,2.2973835354180183,1673.4651713973794,0.0,0.05185514170137662,12.747693867751508,-0.41999999999999993,0.051226515215500916,94.8773484784499,15.08721613781377,5.355339180800703,3.019294190839646,0.23367928032542531,1997-06-01
1997.07,925.29,15.2167,40.58,160.5,1997.5416666665517,6.22,1764.839342523364,29.02336653738317,724816.6635696479,77.39971308411212,31787.93697938626,32.76663768966994,1997-07-01,324.0,19.26,2.2292993630573354,1764.839342523364,0.0,0.055917561537847105,11.270485499640287,-0.6500000000000004,0.044120322746474726,95.58796772535253,15.117667364047113,5.4243614912550235,3.253649365750405,0.23981711296126618,1997-07-01
1997.08,927.24,15.2733,40.61,160.8,1997.624999999885,6.3,1765.2590988805966,29.076972299440293,725984.2122845814,77.31242397388058,31795.671952112563,32.58628348671318,1997-08-01,324.0,19.66,2.2250476795931284,1765.2590988805966,0.0,0.0021074473948707872,11.64060776640237,-0.33999999999999986,0.045683151039153706,95.43168489608463,15.1469886319293,5.489965895451808,3.176576173129155,0.2287391028637038,1997-08-01
1997.09,937.02,15.33,40.64,161.2,1997.7083333332182,6.21,1779.4515511786599,29.11249736352357,732818.7693750889,77.17755334987592,31783.478247426534,32.666581341708635,1997-09-01,323.0,19.95,2.154626108998725,1779.4515511786599,0.0,0.010547431085802916,11.743955904629384,-0.6200000000000001,0.04572437896915137,95.42756210308487,15.176009287076644,5.554686094419177,3.1487957658318195,0.239253532639203,1997-09-01
1997.1,951.16,15.3867,40.3333,161.6,1997.7916666665515,6.03,1801.8331243811879,29.147846560952967,743036.3245198034,76.40552163211633,31507.955536139652,32.901498179798125,1997-10-01,325.0,19.8,2.0846493998736504,1801.8331243811879,0.0,0.015090392947855857,11.743710344074914,-0.5,0.04531792575425358,95.46820742457464,15.206101784258905,5.621076452696892,3.1480440702864456,0.23461127401398876,1997-10-01
1997.11,938.92,15.4433,40.0267,161.5,1997.8749999998847,5.88,1779.7475684210522,29.273181552631574,734934.6952998647,75.8716631842105,31330.689055893043,32.336600532812675,1997-11-01,306.0,21.33,1.828499369482972,1801.8331243811879,-1.2257270477098512,-0.012868497413684343,12.065418881030432,-0.3200000000000003,0.04889529136543766,95.11047086345623,15.236861499715785,5.684257148912551,3.008262748346672,0.23524198721645245,1997-11-01
1997.12,962.37,15.5,39.72,161.3,1997.958333333218,5.81,1826.4595299132047,29.417087724736508,755236.3821013147,75.38365964042156,31170.952021638477,33.030789042905425,1997-12-01,288.74,20.19,1.7023959646910614,1826.4595299132047,0.0,0.02497550377028923,12.011575612767219,-0.4900000000000002,0.044283197974430394,95.57168020255696,15.268192586477403,5.750959338687264,3.0886318978013465,0.23387411929105065,1997-12-01
1998.01,963.36,15.55,39.66,161.6,1998.0416666665512,5.54,1824.9442351485147,29.45719446163366,755624.8511586081,75.1300535272277,31107.874104125553,32.859968415052236,1998-01-01,289.0,18.33,1.5713387806411072,1826.4595299132047,-0.0829635006893367,0.0010287103712709467,12.148875090233359,-1.04,0.04435887056281114,95.56411294371888,15.299716010140514,5.816011891073289,3.0192944467434963,0.25494042220043056,1998-01-01
1998.02,1023.74,15.6,39.6,161.9,1998.1249999998845,5.57,1935.7317285361332,29.497152563310678,802514.6026440256,74.87738727609634,31042.62631596246,34.70967778226998,1998-02-01,297.0,16.72,1.441102756892243,1935.7317285361332,0.0,0.0626764657033716,12.723477590446578,-0.8499999999999996,0.04584739648208696,95.4152603517913,15.339395691824002,5.899209924494434,3.2835383616401854,0.24792158876873044,1998-02-01
1998.03,1076.83,15.64,39.54,162.2,1998.2083333332178,5.65,2032.3506524352647,29.518089395807642,843590.6227852353,74.62565567200986,30975.709466608663,36.29692773642508,1998-03-01,296.0,16.06,1.374999999999993,2032.3506524352647,0.0,0.05185887041631654,12.621102212873653,-1.04,0.04502116586076984,95.497883413923,15.38484629301325,5.996935349510778,3.4871280453469975,0.25475740805126945,1998-03-01
1998.04,1112.2,15.75,39.35,162.5,1998.291666666551,5.64,2095.2308030769227,29.670819230769226,870717.310190622,74.12995153846153,30806.263402266657,37.27693404302875,1998-04-01,308.0,15.12,1.4357053682896526,2095.2308030769227,0.0,0.03284641029688995,10.646023846779174,-1.25,0.03754416403107117,96.24558359689289,15.429289565311462,6.099141822612393,3.5820850068968353,0.26001545741087495,1998-04-01
1998.05,1108.42,15.85,39.16,162.8,1998.3749999998843,5.65,2084.2619382678126,29.804182278869767,867191.1136178821,73.6360743243243,30637.487603323883,36.956598518968995,1998-05-01,299.0,15.35,1.6864459712679691,2095.2308030769227,-0.5235158242710968,-0.003398669304081947,9.058196182645037,-1.0599999999999996,0.034409077317835005,96.55909226821649,15.471862819134213,6.195279119549829,3.4679205384044005,0.25441075618259773,1998-05-01
1998.06,1108.39,15.95,38.97,163.0,1998.4583333332175,5.5,2081.648219171779,29.955421012269934,867142.2532853617,73.18888757668711,30487.94522733924,36.802293460092024,1998-06-01,292.0,14.91,1.6843418590143378,2095.2308030769227,-0.6482619425600772,-2.7065552768767986e-05,8.824659125530362,-0.9900000000000002,0.03390375422917612,96.60962457708239,15.512967458102947,6.287152436274485,3.386163484625844,0.252232623693012,1998-06-01
1998.07,1156.58,16.0167,38.6767,163.2,1998.5416666665508,5.46,2169.4910781249996,30.043825546874995,904777.4677633375,72.54902867187499,30256.278586385968,38.25964508524856,1998-07-01,293.0,13.72,1.6822429906542036,2169.4910781249996,0.0,0.04347747633955534,8.348082820962384,-0.7599999999999998,0.031041623678964004,96.89583763210359,15.558817757185109,6.392100889254927,3.5513875205291843,0.2393645682876374,1998-07-01
1998.08,1074.62,16.0833,38.3833,163.4,1998.624999999884,5.34,2013.2847861077105,30.131826320379435,840679.4626524566,71.91054878059974,30027.406914842493,35.42340102487832,1998-08-01,284.0,14.17,1.6169154228855787,2169.4910781249996,-7.200135257172464,-0.07086409932732718,12.242361648810745,-0.96,0.07042585653756765,92.95741434624324,15.598500074494165,6.47069126499438,3.0637995445145654,0.29664972607401097,1998-08-01
1998.09,1020.64,16.14,38.09,163.6,1998.7083333332173,4.81,1909.816452322738,30.201087102689485,798525.5072390148,71.27381708435207,29800.749109121807,33.5323569808349,1998-09-01,289.0,13.47,1.488833746898277,2169.4910781249996,-11.969379750880904,-0.05023170981370151,13.783910008834058,-1.4000000000000004,0.10667732947724706,89.3322670522753,15.631422522681783,6.531585897224564,2.740671980714466,0.33239542945240536,1998-09-01
1998.1,1032.47,16.1667,37.9633,164.0,1998.7916666665506,4.53,1927.2406092987803,30.17726496493902,806862.299719383,70.86347634603656,29667.840753665332,33.773102879048146,1998-10-01,296.0,15.03,1.4851485148514865,2169.4910781249996,-11.166234849676645,0.011590766577833644,13.768373906822198,-1.5,0.10149459730374288,89.85054026962571,15.66411278921259,6.592736341647671,2.7468093901218746,0.33072490931281817,1998-10-01
1998.11,1144.43,16.1833,37.8367,164.0,1998.8749999998838,4.83,2136.228626981707,30.20825104115853,895411.5498649912,70.62716084908536,29603.748755954246,37.36939188392094,1998-11-01,294.0,14.46,1.5479876160990669,2169.4910781249996,-1.5331914234945878,0.10843898612066205,16.810085815108415,-1.0499999999999998,0.07513367813030858,92.48663218696915,15.706262407703598,6.682504927124457,3.2417678269545527,0.27333774446308096,1998-11-01
1998.12,1190.05,16.2,37.71,163.9,1998.958333333217,4.65,2222.73966671751,30.25787370347772,932730.0063084585,70.43360600976204,29556.10985915884,38.82027478009814,1998-12-01,292.0,13.0,1.6119032858028515,2222.73966671751,0.0,0.03986263904301701,16.945771701849228,-1.1599999999999993,0.069752177233651,93.0247822766349,15.752213523772108,6.783925258078728,3.4004002666236812,0.26791326203177784,1998-12-01
1999.01,1248.77,16.28333333,37.93333333,164.3,1999.0416666665503,4.72,2326.736690048691,30.33947732184768,977431.3077946414,70.67825014594993,29690.998026659803,40.57695767720811,1999-01-01,287.0,11.35,1.6707920792079278,2326.736690048691,0.0,0.04934246460232772,17.076961477242765,-0.8200000000000003,0.0711252450389391,92.88747549610609,15.806052383784222,6.9031037962166435,3.5883721329816853,0.2556438357636287,1999-01-01
1999.02,1246.58,16.36666667,38.15666667,164.5,1999.1249999998836,5.0,2319.8323340425527,30.457670218969145,975597.1178598986,71.00793298492658,29862.13001202719,40.40015922925994,1999-02-01,287.0,12.52,1.6059295861643008,2326.736690048691,-0.29673989479203605,-0.0017537256660554723,16.652623102632926,-0.5700000000000003,0.06908495225848876,93.09150477415112,15.860231354137758,7.018733156737654,3.4963471793431844,0.24703843276443127,1999-02-01
1999.03,1281.66,16.45,38.38,165.0,1999.2083333332168,5.23,2377.8871009090903,30.519984090909087,1001081.4296965013,71.20711181818182,29977.923374180147,41.35610363271298,1999-03-01,286.0,12.01,1.7262638717632672,2377.8871009090903,0.0,0.028140993758924537,16.285098524369207,-0.41999999999999993,0.06652591494767861,93.34740850523214,15.918991954182843,7.142641746133976,3.5613030280145606,0.23903407023168752,1999-03-01
1999.04,1334.76,16.45,39.26,166.2,1999.29166666655,5.18,2458.5243194945842,30.299623194945845,1036092.3943516746,72.3138727436823,30475.132160273566,42.70450951689213,1999-04-01,283.0,14.68,2.2769230769230653,2458.5243194945842,0.0,0.04143064463274193,16.40633849008427,-0.45999999999999996,0.07203937834200919,92.79606216579907,15.980869458168844,7.277042698431369,3.6723214588920583,0.2424637824197032,1999-04-01
1999.05,1332.07,16.45,40.14,166.2,1999.3749999998834,5.54,2453.5695482851984,30.299623194945845,1035068.4061064355,73.9347644404332,31190.287162921104,42.55667670951804,1999-05-01,276.0,17.31,2.088452088452075,2458.5243194945842,-0.20153435823666938,-0.0020153435823668797,16.388761766145066,-0.11000000000000032,0.07114530899220521,92.88546910077949,16.040826176050913,7.406057191977883,3.580292434439832,0.2300335299384552,1999-05-01
1999.06,1322.55,16.45,41.02,166.2,1999.4583333332166,5.9,2436.0344472021657,30.299623194945845,1028736.1976243268,75.55565613718412,31907.117936221613,42.180675911746924,1999-06-01,261.0,17.72,1.9631901840490684,2458.5243194945842,-0.9147711948215329,-0.007146771566058807,16.482046071597097,0.40000000000000036,0.07384646018459583,92.61535398154041,16.10323543807311,7.530705658376467,3.4628149945905347,0.24542011703871622,1999-06-01
1999.07,1380.99,16.513333333333335,42.0,166.7,1999.5416666665499,5.79,2536.0468879724053,30.325047690461908,1072038.5919488731,77.12870425914817,32603.87176000744,43.828035992805404,1999-07-01,256.0,17.92,2.1446078431372584,2536.0468879724053,0.0,0.04418736531700129,16.495171917458997,0.33000000000000007,0.07145605284364896,92.8543947156351,16.173086348588697,7.670022316610305,3.605589202045315,0.23738461849527714,1999-07-01
1999.08,1327.49,16.576666666666668,42.98,167.1,1999.6249999998831,5.94,2431.9640632854575,30.368483093955714,1029110.4466327092,78.7394371633752,33319.397506778834,41.930712159940455,1999-08-01,257.0,20.1,2.2643818849449104,2536.0468879724053,-4.104136448761128,-0.03874032397048499,14.885832056255966,0.6000000000000005,0.08047652009950451,91.95234799004955,16.23836745017129,7.788379249622352,3.29880503841861,0.2711874642786323,1999-08-01
1999.09,1318.17,16.64,43.96,167.9,1999.7083333332164,5.92,2403.3834822811195,30.339259082787372,1018086.145664732,80.15107147111374,33952.424166398574,41.32345133471502,1999-09-01,265.0,21.28,2.6283618581907087,2536.0468879724053,-5.231110131301693,-0.00702076851803024,13.242876957310026,1.1100000000000003,0.07752045386430897,92.2479546135691,16.30204913069917,7.899025877295497,3.167656694977531,0.29491270950901666,1999-09-01
1999.1,1300.01,16.656666666666666,45.36333333333334,168.2,1999.7916666665496,6.11,2366.045251337693,30.31547993460166,1003339.6205907927,82.56221061236623,35011.13811078401,40.55285439953987,1999-10-01,311.0,23.8,2.5609756097561,2536.0468879724053,-6.703410628603566,-0.013776675239157377,13.69952325748324,1.58,0.08772854860749435,91.22714513925057,16.363449665053963,8.001009915689133,3.023293932813787,0.3234720451556409,1999-10-01
1999.11,1391.0,16.673333333333332,46.76666666666667,168.3,1999.874999999883,6.03,2530.1446969696963,30.327782828282817,1073998.9754508673,85.06573232323231,36108.808113049774,43.208290714613916,1999-11-01,293.0,22.69,2.6219512195122086,2536.0468879724053,-0.23273193530849584,0.06999176929408235,11.328649346928108,1.2000000000000002,0.04733442431678326,95.26655756832167,16.43225669458153,8.124456641355756,3.2957322811884904,0.2627307081874166,1999-11-01
1999.12,1428.68,16.69,48.17,168.3,1999.9583333332162,6.28,2598.6823333333327,30.35809848484848,1104165.7870756062,87.61831060606059,37228.536805605145,44.19793976104055,1999-12-01,283.0,25.0,2.684563758389258,2598.6823333333327,0.0,0.027088425593098542,11.115901517783982,1.63,0.04606825534763266,95.39317446523673,16.5068983886018,8.255084814504297,3.3544223947627057,0.2772488893716714,1999-12-01
2000.01,1425.59,16.713333333333335,49.09666666666667,168.8,2000.0416666665494,6.66,2585.3809403139803,30.3104914099526,1099587.3286111862,89.03933545616113,37869.283976258164,43.77257814693799,2000-01-01,284.0,26.1,2.738892270237381,2598.6823333333327,-0.5118514428922409,-0.0021628356244925984,10.602349080567087,1.9400000000000004,0.045631307134423545,95.43686928655765,16.58101515735679,8.379186601345443,3.2451315722238547,0.29128021471150944,2000-01-01
2000.02,1388.87,16.736666666666668,50.02333333333333,169.8,2000.1249999998827,6.52,2503.953480123674,30.174051383981148,1066024.8910504412,90.18561822732624,38395.32747243916,42.18563588791731,2000-02-01,300.0,27.26,3.221884498480243,2598.6823333333327,-3.645264832664245,-0.02575775643768552,11.185828582823767,1.5199999999999996,0.06245520920722159,93.75447907927784,16.652718071525562,8.487147096791707,3.008421737622957,0.29708564738584875,2000-02-01
2000.03,1442.21,16.76,50.95,171.2,2000.208333333216,6.26,2578.8559683119156,29.96902394859813,1098976.8719569219,91.10511755257009,38824.35403041525,43.22074843996587,2000-03-01,286.0,29.37,3.7575757575757596,2598.6823333333327,-0.7629391544747153,0.03840532231238347,11.416955603004688,1.0299999999999994,0.05697760536217173,94.30223946378283,16.726854342708958,8.601877588705198,3.08001291858013,0.2623818576491337,2000-03-01
2000.04,1461.36,16.740000000000002,51.27333333333333,171.3,2000.2916666665492,5.99,2611.5731663747806,29.915787215411555,1113981.6548205141,91.62975685931113,39085.20331392025,43.52857428850774,2000-04-01,280.0,29.84,3.0685920577617543,2611.5731663747806,0.0,0.013278232712295557,10.917698666318511,0.8100000000000005,0.04746724838970809,95.2532751610292,16.803675194012165,8.716953308926085,3.0658531883071474,0.24698853693639786,2000-04-01
2000.05,1418.48,16.72,51.59666666666667,171.5,2000.3749999998824,6.44,2531.9867999999997,29.845199999999995,1081094.5163526116,92.10004999999998,39324.39893083224,41.96605050332432,2000-05-01,275.0,25.72,3.1889290012033777,2611.5731663747806,-3.0474492309651677,-0.02934253024579836,11.517454891256964,0.9000000000000004,0.06180922457686628,93.81907754231337,16.88140356746365,8.815934602686324,2.8453757958024175,0.26031219447689025,2000-05-01
2000.06,1461.96,16.7,51.92,172.4,2000.4583333332157,6.1,2595.9754054524356,29.653881960556838,1109471.1589803258,92.19338631090486,39401.722738145036,42.781971567071444,2000-06-01,286.0,28.79,3.73044524669075,2611.5731663747806,-0.5972553678822209,0.030652529468163214,11.674899521713625,0.1999999999999993,0.05757866652599115,94.24213334740088,16.96190990015628,8.919438502081654,2.8948079703547682,0.2236260081471592,2000-06-01
2000.07,1473.0,16.583333333333332,52.51333333333334,172.8,2000.541666666549,6.05,2609.5243489583327,29.378555410879617,1116308.0433657642,93.03110792824073,39797.05117715377,42.75809361826958,2000-07-01,282.0,31.82,3.659268146370742,2611.5731663747806,-0.0784514653017355,0.007551506197160052,11.023572503169275,0.2599999999999998,0.051931056007529404,94.80689439924706,17.042553216472694,9.020770766964269,2.8507032343590804,0.21836500921974933,2000-07-01
2000.08,1485.46,16.46666666666667,53.10666666666666,172.8,2000.6249999998822,5.83,2631.598125868055,29.171872106481477,1126790.7459620233,94.08224016203701,40283.88549600114,42.869565494419476,2000-08-01,274.47,29.7,3.4111310592459754,2631.598125868055,0.0,0.008458927359131119,9.893456773094387,-0.11000000000000032,0.04496614795015825,95.50338520498417,17.12246740807715,9.121503435512528,2.822681399877763,0.20804191177440629,2000-08-01
2000.09,1468.05,16.35,53.7,173.7,2000.7083333332155,5.8,2587.279656735751,28.815110103626942,1108842.74553908,94.64045336787564,40560.50913487183,41.89800792488472,2000-09-01,274.0,31.26,3.4544371649791517,2631.598125868055,-1.684089553669415,-0.011720275200947872,9.991198861347828,-0.1200000000000001,0.05078588877296695,94.9214111227033,17.197621149131713,9.213658827690878,2.6808445198250745,0.2094184768272238,2000-09-01
2000.1,1390.14,16.323333333333334,52.46666666666667,174.0,2000.7916666665487,5.74,2445.7476025862065,28.718512787356318,1049211.3492102267,92.30741091954022,39599.336845135425,39.369699044201354,2000-10-01,270.0,33.88,3.4482758620689724,2631.598125868055,-7.06226841609959,-0.05307039950955339,11.624296399361022,-0.3700000000000001,0.08264180462963543,91.73581953703646,17.26513646479869,9.286744413109783,2.380227299913455,0.23679279369510073,2000-10-01
2000.11,1378.04,16.296666666666667,51.23333333333333,174.1,2000.874999999882,5.72,2423.066858701895,28.655128230901777,1040505.8501677152,90.08576823664558,38684.35100354557,38.78214245678476,2000-11-01,266.0,33.11,3.446226975638722,2631.598125868055,-7.924130402599909,-0.0087041592933087,9.347577188558734,-0.3100000000000005,0.07060256438531745,92.93974356146826,17.33133474409867,9.354889065574826,2.2930050332315743,0.22882355176329897,2000-11-01
2000.12,1330.93,16.27,50.0,174.0,2000.9583333332153,5.24,2341.5762849137927,28.62468060344827,1006536.7476800175,87.96767241379308,37813.28648689328,37.27423800449718,2000-12-01,271.0,34.42,3.3868092691621943,2631.598125868055,-11.020749638913657,-0.03418623552291655,9.386982975147836,-1.04,0.0850982282364596,91.49017717635404,17.39078029220226,9.413412878897718,2.1122474885668896,0.2647046273151218,2000-12-01
2001.01,1335.63,16.169999999999998,48.48,175.1,2001.0416666665485,5.16,2335.0832257281554,28.27002669902912,1004758.3441143672,84.75763106796114,36470.193483722665,36.97886799702981,2001-01-01,265.0,28.44,3.7322274881516515,2631.598125868055,-11.267484089809175,0.003531365285927901,9.426583476955473,-1.5,0.09041767729188843,90.95823227081115,17.4477721645732,9.469712994344386,2.062480229772666,0.2817322894860512,2001-01-01
2001.02,1305.75,16.07,46.96,175.8,2001.1249999998818,5.1,2273.7541702218423,27.983327218430027,979372.5936293626,81.77330716723549,35222.16120760856,35.834662651431266,2001-02-01,262.0,29.59,3.5335689045936425,2631.598125868055,-13.597971214855415,-0.02237146515127697,9.35131374916686,-1.42,0.10090631835751779,89.90936816424822,17.499994741989667,9.519137275052472,1.9260850410774786,0.2849627369045736,2001-02-01
2001.03,1185.85,15.97,45.44,176.2,2001.208333333215,4.89,2060.2797722758223,27.74606228717366,888418.8310152991,78.9468422247446,34042.88205197554,32.32583723617873,2001-03-01,263.0,29.61,2.9205607476635587,2631.598125868055,-21.709939218161526,-0.09182462186482876,11.588886817975744,-1.37,0.18177407251357294,81.8225927486427,17.541447338181303,9.551151604937713,1.5479169957216734,0.3267400878520031,2001-03-01
2001.04,1189.84,15.876666666666665,42.556666666666665,176.9,2001.2916666665483,5.14,2059.031908422837,27.474755652911238,888868.0249185822,73.64480483323909,31791.888192629645,32.17390116836067,2001-04-01,260.48,27.25,3.2691185055458316,2631.598125868055,-21.75735769899714,0.003364675127545569,11.359092466773097,-0.8500000000000005,0.18577238375884847,81.42276162411515,17.581030090182416,9.582219002622606,1.5229114544537397,0.3072095531074987,2001-04-01
2001.05,1270.37,15.783333333333331,39.67333333333333,177.7,2001.3749999998815,5.39,2188.4929216375913,27.190277855936966,945733.4877714993,68.34607962858749,29535.017282252105,34.074643217140014,2001-05-01,272.0,27.49,3.6151603498542295,2631.598125868055,-16.83787504918904,0.0676813689235527,13.997118751097565,-1.0500000000000007,0.18306148699523156,81.69385130047684,17.626892562230864,9.621568508353498,1.7094666675843053,0.3016003401998967,2001-05-01
2001.06,1238.71,15.69,36.79,178.0,2001.4583333332148,5.28,2130.3550310393252,26.983935252808983,921581.5632859854,63.27208272471909,27371.205296874494,33.06853441111275,2001-06-01,270.0,28.63,3.248259860788849,2631.598125868055,-19.04709879147639,-0.024921873155065,13.396585742038047,-0.8199999999999994,0.18886017476804948,81.11398252319505,17.671296360928203,9.655877491316772,1.594597494016551,0.29839305472730265,2001-06-01
2001.07,1204.45,15.706666666666667,33.96333333333333,177.5,2001.541666666548,5.24,2077.2691119718306,27.08869070422535,899593.3811412338,58.575269436619706,25366.922552335178,32.16303868744433,2001-07-01,268.0,27.6,2.719907407407396,2631.598125868055,-21.064349014664774,-0.027657805297446547,13.268919103345844,-0.8099999999999996,0.19683982554900417,80.31601744509959,17.713723094202514,9.685940838314718,1.4917823507742887,0.30404284073376125,2001-07-01
2001.08,1178.5,15.723333333333333,31.136666666666667,177.5,2001.6249999998813,4.97,2032.5141338028166,27.11743507042253,881190.1838111083,53.70022492957745,23281.56556916861,31.404318760780118,2001-08-01,272.0,26.43,2.719907407407396,2631.598125868055,-22.765025790844316,-0.02154510357424555,13.003330938402998,-0.8600000000000003,0.21092742234701647,78.90725776529835,17.755069953418424,9.712561891484219,1.4053191073437672,0.31358766726526177,2001-08-01
2001.09,1044.64,15.74,28.31,178.3,2001.7083333332146,4.73,1793.5671991026359,27.024379416713398,778571.8444424919,48.60611062815479,21099.48778159648,27.66739258686248,2001-09-01,283.0,27.37,2.648244099021313,2631.598125868055,-31.844943136558417,-0.11358506576156124,16.05894094367784,-1.0699999999999994,0.39699292187951696,60.3007078120483,17.785099397971273,9.72647906438911,1.0160195815433941,0.40603187711018257,2001-09-01
2001.1,1076.59,15.740000000000002,27.103333333333335,177.7,2001.7916666665478,4.57,1854.664069921215,27.115626617895327,806074.350089706,46.691478193584686,20293.056597155217,28.57737311336008,2001-10-01,283.0,26.2,2.126436781609198,2631.598125868055,-29.523278965345877,0.030584699035074214,16.738563126295343,-1.17,0.3602221262140648,63.97778737859352,17.818845260205165,9.742821317466305,1.1042517872998157,0.3911859248216398,2001-10-01
2001.11,1129.68,15.740000000000002,25.896666666666665,177.4,2001.874999999881,4.65,1949.4143979706873,27.161481679819612,848238.4944465676,44.688172632468984,19444.930904785375,30.00510381105679,2001-11-01,276.0,22.17,1.895462377943713,2631.598125868055,-25.922792739196964,0.04931310898299279,18.113519095253622,-1.0699999999999994,0.33009982704067625,66.99001729593238,17.858751902307194,9.763267558632926,1.2440867604831223,0.368213020525763,2001-11-01
2001.12,1144.93,15.74,24.69,176.7,2001.9583333332143,5.09,1983.5572075551781,27.269082342954157,864083.6644334655,42.774691426146006,18633.650681580762,30.499953255020433,2001-12-01,276.0,19.64,1.551724137931032,2631.598125868055,-24.62537543034292,0.01349939805962741,18.19388187111045,-0.15000000000000036,0.30321736791471754,69.67826320852825,17.897353002424126,9.785736348257137,1.2878540565668173,0.3207348930263202,2001-12-01
2002.01,1140.21,15.736666666666668,24.69333333333333,177.1,2002.0416666665476,5.04,1970.9183330039525,27.20173023715415,859565.352194282,42.683841897233194,18615.46010254029,30.277204433095978,2002-01-01,282.0,19.39,1.142204454597362,2631.598125868055,-25.105649163136246,-0.004122522774318127,18.142481399833635,-0.1200000000000001,0.29739200076319694,70.26079992368031,17.933503579190962,9.807401008810803,1.2586108024761753,0.3180228329145452,2002-01-01
2002.02,1100.67,15.733333333333334,24.69666666666667,177.8,2002.1249999998809,4.91,1895.080739173228,27.08889763779527,827475.2461905521,42.52153444881889,18566.764180077593,29.085704152008407,2002-02-01,296.0,19.72,1.1376564277588264,2631.598125868055,-27.98745672658056,-0.03467782250638041,18.262061488167422,-0.1899999999999995,0.34157667916451107,65.8423320835489,17.965785680709075,9.824962840150977,1.1318025983626474,0.3420676278979915,2002-02-01
2002.03,1153.79,15.73,24.7,178.8,2002.2083333332141,5.28,1975.4297999161067,26.93168666107382,863539.1278381803,42.289425335570456,18486.393934427455,30.292130640918653,2002-03-01,294.0,20.72,1.4755959137344066,2631.598125868055,-24.934214669859802,0.04826151344181251,16.978975036009746,0.39000000000000057,0.28027954559970303,71.9720454400297,18.000470366240474,9.846412788212506,1.2483389168279606,0.32061650876439246,2002-03-01
2002.04,1111.93,15.833333333333332,25.38,179.8,2002.2916666665474,5.21,1893.1721416852054,26.957835094549488,828563.0544460361,43.21199082313681,18912.099072639823,29.00588325311866,2002-04-01,303.0,24.53,1.6393442622950838,2631.598125868055,-28.059982902566986,-0.0362804323143725,17.323320260894207,0.07000000000000028,0.33661331612810336,66.33866838718967,18.031277926169977,9.863480720258336,1.1126503552045517,0.3349162655046412,2002-04-01
2002.05,1079.25,15.936666666666667,26.06,179.8,2002.3749999998806,5.16,1837.5311700500552,27.13377043937708,805200.9157756959,44.369758898776404,19442.70175132234,28.128107508688316,2002-05-01,314.0,26.18,1.1817670230725996,2631.598125868055,-30.17432441574148,-0.0293903393199213,15.541834251856084,-0.22999999999999954,0.315047513162348,68.4952486837652,18.06034865202641,9.877803297825405,1.0192305468239402,0.3377119548071252,2002-05-01
2002.06,1014.02,16.04,26.74,179.9,2002.458333333214,4.93,1725.510881322957,27.294525291828787,757110.6434696993,45.50221984435796,19965.226135953686,26.38767254118334,2002-06-01,321.0,27.04,1.0674157303370846,2631.598125868055,-34.4310643649747,-0.06044012045401903,16.24058483448179,-0.35000000000000053,0.3921663505630908,60.78336494369092,18.084645360985977,9.887521201756375,0.8397481037737192,0.3785217514402032,2002-06-01
2002.07,903.59,15.96,27.84,180.1,2002.5416666665471,4.65,1535.8897708217655,27.12823375902276,674901.6159988827,47.321430316490826,20794.011652861245,23.463120467431427,2002-07-01,313.0,25.52,1.4647887323943731,2631.598125868055,-41.636614051199814,-0.10890317745212119,18.743264514690164,-0.5899999999999999,0.5855030766731171,41.449692332688294,18.101491001086792,9.8915145270711,0.542043329327468,0.47137036904675456,2002-07-01
2002.08,912.55,15.879999999999999,28.939999999999998,180.7,2002.6249999998804,4.26,1545.9692868013278,26.90262700608743,680315.8937579321,49.02783536247924,21575.082971184653,23.58871352884236,2002-08-01,310.0,26.97,1.8028169014084439,2631.598125868055,-41.2535952353524,0.009916001726446577,19.018627344592346,-0.71,0.5968790856364853,40.31209143635147,18.117172414533492,9.895737173999537,0.5529190011922525,0.478661922895682,2002-08-01
2002.09,867.81,15.8,30.04,181.0,2002.7083333332137,3.87,1467.7376009668503,26.722732044198892,646869.3899373647,50.80701712707181,22391.948091999904,22.365036801224317,2002-09-01,319.0,28.39,1.5143017386427315,2631.598125868055,-44.226377631930234,-0.049027450550654716,16.46443472955626,-0.8600000000000003,0.5736540838820359,42.63459161179641,18.130370143001024,9.898231999641542,0.42782050959975976,0.48268218482501435,2002-09-01
2002.1,854.63,15.89,29.223333333333333,181.3,2002.791666666547,3.94,1443.0543040540535,26.83047972972972,636976.2379178777,49.343993243243226,21780.851276092322,21.95623386365907,2002-10-01,317.0,29.66,2.025886325267323,2631.598125868055,-45.16433607893493,-0.015187656284209594,15.723594183667439,-0.6300000000000003,0.5874499050466485,41.25500949533515,18.142656393027416,9.900233541753181,0.38520075860314773,0.4807341977345448,2002-10-01
2002.11,909.93,15.98,28.406666666666666,181.3,2002.8749999998802,4.05,1536.429101351351,26.98244594594594,679185.1774359763,47.96504054054053,21203.15512222329,23.348396502725116,2002-11-01,319.0,28.84,2.19842164599775,2631.598125868055,-41.61611964043534,0.06470636415758868,16.49961603101496,-0.6000000000000005,0.5541597911818106,44.584020881818944,18.156571675771183,9.904029960141754,0.524213360404619,0.4594840824761184,2002-11-01
2002.12,899.18,16.07,27.59,180.9,2002.9583333332134,4.03,1521.6347454394688,27.194410862354886,673647.0519385632,46.689097429519066,20669.857162064283,23.101442537685614,2002-12-01,332.0,26.35,2.376910016977929,2631.598125868055,-42.178301068004274,-0.011814095589770646,16.183594851783205,-1.0599999999999996,0.5614792181971398,43.85207818028603,18.168948684370108,9.907426511195021,0.4978582326845395,0.4803497805546562,2002-12-01
2003.01,895.84,16.119999999999997,28.5,181.7,2003.0416666665467,4.05,1509.3079779856905,27.158917446340116,669191.8017416785,48.01669647771051,21289.478422081887,22.8983485766132,2003-01-01,356.86,29.46,2.5974025974025983,2631.598125868055,-42.64671481752813,-0.003714495429168685,16.18771388820088,-0.9900000000000002,0.576447319539568,42.35526804604321,18.18057595689597,9.910521968124872,0.47603674507669314,0.48385091893160226,2003-01-01
2003.02,837.03,16.169999999999998,29.41,183.1,2003.12499999988,3.9,1399.4423884489347,27.03485349535772,621478.858016133,49.17099822501364,21836.36573868854,21.214102123415266,2003-02-01,359.0,32.95,2.9808773903261976,2631.598125868055,-46.821576794241075,-0.06564788355063411,16.80204594187467,-1.0100000000000002,0.6679867290628437,33.201327093715626,18.189809880574362,9.91179892353137,0.30512041922692784,0.5261196004249958,2003-02-01
2003.03,846.63,16.22,30.32,184.2,2003.2083333332132,3.81,1407.0397683224753,26.956504071661232,625850.3746993244,50.38971661237784,22413.313207521012,21.30971902699097,2003-03-01,341.0,35.83,3.0201342281878985,2631.598125868055,-46.532878463030855,0.011469122970502843,15.487962031885468,-1.4700000000000002,0.6349872567240363,36.50127432759637,18.2006364832652,9.913075683734316,0.3136345008267463,0.5309438988903501,2003-03-01
2003.04,890.03,16.203333333333333,31.73,183.8,2003.2916666665465,3.96,1482.3866094940147,26.987409820457014,660364.9325571136,52.847799646354716,23542.329258606132,22.42793957773088,2003-04-01,328.0,33.51,2.2246941045606317,2631.598125868055,-43.66971936472873,0.051262062530267105,17.148265741994827,-1.25,0.604145197626871,39.5854802373129,18.215892593019866,9.915349555434341,0.42480065490000807,0.504994459653049,2003-04-01
2003.05,935.96,16.186666666666667,33.13999999999999,183.5,2003.3749999998797,3.57,1561.4337596730243,27.003726430517705,696580.850738117,55.286459673024495,24664.18371881404,23.591080453481464,2003-05-01,356.0,28.17,2.057842046718572,2631.598125868055,-40.66594954888972,0.05160500207858165,18.38961090883332,-1.5900000000000003,0.5803970018802103,41.96029981197897,18.236105764391564,9.918878759001734,0.5398770182799211,0.5020854996211837,2003-05-01
2003.06,988.0,16.17,34.55,183.7,2003.458333333213,3.33,1646.4560152422425,26.94655239520958,735512.428274139,57.5759669297768,25720.601616266697,24.832223259531045,2003-06-01,356.0,28.11,2.1122846025569686,2631.598125868055,-37.43512738294169,0.05560066669515784,18.610397471779645,-1.5999999999999996,0.5345331461084274,46.54668538915726,18.261172153868927,9.924127261858944,0.6621288635542203,0.478404162289606,2003-06-01
2003.07,992.54,16.310000000000002,35.89333333333333,183.9,2003.5416666665462,3.98,1652.2228866231644,27.150296492659052,739099.3571444277,59.74951821642195,26728.131453077276,24.867329101268762,2003-07-01,351.0,30.66,2.1099389228206533,2631.598125868055,-37.21598786751816,0.00459514170040487,14.40467754794876,-0.6700000000000004,0.42625648946551276,57.37435105344873,18.2861105164447,9.929429691094963,0.6627992532870556,0.404581327536324,2003-07-01
2003.08,989.53,16.450000000000003,37.236666666666665,184.6,2003.6249999998795,4.45,1640.966116332611,27.27950907367281,735080.72093576,61.7506374593716,27661.572442046137,24.642251409932143,2003-08-01,360.0,30.76,2.158273381294973,2631.598125868055,-37.643742021159696,-0.003032623370342713,14.450358572208547,0.1900000000000004,0.4359509307180263,56.40490692819738,18.312120933987,9.933792572577234,0.637231996711891,0.3904086689712338,2003-08-01
2003.09,1019.44,16.59,38.58,185.2,2003.7083333332127,4.27,1685.0897332613388,27.422544411447078,755869.8372449738,63.77105264578832,28605.36992948196,25.243686752606234,2003-09-01,378.95,31.57,2.3204419889502725,2631.598125868055,-35.96705679726468,0.030226471152971612,13.181860571541185,0.39999999999999947,0.3835238347100693,61.64761652899307,18.339255317739223,9.939361883768916,0.6946554029934277,0.37537898633440947,2003-09-01
2003.1,1038.73,16.85666666666667,41.96666666666667,185.0,2003.791666666546,4.29,1718.8314490540538,27.893455270270266,772047.8067685644,69.4440581081081,31192.199086757308,25.682756070579668,2003-10-01,379.0,28.31,2.0408163265306145,2631.598125868055,-34.684880941421,0.0189221533390882,12.78851509496676,0.3500000000000001,0.34598966467054476,65.40103353294553,18.366392094854906,9.946054501061981,0.7356046535783173,0.35668609758035014,2003-10-01
2003.11,1049.9,17.123333333333335,45.35333333333333,184.5,2003.8749999998793,4.3,1742.0231016260161,28.411507994579942,783528.2720097793,75.25150433604334,33846.67006052975,25.946798218420103,2003-11-01,390.0,30.34,1.7650303364588948,2631.598125868055,-33.80360456627871,0.010753516313190215,11.683962275129296,0.25,0.30096796160989747,69.90320383901025,18.397766964462434,9.95211744801363,0.7585351854408029,0.33430082175757786,2003-11-01
2003.12,1080.64,17.39,48.74,184.3,2003.9583333332125,4.27,1794.9735301139442,28.88528065653825,808427.0198305071,80.95851519262071,36462.40463664025,26.635170511081512,2003-12-01,406.953,31.11,1.8794914317302513,2631.598125868055,-31.791502947591706,0.029278978950376233,11.471056174076384,0.23999999999999932,0.2723242705167604,72.76757294832396,18.43427207786486,9.958178276663869,0.8235340044508691,0.3181732763822159,2003-12-01
2004.01,1132.52,17.6,49.826666666666675,185.2,2004.0416666665458,4.15,1872.0060275377966,29.09203023758099,844213.0912424928,82.36130075593952,37142.235274411,27.65854035573655,2004-01-01,414.0,32.13,1.9262520638414937,2631.598125868055,-28.86428937851977,0.048008587503701294,11.668511009606346,0.10000000000000053,0.2401186125102314,75.98813874897687,18.47351601804048,9.966634564031033,0.9215773166645695,0.29355144904881786,2004-01-01
2004.02,1143.36,17.810000000000002,50.913333333333334,186.2,2004.124999999879,4.08,1879.7741052631577,29.281046052631577,848816.6375539593,83.7055394736842,37797.44298091932,27.6508620367402,2004-02-01,405.0,34.31,1.6930638995084513,2631.598125868055,-28.569104576212666,0.00957157489492455,7.194214090175096,0.18000000000000016,0.16107789846787235,83.89221015321276,18.514331409030856,9.97406544798331,0.9160287422774722,0.26704137016331686,2004-02-01
2004.03,1123.98,18.02,52.0,187.4,2004.2083333332123,3.83,1836.0789084845246,29.436593116328705,830193.6441086059,84.94466382070436,38408.2185569561,26.886530384035847,2004-03-01,407.0,34.69,1.7372421281216077,2631.598125868055,-30.22950995304884,-0.016950041981528052,8.316648192000288,0.020000000000000018,0.19444185173048786,80.5558148269512,18.552042981655568,9.979998359263128,0.8351191154900807,0.27562680557025365,2004-03-01
2004.04,1133.36,18.213333333333335,53.38333333333333,188.0,2004.2916666665456,4.35,1845.4928904255314,29.657458510638296,835567.7127596006,86.9260977393617,39356.7707814081,26.900577508444865,2004-04-01,403.0,36.74,2.285092491838947,2631.598125868055,-29.871781246356527,0.008345344223206652,7.886795401857662,0.3899999999999997,0.19541684530564016,80.45831546943599,18.5919045551553,9.98461745378568,0.8321473498355536,0.2878562920777936,2004-04-01
2004.05,1102.78,18.406666666666666,54.76666666666667,189.1,2004.3749999998788,4.72,1785.2526940772075,29.79792094130089,809417.5634189163,88.65987704918032,40197.59325514547,25.90281429294374,2004-05-01,383.78,36.75,3.051771117166213,2631.598125868055,-32.16089202494295,-0.026981718077221606,8.411846710129176,1.15,0.2482713639581582,75.17286360418419,18.63053615889312,9.98592840281444,0.7282525811021235,0.33937460958354504,2004-05-01
2004.06,1132.76,18.6,56.15,189.7,2004.458333333212,4.73,1827.9862250922506,30.015664206642068,829926.6326135271,90.61180350553504,41138.79411459581,26.401285366474895,2004-06-01,392.37,40.28,3.2661948829613596,2631.598125868055,-30.537029680803794,0.027185839424001212,7.28422337636326,1.4000000000000004,0.2141173868910007,78.58826131089994,18.67084945485533,9.987928847407316,0.7739778716611748,0.3317247585932809,2004-06-01
2004.07,1105.85,18.78666666666667,56.69,189.4,2004.5416666665453,4.5,1787.3869898363246,30.364917106652584,812642.9508665738,91.62813080781413,41659.1118909672,25.69588864626854,2004-07-01,398.0,38.03,2.9907558455682492,2631.598125868055,-32.079789377158804,-0.023756135456760585,8.091239608812103,0.52,0.23985840266061825,76.01415973393817,18.713354307191278,9.985167038562185,0.6992906890902361,0.3104687670896928,2004-07-01
2004.08,1088.94,18.973333333333333,57.23,189.5,2004.6249999998786,4.28,1759.126542744063,30.65044379947229,800955.5000540542,92.45212044854878,42094.77406293599,25.174462226477758,2004-08-01,401.0,40.78,2.654387865655483,2631.598125868055,-33.15367854034323,-0.015291404801736075,8.38265155618357,-0.16999999999999993,0.2501952499986133,74.98047500013867,18.75599393636721,9.979875651425093,0.6431411085962789,0.3025878041076494,2004-08-01
2004.09,1117.66,19.16,57.77,189.9,2004.7083333332118,4.13,1801.7191240126378,30.886797788309632,821520.4455332463,93.12788665086886,42463.03539399785,25.66840677635768,2004-09-01,405.0,44.9,2.5377969762419017,2631.598125868055,-31.535172247535876,0.02637427222803823,8.280842768487627,-0.13999999999999968,0.22597182060870205,77.4028179391298,18.80318278489697,9.972261698187047,0.6884319925848724,0.2879114646230499,2004-09-01
2004.1,1117.21,19.253333333333334,58.03,190.9,2004.791666666545,4.1,1791.5594776060761,30.874671555788364,818061.1515743295,93.0569870350969,42491.643134109385,25.41165566548932,2004-10-01,420.0,45.94,3.189189189189201,2631.598125868055,-31.921235997418297,-0.00040262691695147623,8.226953516617355,-0.1900000000000004,0.24527062967043475,75.47293703295652,18.84947909554052,9.964120613236046,0.6585806038148311,0.29648127395939905,2004-10-01
2004.11,1168.94,19.346666666666668,58.29,191.0,2004.8749999998784,4.19,1873.532355235602,31.008097905759158,856671.4819742881,93.42498416230366,42718.51479484084,26.465310814818036,2004-11-01,439.0,53.28,3.5230352303523116,2631.598125868055,-28.80628934869752,0.046302843690980255,9.150950677335345,-0.10999999999999943,0.23241090473064668,76.75890952693534,18.898135557490694,9.958406111904832,0.7598781544248452,0.2801588070275369,2004-11-01
2004.12,1199.21,19.44,58.55,190.3,2004.9583333332116,4.23,1929.118020362585,31.272299527062525,883279.5953845524,94.18688977929581,43125.074265362644,27.144808694741215,2004-12-01,442.0,48.47,3.255561584373301,2631.598125868055,-26.69404946751704,0.02589525553065175,9.076339476842197,-0.03999999999999915,0.2012198151990496,79.87801848009504,18.950512637042966,9.952036017073787,0.8233788587219795,0.2602891065720511,2004-12-01
2005.01,1181.41,19.703333333333333,59.10666666666666,190.7,2005.0416666665449,4.22,1896.497586654431,31.62942933927635,869550.6128071798,94.8829370739381,43504.15031275315,26.587250697970365,2005-01-01,424.0,43.15,2.969762419006483,2631.598125868055,-27.93361691467024,-0.014843105044153981,8.27193601827227,0.0699999999999994,0.1955100093220325,80.44899906779675,18.999585568125095,9.945997097588005,0.7628863205364647,0.2615806758718269,2005-01-01
2005.02,1199.63,19.96666666666667,59.663333333333334,191.8,2005.1249999998781,4.17,1914.701422445255,31.8683302919708,879114.7784598029,95.22725273722625,43722.579516606536,26.74486312810117,2005-02-01,423.0,46.84,3.0075187969925032,2631.598125868055,-27.241876195907587,0.015422249684698741,8.3370001709019,0.08999999999999986,0.19012896761166223,80.98710323883378,19.04675950260269,9.942335954003969,0.7742751463149167,0.2577478627312808,2005-02-01
2005.03,1194.9,20.23,60.22,193.3,2005.2083333332114,4.5,1892.3525594930156,32.03807203828246,870079.364225796,95.36988127263318,43849.8446009519,26.33914213105792,2005-03-01,434.0,48.15,3.1483457844183604,2631.598125868055,-28.09112679889878,-0.003942882388736524,8.073035755684254,0.6699999999999999,0.19778831133260738,80.22116886673926,19.091691017501617,9.938629357766922,0.7292203836832394,0.28342123520645573,2005-03-01
2005.04,1164.43,20.46333333333333,61.23333333333333,194.6,2005.2916666665446,4.34,1831.778236510791,32.19110521582733,843461.4910678025,96.32686151079135,44354.713152688535,25.40892256911446,2005-04-01,429.0,54.19,3.5106382978723483,2631.598125868055,-30.3929342970419,-0.025500041844505827,8.62692027267312,-0.009999999999999787,0.24176498853441747,75.82350114655824,19.13384614648081,9.933133480696922,0.6317318130102668,0.2790728716729401,2005-04-01
2005.05,1178.28,20.696666666666665,62.24666666666667,194.4,2005.374999999878,4.14,1855.4727916666664,32.59166062242797,855622.4950219763,98.02168955761314,45201.18158683387,25.65023018718296,2005-05-01,422.0,52.98,2.8027498677948293,2631.598125868055,-29.492547762982507,0.011894231512413755,8.031063784433236,-0.5800000000000001,0.20472444046477148,79.52755595352285,19.17504639944705,9.92930508628863,0.6521285962577063,0.2843415327280963,2005-05-01
2005.06,1202.25,20.93,63.26,194.5,2005.4583333332112,4.0,1892.2456908740357,32.942152056555265,873845.643922549,99.56619871465293,45980.016996914484,26.068394871883985,2005-06-01,431.0,49.83,2.530311017395892,2631.598125868055,-28.095187776824304,0.020343212139729117,7.859400535552766,-0.7300000000000004,0.18187840345688372,81.81215965431163,19.216871511287707,9.926533384407767,0.69022317210542,0.27752325823439217,2005-06-01
2005.07,1222.24,21.11,64.33,195.4,2005.5416666665444,4.18,1914.847879222108,33.072423362333666,885556.1598254492,100.78394101842373,46609.36294146089,26.28787109125474,2005-07-01,424.48,56.35,3.167898627243937,2631.598125868055,-27.236310878946256,0.016627157413183546,7.249708891116449,-0.3200000000000003,0.1769880406470323,82.30119593529676,19.259607911407198,9.923757339532294,0.7082260215946377,0.2573424367275018,2005-07-01
2005.08,1224.27,21.29,65.39999999999999,196.4,2005.6249999998777,4.26,1908.2622934063131,33.18459508655803,883789.4376542381,101.93858706720974,47211.6683595834,26.104381410936142,2005-08-01,438.0,59.0,3.641160949868083,2631.598125868055,-27.486561316163854,0.0016608849325827624,6.826807440856028,-0.020000000000000462,0.182515967490586,81.74840325094141,19.304092944233886,9.918430148527175,0.6856214506599168,0.2477714919131855,2005-08-01
2005.09,1225.92,21.47,66.47,198.8,2005.708333333211,4.2,1887.7657183098588,33.061154049295766,875572.6784922194,102.35560827464785,47473.9917281534,25.730122990164464,2005-09-01,456.05,64.99,4.686677198525535,2631.598125868055,-28.265425493599512,0.0013477419196745721,6.6272168537281075,0.07000000000000028,0.20948602211309705,79.0513977886903,19.34801299321612,9.91176038349951,0.6438926840455999,0.26019841414395484,2005-09-01
2005.1,1191.96,21.72,67.58999999999999,199.2,2005.7916666665442,4.46,1831.785817771084,33.37896234939758,850898.5383792699,103.8712737198795,48250.136085988495,24.876538723647947,2005-10-01,470.0,65.59,4.347826086956519,2631.598125868055,-30.39264621125028,-0.027701644479248277,7.504517279410473,0.3600000000000003,0.2416487005682075,75.83512994317925,19.388426712510974,9.904536477225939,0.55410084295778,0.28698033245230936,2005-10-01
2005.11,1237.37,21.97,68.71,197.6,2005.8749999998774,4.54,1916.968545926113,34.03654440789473,891785.0484976227,106.44747229251008,49519.99053013379,25.931783309069008,2005-11-01,477.0,62.26,3.4554973821989465,2631.598125868055,-27.155726131481998,0.038096916003892645,7.0504143996286714,0.34999999999999964,0.17889619260024767,82.11038073997523,19.431470945430757,9.899191551421065,0.6566508315222073,0.2552940201689772,2005-11-01
2005.12,1262.07,22.22,69.83,196.8,2005.9583333332107,4.47,1963.1825910823165,34.56378582317072,914624.0339774077,108.62237461890241,50605.906401897184,26.443803114292393,2005-12-01,510.0,58.32,3.4156594850236477,2631.598125868055,-25.399605213856724,0.019961692945521525,6.880971767236817,0.23999999999999932,0.1593363122775612,84.06636877224388,19.476452708480856,9.894146629239838,0.7041891197792806,0.23871167668504872,2005-12-01
2006.01,1278.73,22.406666666666666,70.77666666666666,198.3,2006.041666666544,4.42,1974.0515283661116,34.59050353000504,921030.6889044694,109.26214838628336,50978.30039051401,26.468702626685708,2006-01-01,550.0,59.41,3.9853172522286373,2631.598125868055,-24.986588607067276,0.013200535627976295,6.588568847143704,0.20000000000000018,0.16192220752532283,83.80777924746772,19.518907295325477,9.8912598558693,0.7026198313085814,0.23594703775643813,2006-01-01
2006.02,1276.65,22.593333333333334,71.72333333333334,198.7,2006.1249999998772,4.57,1966.8730391293404,34.80845822848515,919034.8085325891,110.50067803220936,51632.19356700668,26.249624763583277,2006-02-01,555.0,65.49,3.59749739311781,2631.598125868055,-25.259369210085953,-0.0016266139059848417,6.565266628364068,0.40000000000000036,0.15711545544124192,84.28845445587581,19.559639328017514,9.88869342124467,0.6765287536564875,0.24138917236529694,2006-02-01
2006.03,1293.74,22.78,72.67,199.8,2006.2083333332105,4.72,1982.2291884384379,34.90282507507507,927569.1223068653,111.34276989489486,52102.005130891754,26.327837778667668,2006-03-01,557.0,61.63,3.3626487325400856,2631.598125868055,-24.675839789003394,0.013386597736262829,6.525882163824871,0.21999999999999975,0.14754305986082222,85.24569401391777,19.60046178183724,9.886208239125557,0.6804809118025892,0.22863466401647733,2006-03-01
2006.04,1302.17,23.0,73.27666666666666,201.5,2006.2916666665437,4.99,1978.3128867245655,34.942593052109174,927099.1120688193,111.32507580645158,52170.4021763898,26.147280943874513,2006-04-01,611.0,62.69,3.5457348406988665,2631.598125868055,-24.824658169567503,0.006515992394144243,5.501774512710791,0.6500000000000004,0.13918439368199337,86.08156063180066,19.640623217425205,9.883346794182302,0.6583455849469295,0.24110253429966383,2006-04-01
2006.05,1290.01,23.22,73.88333333333333,202.5,2006.374999999877,5.11,1950.1606729629625,35.102619999999995,915276.9553115859,111.69244506172836,52421.07610142893,25.650640708757326,2006-05-01,675.0,69.44,4.166666666666674,2631.598125868055,-25.894434496160564,-0.009338258445517944,5.801486743610829,0.9700000000000006,0.1627373679921424,83.72626320078575,19.679841514989505,9.879092600036373,0.6043874104131626,0.2630977453055968,2006-05-01
2006.06,1253.17,23.44,74.49,202.9,2006.4583333332102,5.11,1890.7333621241987,35.36534549038935,888768.8706026897,112.38756764415966,52829.5388264915,24.74958224164637,2006-06-01,596.0,70.84,4.318766066838053,2631.598125868055,-28.15265585050056,-0.0285579181556731,6.639848084899771,1.1100000000000003,0.20047375908946852,79.95262409105315,19.7165241277957,9.873314009493807,0.5097638046365252,0.2865383485762518,2006-06-01
2006.07,1260.24,23.66,75.85,203.5,2006.5416666665435,5.09,1895.794204422604,35.592022850122845,892542.0146109054,114.10206818181815,53719.38028330887,24.6967867668533,2006-07-01,634.0,70.95,4.145342886386905,2631.598125868055,-27.96034524468814,0.005641692667395448,6.494570988704367,0.9100000000000001,0.192506124776128,80.74938752238721,19.752466617457262,9.867809857991439,0.5010554743707272,0.2747075681864673,2006-07-01
2006.08,1287.15,23.88,77.21,203.9,2006.6249999998768,4.88,1932.4767612800388,35.852499754781746,911218.8194627602,115.92007981853847,54659.678398570264,25.05139356201095,2006-08-01,633.0,74.41,3.8187372708757605,2631.598125868055,-26.56641824280845,0.02135307560464672,6.753081152099353,0.6200000000000001,0.17589186274888158,82.41081372511184,19.789837194011437,9.862315144208667,0.5335011395462451,0.2532109858125671,2006-08-01
2006.09,1317.74,24.1,78.57,202.9,2006.70833333321,4.72,1988.1540258748148,36.3611274026614,938901.0410651123,118.54331037456872,55981.79822763661,25.644156440797378,2006-09-01,598.0,73.04,2.062374245472842,2631.598125868055,-24.45069760721898,0.02376568387522826,7.011278952396221,0.5199999999999996,0.1308069858645655,86.91930141354345,19.82827654259826,9.85807753357941,0.5899608598520939,0.22686665707883238,2006-09-01
2006.1,1363.38,24.36,79.55,201.8,2006.7916666665433,4.73,2068.226516105054,36.95374578790881,978169.3619737278,120.67612797324081,57073.86990054868,26.538040282101708,2006-10-01,586.0,63.8,1.3052208835341528,2631.598125868055,-21.40796515338633,0.03463505699151592,6.471027832279919,0.27000000000000046,0.09520550379991755,90.47944962000824,19.870477498558774,9.854181032506903,0.6766227210103026,0.19559493349758963,2006-10-01
2006.11,1388.64,24.619999999999997,80.53,201.5,2006.8749999998765,4.6,2109.681844168734,37.4037669975186,999249.8705018024,122.34465297766747,57948.490661013755,26.928020270856482,2006-11-01,627.827,58.89,1.9736842105263275,2631.598125868055,-19.83267416741917,0.01852748316683539,5.857764324462858,0.05999999999999961,0.08875861016136982,91.12413898386302,19.914030733031964,9.850617808471473,0.7120354960673155,0.17994791746472963,2006-11-01
2006.12,1416.42,24.88,81.51,201.8,2006.9583333332098,4.56,2148.6873813181364,37.74257779980177,1019214.5554897549,123.64941786422197,58652.22068169746,27.28268978757168,2006-12-01,630.0,59.08,2.5406504065040636,2631.598125868055,-18.35047455776046,0.020005184929139386,5.858589852792751,0.08999999999999986,0.08690513514306264,91.30948648569374,19.9576004554236,9.848419059767961,0.7437832699536516,0.17512972141911765,2006-12-01
2007.01,1424.16,25.083333333333332,82.05666666666667,202.416,2007.041666666543,4.76,2153.85414394119,37.93523301023634,1023164.8981725189,124.0998845199984,58952.295384209865,27.20753665680713,2007-01-01,631.0,61.96,2.0756429652042385,2631.598125868055,-18.15413900894449,0.005464480874316946,5.860570676832812,0.33999999999999986,0.08114321421344411,91.8856785786556,20.001404831284766,9.845489339736165,0.7319221601752777,0.1807156306977797,2007-01-01
2007.02,1444.8,25.286666666666665,82.60333333333334,203.499,2007.1249999998763,4.72,2173.4407146963863,38.03922402567088,1033975.1279657101,124.2617994437319,59115.304646821394,27.315181413516612,2007-02-01,664.75,54.51,2.415198792148976,2631.598125868055,-17.40985474446413,0.014492753623188248,5.758068390630144,0.14999999999999947,0.0800616515968037,91.99383484031964,20.046683552282804,9.84152690681668,0.7385538778743085,0.1699327769728225,2007-02-01
2007.03,1406.95,25.49,83.15,205.352,2007.2083333332096,4.56,2097.403902202072,37.99909411644395,999308.4375413357,123.95546001499862,59058.59951068771,26.227605554650886,2007-03-01,655.0,59.28,2.7787787787787677,2631.598125868055,-20.299232561954135,-0.02619739756367656,6.806135506569862,-0.16000000000000014,0.10952517098302156,89.04748290169783,20.089272049624437,9.834988165322079,0.6241322716248972,0.1874387907621547,2007-03-01
2007.04,1463.64,25.71666666666667,83.74000000000001,206.686,2007.2916666665428,4.69,2167.8316581674612,38.08956037177167,1034376.0683481187,124.02928524428359,59180.298409083836,26.97626831418907,2007-04-01,679.0,60.44,2.5736972704714756,2631.598125868055,-17.622997339216315,0.04029283201250933,7.565303099631179,-0.2999999999999998,0.09748880314974277,90.25111968502573,20.134661579916237,9.828943048543342,0.696067390001488,0.1798905604652574,2007-04-01
2007.05,1511.14,25.943333333333335,84.33000000000001,207.949,2007.374999999876,4.75,2224.591175480526,38.19190174033056,1062977.3446002514,124.14453579964318,59320.03617807696,27.548490451851258,2007-05-01,667.31,63.98,2.6908641975308623,2631.598125868055,-15.46615140004609,0.03245333551966323,7.5537941245499045,-0.3600000000000003,0.0866880120609653,91.33119879390347,20.181883812578167,9.823594888084857,0.7498890908264271,0.17116416727666345,2007-05-01
2007.06,1514.19,26.17,84.92,208.352,2007.4583333332093,5.1,2224.769616922323,38.45106682441253,1064593.7001470318,124.77128753263705,59705.385068245036,27.4182627404106,2007-06-01,656.0,63.46,2.687037949728932,2631.598125868055,-15.459370674674574,0.00201834376695742,6.193395650369318,-0.010000000000000675,0.07643757515024707,92.3562424849753,20.228795586970723,9.817697262851762,0.7322966843399632,0.1532447836319569,2007-06-01
2007.07,1520.71,26.440000000000005,82.81333333333333,208.299,2007.5416666665426,5.0,2234.917836979534,38.8576570218772,1070999.3218518044,121.7069630675135,58323.430397832206,27.410088167204318,2007-07-01,665.0,67.49,2.3582309582309557,2631.598125868055,-15.073741122903122,0.004305932544792945,6.219242099415858,-0.08999999999999986,0.07184225291354314,92.81577470864568,20.27558001952469,9.811658624785364,0.7271459821947994,0.15236489294724234,2007-07-01
2007.08,1454.62,26.71,80.70666666666666,207.917,2007.6249999998759,4.67,2141.7160888720014,39.326584766998366,1027906.4116977946,118.82881197785652,57031.320986527986,26.14860718931231,2007-08-01,665.41,74.12,1.9700833742030355,2631.598125868055,-18.615381740115115,-0.043459962780543426,8.54472885880665,-0.20999999999999996,0.10509772586721419,89.49022741327857,20.31969174597636,9.802235483380763,0.5946516438233511,0.1773795556756573,2007-08-01
2007.09,1497.12,26.98,78.6,208.49,2007.708333333209,4.52,2198.233022207299,39.61494532111851,1056615.861013796,115.40899563528224,55473.17962199715,26.725743047696906,2007-09-01,712.65,72.36,2.755051749630355,2631.598125868055,-16.467753924919922,0.029217252615803435,8.653579676575111,-0.20000000000000018,0.10252748956083102,89.7472510439169,20.36596396883088,9.79301891408359,0.6494196666688621,0.16901803541548127,2007-09-01
2007.1,1539.66,27.230000000000004,74.46000000000001,208.936,2007.7916666665424,4.53,2255.8691017823635,39.89667565666041,1085917.6457745554,109.0968222326454,52516.41784833885,27.32064813046201,2007-10-01,755.0,79.92,3.5361744301288356,2631.598125868055,-14.277598862544943,0.02841455594741915,8.488867384512258,-0.20000000000000018,0.09728312598509732,90.27168740149027,20.41472502947228,9.783793995116575,0.7058532819105465,0.1599939738682119,2007-10-01
2007.11,1463.39,27.480000000000004,70.32000000000001,210.177,2007.8749999998756,4.15,2131.460255998515,40.02523444525329,1027636.0053224489,102.42265233588832,49380.79657116327,25.729053579498377,2007-11-01,806.0,85.8,4.306203473945414,2631.598125868055,-19.005100549103222,-0.04953691074652844,10.315511217782907,-0.4499999999999993,0.16420307982218926,83.57969201778107,20.459066011682943,9.771564635930439,0.53931870321335,0.20532616089750566,2007-11-01
2007.12,1479.22,27.73,66.18,210.036,2007.9583333332089,4.1,2155.963361280923,40.41647896074958,1041073.4561180585,96.45735945266524,46577.41331640534,25.95551010524023,2007-12-01,803.0,94.77,4.081268582755193,2631.598125868055,-18.07398933415184,0.010817348758703993,10.208021849769283,-0.45999999999999996,0.15057529451774224,84.94247054822578,20.50428057702379,9.759192077746691,0.5585738537359621,0.19755955666769978,2007-12-01
2008.01,1378.76,27.92,64.25,211.08,2008.0416666665421,3.74,1999.6037137578164,40.49213473564525,967199.7804563879,93.18121979818076,45071.35824532401,24.02231776083682,2008-01-01,890.0,91.69,4.280294047901356,2631.598125868055,-24.01561263849015,-0.06791417098200403,12.479625663311637,-1.0199999999999996,0.2534510049130232,74.65489950869768,20.545338508967962,9.742754698389447,0.35687845578659905,0.27082781196444883,2008-01-01
2008.02,1354.87,28.11,62.32,211.693,2008.1249999998754,3.74,1959.2663239927626,40.649638981921925,949327.2619564414,90.12043761484789,43666.237325444825,23.495263401811787,2008-02-01,922.0,92.97,4.026555413048727,2631.598125868055,-25.54842227870633,-0.01732716353825181,12.423871182136814,-0.9799999999999995,0.26551257444465504,73.4487425555345,20.585477397387702,9.72499377919331,0.29920697848152783,0.2773686443479294,2008-02-01
2008.03,1316.94,28.3,60.39,213.528,2008.2083333332087,3.51,1888.0500442564908,40.57270357985838,916458.9255149615,86.57899537765537,42025.41840315316,22.606810842249335,2008-03-01,968.0,95.39,3.981456231251701,2631.598125868055,-28.254621186367444,-0.027995305822698713,12.458992473138538,-1.0499999999999998,0.3016193492895368,69.83806507104632,20.6234118161783,9.706098809344311,0.20434564545763376,0.299837921213684,2008-03-01
2008.04,1370.47,28.436666666666667,57.383333333333326,214.823,2008.291666666542,3.68,1952.9498932842384,40.522875460262625,949600.4420785676,81.77251213789954,39760.9861589638,23.35604064320161,2008-04-01,910.0,105.45,3.9368897748275122,2631.598125868055,-25.788444896386242,0.040647258037571854,12.473057653215983,-1.0100000000000002,0.26726450938120394,73.2735490618796,20.66256029374034,9.68855487993056,0.2780064088856741,0.27889356335773086,2008-04-01
2008.05,1403.22,28.573333333333334,54.376666666666665,216.632,2008.3749999998752,3.88,1982.9214084253476,40.377613187340735,965809.8598151336,76.84087773274491,37426.4340663243,23.69643211662318,2008-05-01,889.0,112.58,4.17554304180352,2631.598125868055,-24.64953562120112,0.023896911278612487,12.220589744783618,-0.8700000000000001,0.2539037076795949,74.6096292320405,20.701620075373743,9.672303799825016,0.30962758234533694,0.2653808146168863,2008-05-01
2008.06,1341.25,28.71,51.37,218.815,2008.4583333332084,4.1,1876.4413288622804,40.16598736375476,915577.5184118932,71.86787777346159,35066.70428392839,22.41681280228194,2008-06-01,889.0,125.4,5.0217900476117405,2631.598125868055,-28.69574915648185,-0.04416271147788664,12.767827712372043,-1.0,0.3451119882406613,65.48880117593387,20.73736211376608,9.654737262051793,0.17395094687009113,0.3133646714579801,2008-06-01
2008.07,1257.33,28.756666666666668,49.56333333333333,219.964,2008.5416666665417,4.01,1749.8467457174806,40.0211237975305,855435.1543652758,68.97810243949009,33720.83518317198,20.90720646266158,2008-07-01,940.0,133.88,5.6001229002539565,2631.598125868055,-33.50630825744798,-0.06256849953401677,13.70055405177889,-0.9900000000000002,0.46269255273472376,53.730744726527625,20.76925567602962,9.636212110646246,0.014315872777390512,0.3675533262628859,2008-07-01
2008.08,1281.47,28.803333333333335,47.75666666666667,219.086,2008.624999999875,3.89,1790.5900305131313,40.24671784139561,876992.6286516852,66.73009217841394,32682.969274069867,21.401617360047926,2008-08-01,839.0,133.37,5.371855115262347,2631.598125868055,-31.95807471847587,0.019199414632594447,13.71334729050233,-0.7799999999999998,0.4299930255605302,57.000697443946976,20.800860249657518,9.619515439700788,0.06245190978238027,0.34370139319072357,2008-08-01
2008.09,1216.95,28.85,45.95,218.783,2008.7083333332082,3.69,1702.7916297198592,40.3677542359324,835638.4583505093,64.29456870506391,31552.31288155298,20.362733946097514,2008-09-01,830.0,116.67,4.936927430572191,2631.598125868055,-35.29438963412474,-0.050348427977244814,13.552542881378956,-0.8299999999999996,0.4666671595779591,53.333284042204085,20.829807045416107,9.602411744926203,-0.048641228029550926,0.37093045402290936,2008-09-01
2008.1,968.8,28.696666666666665,35.593333333333334,216.573,2008.7916666665415,3.81,1369.4057985067386,40.5629456349591,673689.4834409029,50.3114337890688,24751.088302305125,16.387356548789832,2008-10-01,807.0,104.11,3.655186277137501,2631.598125868055,-47.96295889384597,-0.20391141788898481,22.276227588610897,-0.7200000000000002,0.8041617744024722,19.583822559752782,20.84884523483439,9.586734471837614,-0.4653814809569213,0.5482714155100951,2008-10-01
2008.11,883.04,28.543333333333333,25.236666666666668,212.425,2008.8749999998747,3.53,1272.5565616099798,41.13404389784629,627730.1230284248,36.36877803930798,17940.088638673235,15.259659405704582,2008-11-01,761.0,76.61,1.0695746918073956,2631.598125868055,-51.643203074929374,-0.08852188274153594,22.872276806596233,-0.6200000000000006,0.7978189073605361,20.218109263946392,20.866432014010535,9.570599366261904,-0.5858329654954361,0.5607026329508344,2008-11-01
2008.12,877.56,28.39,14.88,210.228,2008.958333333208,2.42,1277.875682116559,41.34063837833209,632053.3382032219,21.66779496546606,10717.163125557161,15.376080747423769,2008-12-01,816.0,57.31,0.09141290064560437,2631.598125868055,-51.44107796873275,-0.006205834390288101,22.52843068737676,-1.6799999999999997,0.7675336169247772,23.246638307522282,20.88411017770023,9.554505732191773,-0.5764850202264661,0.5888421557673356,2008-12-01
2009.01,865.58,28.013333333333335,12.206666666666667,211.143,2009.0416666665412,2.52,1254.9686300279902,40.61537299365832,622397.2956997083,17.697940968916797,8777.231824719964,15.174651936879666,2009-01-01,859.0,41.12,0.02984650369528552,2631.598125868055,-52.311539604322064,-0.013651488217329755,22.459760032656913,-1.2200000000000002,0.7751096426059878,22.48903573940122,20.900546330527284,9.539527198645427,-0.600228321007426,0.5785960729337061,2009-01-01
2009.02,805.23,27.63666666666667,9.533333333333333,212.193,2009.1249999998745,2.87,1161.692642193663,39.87098384489592,577785.2191914218,13.75358989222076,6840.553741943157,14.122181801918897,2009-02-01,943.0,41.71,0.2361910880378737,2631.598125868055,-55.85600131059263,-0.06972203609140692,22.597502063031925,-0.8700000000000001,0.8197974456490613,18.02025543509387,20.91476422339082,9.525550654661005,-0.713090787895627,0.5988341125301345,2009-02-01
2009.03,757.13,27.26,6.86,212.709,2009.2083333332077,2.82,1089.6497753973736,39.23217000691084,543579.6802411156,9.872805805114027,4925.120661516587,13.323667656863927,2009-03-01,924.0,39.09,-0.3835562549173832,2631.598125868055,-58.59361029762311,-0.059734485799088466,22.632161507347387,-0.69,0.8415033900234329,15.849660997656711,20.92657778624416,9.513450388219912,-0.7991748334331551,0.613369237996317,2009-03-01
2009.04,848.15,26.703333333333333,7.076666666666666,213.24,2009.291666666541,2.93,1217.6047604811477,38.335324868692545,609004.6055607534,10.159267843744136,5081.32121914551,14.981866453039245,2009-04-01,890.0,47.94,-0.7368857152167174,2631.598125868055,-53.731356299719565,0.12021713576268267,26.844240600418456,-0.75,0.8540236768901475,14.597632310985254,20.942824460929778,9.49823581880159,-0.6275858087341779,0.5956900684101494,2009-04-01
2009.05,902.41,26.14666666666667,7.293333333333333,213.856,2009.3749999998743,3.29,1291.7688410659507,37.42805298892713,647658.9835862449,10.440155525213225,5234.419890761788,15.996355755263155,2009-05-01,929.0,49.65,-1.2814357989586078,2631.598125868055,-50.91314177616502,0.06397453280669696,28.09459962619699,-0.5899999999999999,0.846013374111872,15.398662588812794,20.962829940000468,9.480144400283697,-0.523881702117184,0.5727953898199802,2009-05-01
2009.06,926.12,25.59,7.51,215.693,2009.4583333332075,3.72,1314.4181790785974,36.31922558914753,660532.2258942561,10.658748893102693,5356.322092672508,16.38418281621534,2009-06-01,946.0,59.03,-1.4267760436898702,2631.598125868055,-50.05247320409056,0.02627408827473099,28.665184463014388,-0.37999999999999945,0.8459717570071826,15.402824299281736,20.98374728736581,9.461641915149157,-0.486127514906905,0.5606024809729667,2009-06-01
2009.07,935.82,25.026666666666664,9.186666666666667,215.351,2009.5416666665408,3.56,1330.29443582802,35.57611016433635,670000.3261867985,13.059104903158099,6577.1939723836385,16.694620816995617,2009-07-01,934.0,69.64,-2.097161353676058,2631.598125868055,-49.449179844311864,0.010473804690536825,28.609325255841366,-0.44999999999999973,0.8399081079949042,16.009189200509578,21.0056004061754,9.442552887116774,-0.4565481009973051,0.5580887370197758,2009-07-01
2009.08,1009.73,24.46333333333333,10.863333333333333,215.834,2009.624999999874,3.59,1432.1474863784201,34.69749471816302,722754.703663987,15.407975921309893,7775.866087108877,18.094069801576083,2009-08-01,949.0,64.15,-1.4843486119606064,2631.598125868055,-45.578792130123816,0.07897886345664751,30.110726440399834,-0.30000000000000027,0.8248644444771085,17.51355555228915,21.030508472854176,9.42293835764093,-0.31162664551413266,0.5278465162176069,2009-08-01
2009.09,1044.55,23.9,12.54,215.969,2009.7083333332073,3.4,1480.6082360199841,33.87730299255911,748635.8717044129,17.7749531182716,8987.500676055082,18.83190226484009,2009-09-01,996.59,71.05,-1.2862059666427395,2631.598125868055,-43.73729706424711,0.034484466144414805,30.250188118174435,-0.29000000000000004,0.8085844823536803,19.14155176463197,21.057506093060006,9.402598938501487,-0.23670092096628514,0.5125660541450237,2009-09-01
2009.1,1067.66,23.403333333333332,25.349999999999998,216.177,2009.7916666665406,3.39,1511.9096233641876,33.1413791707721,765859.1381656908,35.89804708641529,18184.187056272836,19.358008443486845,2009-10-01,1043.0,69.41,-0.1828482774861251,2631.598125868055,-42.547853013633244,0.02212435977215077,21.551878884049838,-0.41999999999999993,0.6205095168296528,37.949048317034716,21.087162107328307,9.380267000457133,-0.18433949308236047,0.4456675959585447,2009-10-01
2009.11,1088.07,22.906666666666666,38.16,216.33,2009.8749999998738,3.4,1539.7224098599359,32.41510932371838,781316.0545770066,54.0000249618638,27401.748639939127,19.81276107996607,2009-11-01,1127.0,75.72,1.8382958691302909,2631.598125868055,-41.490974829143205,0.019116572691680656,18.687528307186792,-0.1299999999999999,0.5938547569012574,40.614524309874255,21.118534265042147,9.356972508122611,-0.1395508198771088,0.4201790390611561,2009-11-01
2009.12,1110.38,22.41,50.97,215.949,2009.958333333207,3.59,1574.0654203075726,31.76822895683702,800086.427848594,72.25464658322102,36726.5307619399,20.32237650021655,2009-12-01,1135.0,77.99,2.721331126205828,2631.598125868055,-40.185949942932346,0.020504195502127676,18.48648191064989,1.17,0.5964164585587476,40.358354144125244,21.15069307641867,9.334195341414691,-0.08874000874258328,0.4535505102102234,2009-12-01
2010.01,1123.58,22.24,54.28999999999999,216.687,2010.0416666665403,3.73,1587.3528935746026,31.419861828351483,808171.2320811972,76.69893429232023,39049.837296577185,20.527859801454422,2010-01-01,1118.0,74.47,2.6257086429576137,2631.598125868055,-39.68102963855848,0.011887822186998909,18.13603419516319,1.21,0.5766655371392827,42.33344628607173,21.183128980920685,9.311596217741101,-0.07037130521379335,0.44561308619154133,2010-01-01
2010.02,1089.16,22.07,57.61,216.741,2010.1249999998736,3.69,1538.342205212673,31.17192374769886,784540.9012232538,81.36903158608659,41497.485511285435,19.920539306600453,2010-02-01,1095.0,78.33,2.143331778145363,2631.598125868055,-41.54342222351151,-0.0306342227522739,16.276834050509372,0.8199999999999998,0.5456283168311816,45.43716831688184,21.213312489849592,9.289757260571486,-0.1391611370445658,0.4294370220084711,2010-02-01
2010.03,1152.05,21.9,60.93,217.631,2010.2083333332068,3.73,1620.5144780614892,30.805318405925618,827757.2359632239,85.7063036745684,43778.69744129094,21.004601209715368,2010-03-01,1113.0,76.39,2.3139594469439473,2631.598125868055,-38.42089861167731,0.05774174593264525,13.490141993818813,0.9100000000000001,0.43019278630335256,56.98072136966474,21.249210962929954,9.263803035156151,-0.026404895730866882,0.37679696826455994,2010-03-01
2010.04,1197.32,21.946666666666665,62.986666666666665,218.009,2010.29166666654,3.85,1681.2726919530844,30.817435060020454,860104.2661654702,88.44566416982784,45246.968823324096,21.804845599625164,2010-04-01,1149.0,81.2,2.2364471956480836,2631.598125868055,-36.112103309904036,0.03929516948049128,9.961867303277941,0.9199999999999999,0.31042208518384423,68.95779148161559,21.287991021526917,9.236711762282539,0.05595655590431935,0.3274386834241536,2010-04-01
2010.05,1125.06,21.993333333333332,65.04333333333332,218.178,2010.3749999998734,3.42,1578.5817321178117,30.859042387408437,808885.2698484734,91.2628817983481,46764.25633759757,20.48006863842341,2010-05-01,1205.0,84.29,2.0209860840939786,2631.598125868055,-40.0143313448704,-0.06035145157518462,12.662696113264744,0.1299999999999999,0.42637821479657645,57.362178520342354,21.322368362724823,9.21050065104705,-0.09144993917411641,0.35417903190315375,2010-05-01
2010.06,1083.36,22.04,67.1,217.965,2010.4583333332066,3.2,1521.5575363016994,30.954740898768144,780987.1498910674,94.24061317183948,48371.951851361155,19.74203985373946,2010-06-01,1233.0,73.74,1.053348972845658,2631.598125868055,-42.18123499385755,-0.037064689883206325,13.806803685492996,-0.52,0.45839870586688297,54.160129413311694,21.35356270131214,9.18597791053288,-0.17543291125541088,0.3908457220226968,2010-06-01
2010.07,1079.8,22.143333333333334,68.68666666666667,218.011,2010.5416666665399,3.01,1516.2375958093853,31.093308479847344,779586.4915211803,96.44870006559302,49589.92172712676,19.66866047071771,2010-07-01,1193.0,75.34,1.2351927783014638,2631.598125868055,-42.38339125928502,-0.003286072958204045,13.91199765811969,-0.5500000000000003,0.4703975490148005,52.960245098519955,21.3835287983772,9.162743036736279,-0.18715665393911507,0.39718109845160526,2010-07-01
2010.08,1087.28,22.246666666666666,70.27333333333333,218.312,2010.6249999998731,2.7,1524.635879841694,31.195337177983795,785241.1532723748,98.54062007585472,50751.88848407097,19.77029917435858,2010-08-01,1216.0,76.32,1.1481045618392027,2631.598125868055,-42.064258791840416,0.006927208742359747,11.887695259866643,-0.8899999999999997,0.4124452541585931,58.755474584140686,21.41324905724592,9.14001883887163,-0.17975344601042073,0.38805213291470964,2010-08-01
2010.09,1122.08,22.35,71.86,218.439,2010.7083333332064,2.65,1572.5193083652641,31.32201495612047,811247.133075793,100.70693488800076,51953.710058842946,20.381395233204035,2010-09-01,1271.0,76.6,1.143682658159273,2631.598125868055,-40.244701768566756,0.03200647487307773,11.827006524920778,-0.75,0.38182051344447393,61.81794865555261,21.444319488083313,9.117355732755522,-0.1165825142766511,0.3629856885483997,2010-09-01
2010.1,1171.58,22.476666666666667,73.69,218.711,2010.7916666665396,2.54,1639.848276721335,31.460355331922027,847333.9879964192,103.14312254527661,53295.585086341634,21.240127651759426,2010-10-01,1342.0,75.24,1.1721876055269531,2631.598125868055,-37.68621961681869,0.044114501639811676,12.33691205864322,-0.8500000000000001,0.3548924016873834,64.51075983126167,21.47732583976387,9.09495920373884,-0.026080181635881942,0.34451843867467763,2010-10-01
2010.11,1198.89,22.603333333333335,75.52,218.803,2010.874999999873,2.76,1677.3682192428805,31.624346672577612,868082.831039505,105.6601088650521,54681.92694918082,21.70072382776062,2010-11-01,1370.0,81.89,1.1431609115702734,2631.598125868055,-36.26047219160462,0.023310401338363818,12.383860643466473,-0.6400000000000001,0.33362662280314,66.637337719686,21.510788840220894,9.073472976280842,0.02093299754528819,0.323467212108808,2010-11-01
2010.12,1241.53,22.73,77.35,219.179,2010.9583333332062,3.29,1734.0460312119314,31.747010776579867,898784.2722196619,108.03481229953597,55996.201023085094,22.396379773044213,2010-12-01,1391.0,84.25,1.4957235273143077,2631.598125868055,-34.106731032879814,0.0355662320980239,12.629585247224018,-0.2999999999999998,0.31781539606473913,68.21846039352609,21.546917944910124,9.050941996526015,0.09385341641346662,0.2992759382146222,2010-12-01
2011.01,1282.62,22.963333333333335,78.67,220.223,2011.0416666665394,3.39,1782.9438980033867,31.92086124065152,925507.5906628093,109.3575622210214,56766.37052084267,22.978299430554983,2011-01-01,1360.0,89.15,1.631846857448771,2631.598125868055,-32.24862563636051,0.033096260259518395,12.841212077220248,-0.33999999999999986,0.2997705254054002,70.02294745945998,21.585025986298113,9.02791429109951,0.15432949398184675,0.28920144500581574,2011-01-01
2011.02,1321.12,23.196666666666665,79.99000000000001,221.309,2011.1249999998727,3.58,1827.450138945998,32.08698053400448,949998.3177931614,110.64682739969905,57519.65411187098,23.489828703298535,2011-02-01,1375.0,89.17,2.1075846286581656,2631.598125868055,-30.557400805900098,0.030016684598711985,12.067561196836126,-0.10999999999999988,0.27387059224927673,72.61294077507232,21.625748012268858,9.003249169078993,0.20704532952744745,0.2665697332852438,2011-02-01
2011.03,1304.49,23.43,81.31,223.467,2011.208333333206,3.41,1787.0211819866017,32.09676294486433,930371.8168542305,111.3865896306837,57990.887188416535,22.89933643014364,2011-03-01,1423.0,88.58,2.6816032642408505,2631.598125868055,-32.09368997414308,-0.012587804287271354,11.499382741012727,-0.31999999999999984,0.29881747569118355,70.11825243088164,21.664132011008547,8.979041408474753,0.1375652882020638,0.28622558557610056,2011-03-01
2011.04,1331.51,23.733333333333334,82.16333333333334,224.906,2011.2916666665392,3.46,1812.3652882759905,32.30427823179461,944968.18816784,111.8354149066721,58311.042526027064,23.14392944728595,2011-04-01,1481.0,102.86,3.1636308592764673,2631.598125868055,-31.130620953829474,0.02071307560809199,11.143822051394306,-0.3900000000000001,0.2914348316972426,70.85651683027574,21.70318303383215,8.954721081080905,0.1608923829573806,0.28300645472700764,2011-04-01
2011.05,1338.31,24.036666666666665,83.01666666666667,225.964,2011.3749999998724,3.17,1813.0918842160695,32.5639689286789,946761.9415003298,112.46784720132408,58728.561028624936,23.05949150609534,2011-05-01,1513.0,109.53,3.568645784634561,2631.598125868055,-31.103010509326694,0.00510698380034702,8.21311724468069,-0.25,0.24428388143043447,75.57161185695655,21.74274138949756,8.929061871452193,0.14746791270510362,0.2602206052276258,2011-05-01
2011.06,1287.29,24.34,83.87,225.722,2011.4583333332057,3.0,1745.8416524530169,33.01026638962971,913081.599540148,113.7457289276189,59489.43420164238,22.10083128661099,2011-06-01,1529.0,100.9,3.558828252242341,2631.598125868055,-33.65850069234503,-0.03812270699613696,8.286395357771298,-0.20000000000000018,0.278291943433826,72.1708056566174,21.77978441878174,8.902696798630693,0.03606175466726317,0.2755988006413818,2011-06-01
2011.07,1325.19,24.619999999999997,84.90666666666667,225.922,2011.541666666539,3.0,1795.6511615734632,33.36044763236869,940586.1255661285,115.04973220846131,60264.59046229956,22.610981701156625,2011-07-01,1573.0,96.26,3.6287159822210757,2631.598125868055,-31.7657531397902,0.029441695344483376,8.15504921762669,-0.009999999999999787,0.2529482751076796,74.70517248923204,21.81913348054086,8.874857481910277,0.08922376750610347,0.2536839131537124,2011-07-01
2011.08,1185.31,24.9,85.94333333333334,226.545,2011.6249999998722,2.3,1601.694970204595,33.64706680791895,840458.0071061944,116.13417985389216,60939.132089830266,20.049852721660496,2011-08-01,1759.0,97.3,3.7712081791197782,2631.598125868055,-39.136034698449166,-0.10555467517865369,14.794922587169253,-0.40000000000000036,0.5228313606397526,47.716863936024744,21.85149472055501,8.84698557861264,-0.2036447310652271,0.39367114971615924,2011-08-01
2011.09,1173.88,25.18,86.98,226.889,2011.7083333332055,1.98,1583.8447421426333,33.97383941046061,832577.0423213204,117.35681302310819,61690.761526824244,19.69811456887771,2011-09-01,1772.0,86.33,3.868356841040299,2631.598125868055,-39.81433842144158,-0.00964304696661622,14.645999846915458,-0.6699999999999999,0.5336167403625629,46.63832596374371,21.885152919213215,8.815536593476308,-0.24808907854275852,0.4109625512341049,2011-09-01
2011.1,1207.22,25.596666666666664,86.97,226.421,2011.7916666665387,2.15,1632.1950726743542,34.607406446398514,859509.2819928144,117.58586294999137,61920.3809205572,20.155824786688747,2011-10-01,1666.0,85.52,3.5251999213574026,2631.598125868055,-37.97703925115995,0.02840154019150165,14.263062611801583,-0.3900000000000001,0.4820416117046519,51.795838829534816,21.91989370552813,8.78386485111485,-0.20083060802278688,0.3732247603524279,2011-10-01
2011.11,1226.42,26.013333333333335,86.96000000000001,226.23,2011.874999999872,2.01,1659.5539431109933,35.20044512222075,875461.0898559957,117.67160588781329,62075.06105076351,20.34524679764582,2011-11-01,1739.0,86.32,3.3943775908008567,2631.598125868055,-36.93740975121057,0.01590430907373963,14.168697000140396,-0.75,0.45808543898328424,54.19145610167158,21.954711745061267,8.752569119230117,-0.18388486003261822,0.37314195240020237,2011-11-01
2011.12,1243.32,26.43,86.95,225.672,2011.9583333332052,1.98,1686.5824883016055,35.85269694512389,891295.5112080104,117.94899732798041,62331.61591507939,20.523575499431697,2011-12-01,1640.0,97.16,2.9624188448710953,2631.598125868055,-35.91033251913143,0.013779944880220274,13.77945650703917,-1.31,0.41750039862162996,58.24996013783701,21.989964559956515,8.721031794863073,-0.16814398743375317,0.37480180211322767,2011-12-01
2012.01,1300.58,26.736666666666668,87.48,226.665,2012.0416666665385,1.97,1756.5274918933223,36.109804888271235,929849.0420518118,118.14807623585466,62543.78369549932,21.213008091803452,2012-01-01,1654.0,98.56,2.9252167121508466,2631.598125868055,-33.25244175290189,0.046054113180838296,14.16547709102054,-1.4200000000000002,0.38305673725896466,61.69432627410354,22.028365526952147,8.68692878821017,-0.09386026466054276,0.35358206680514703,2012-01-01
2012.02,1352.49,27.043333333333337,88.01,227.663,2012.1249999998718,1.97,1818.628334314315,36.36387127025472,964327.3816664419,118.34281932066254,62751.26090430507,21.79743596371753,2012-02-01,1745.0,100.27,2.871098780438208,2631.598125868055,-30.89262693883303,0.03991296190930216,14.411739908885664,-1.61,0.35057689345884746,64.94231065411526,22.068964450599847,8.651430210815152,-0.03138538718637294,0.3375400474047618,2012-02-01
2012.03,1389.24,27.35,88.54,229.392,2012.208333333205,2.17,1853.9642537664781,36.49903712858338,984677.0479844164,118.15812604624396,62756.115450563055,22.053943972904708,2012-03-01,1676.0,102.2,2.651398193021781,2631.598125868055,-29.54987178542194,0.0271721047845086,14.497310000940447,-1.2400000000000002,0.3259066112602745,67.40933887397256,22.11091797887587,8.614453864448903,-0.006613768773699068,0.30831667286820574,2012-03-01
2012.04,1386.43,27.673333333333332,88.33333333333334,230.085,2012.2916666665383,2.05,1844.6415447551988,36.81929873742312,981355.1944426716,117.52727252971727,62524.88442193451,21.779246906824888,2012-04-01,1649.0,106.16,2.3027398112989372,2631.598125868055,-29.90413214606132,-0.0020226886643056607,14.425355918542918,-1.4100000000000001,0.31933628881875187,68.0663711181248,22.1512517963242,8.578640275677909,-0.043364085396378864,0.31416336181686977,2012-04-01
2012.05,1341.27,27.996666666666666,88.12666666666667,229.815,2012.3749999998715,1.8,1786.652881339338,37.29325577094618,952158.3845298192,117.39005787263666,62560.51694836326,20.941467419743475,2012-05-01,1589.0,103.32,1.704253774937592,2631.598125868055,-32.107685296743576,-0.03257286700374351,14.884389816484608,-1.3699999999999999,0.34438470201887283,65.56152979811272,22.18944306003331,8.542388060503153,-0.14609212686789683,0.33244807219032335,2012-05-01
2012.06,1323.48,28.32,87.92,229.478,2012.4583333332048,1.62,1765.5445127637504,37.77935488369255,942586.9397860111,117.28675428581386,62616.92186205013,20.547504086856083,2012-06-01,1599.0,94.66,1.6639937622385137,2631.598125868055,-32.90979745695895,-0.013263548726207275,14.369115147757523,-1.38,0.34361263390043045,65.63873660995696,22.22793019919625,8.503495182955731,-0.19761593041275394,0.33656340914994537,2012-06-01
2012.07,1359.78,28.743333333333332,87.44666666666667,229.104,2012.541666666538,1.53,1816.930529148334,38.4066833184929,971729.5588106113,116.84575323870381,62491.366853063424,20.999341293380557,2012-07-01,1594.0,82.3,1.4084507042253502,2631.598125868055,-30.95714306495776,0.027427690633783586,14.330248719330797,-1.47,0.30674690327777127,69.32530967222289,22.267820999732837,8.463751398669473,-0.1498720421480822,0.3172721314720087,2012-07-01
2012.08,1403.45,29.166666666666664,86.97333333333333,230.379,2012.6249999998713,1.68,1864.9036582110346,38.756652082003995,999113.8325127194,115.57012184270266,61916.178270029515,21.410428453442933,2012-08-01,1630.0,87.9,1.692378997550148,2631.598125868055,-29.13417744603841,0.03211548927032326,8.301860121709167,-0.6199999999999999,0.18214455721965306,81.78554427803469,22.308840460014164,8.423505391325422,-0.10665536078322231,0.23267148225707063,2012-08-01
2012.09,1443.42,29.59,86.5,231.407,2012.7083333332046,1.72,1909.495201311974,39.14450610828539,1024751.1777850604,114.43054337163522,61410.384280672086,21.783690301727678,2012-09-01,1745.0,94.13,1.9912820806649911,2631.598125868055,-27.439711157184732,0.028479817592361734,7.963905163184442,-0.26,0.1667565170514712,83.32434829485288,22.348798382518062,8.386618352201669,-0.06738211482367401,0.2053133367539386,2012-09-01
2012.1,1437.82,30.14333333333333,86.50333333333333,231.317,2012.7916666665378,1.75,1902.827038436431,39.89202382444869,1022956.6766913543,114.47947697315801,61543.977959265496,21.577109654528787,2012-10-01,1746.58,94.51,2.1623435988711304,2631.598125868055,-27.693099499804237,-0.0038796746615678,8.139282898814756,-0.3999999999999999,0.1748621380400412,82.51378619599588,22.386513017684713,8.352369896207964,-0.0969070303655255,0.21466724581303556,2012-10-01
2012.11,1394.51,30.696666666666665,86.50666666666667,230.221,2012.874999999871,1.65,1854.295915772236,40.81770917944061,998695.0529705576,115.02890526928472,61952.78631847246,20.898162059573696,2012-11-01,1722.0,89.49,1.764133846085847,2631.598125868055,-29.53726872105213,-0.030121990235217222,9.297813540471012,-0.3599999999999999,0.2032912415012086,79.67087584987914,22.421376031910874,8.319737055057963,-0.1830843886359538,0.23233827813068364,2012-11-01
2012.12,1422.29,31.25,86.51,229.601,2012.9583333332043,1.72,1896.342271919547,41.665691242633955,1023210.61031498,115.34396638080844,62236.21757753266,21.23826113984562,2012-12-01,1685.0,86.53,1.741022368747558,2631.598125868055,-27.93951883158366,0.019920975826634324,9.337390397827217,-0.26,0.18671623849635716,81.32837615036428,22.456849706184336,8.28723782994987,-0.14704399600247603,0.2147982776316433,2012-12-01
2013.01,1480.4,31.536666666666665,86.90666666666667,230.28,2013.0416666665376,1.91,1968.0004820218862,41.92392272450928,1063760.352966765,115.53118203925654,62447.896790393344,21.900475413821813,2013-01-01,1672.0,87.86,1.5948646681225531,2631.598125868055,-25.216526692398194,0.040856646675431874,9.140576365459276,-0.06000000000000005,0.15548779331194784,84.45122066880522,22.493359962266798,8.255605244710011,-0.07181600026538223,0.18275336112117269,2013-01-01
2013.02,1512.31,31.82333333333333,87.30333333333334,232.166,2013.1249999998709,1.98,1994.0890549219089,41.961344361362116,1079752.078753807,115.11569814270823,62332.428965492014,22.05272433686195,2013-02-01,1628.0,94.76,1.9779235097490577,2631.598125868055,-24.225168147049743,0.02155498513915144,8.683728855699304,0.010000000000000009,0.14768270654346494,85.2317293456535,22.529866159211902,8.224372971876116,-0.05801558659627629,0.17318978802546142,2013-02-01
2013.03,1550.83,32.11,87.7,232.773,2013.208333333204,1.96,2039.548018133546,42.22892700184299,1106272.5297193122,115.33718150300936,62560.113523973414,22.419207114602578,2013-03-01,1593.0,95.31,1.4738962125967703,2631.598125868055,-22.497740134208986,0.02547096825386319,8.647851100305392,-0.20999999999999996,0.12577468448720955,87.42253155127905,22.56649498534916,8.194296140352044,-0.01797443834392019,0.16438484024156827,2013-03-01
2013.04,1570.7,32.49666666666667,88.78333333333333,232.531,2013.2916666665374,1.76,2067.8295119790473,42.781922947908015,1123546.4934952497,116.88342575828597,63508.11921276284,22.59565539610559,2013-04-01,1488.0,92.94,1.063085381489448,2631.598125868055,-21.42305120023004,0.012812493954849957,8.559056693223702,-0.2899999999999998,0.11163518584255705,88.83648141574429,22.602784080104563,8.16528548088068,-0.0008730477355216937,0.15706257104604515,2013-04-01
2013.05,1639.84,32.88333333333334,89.86666666666667,232.945,2013.3749999998706,1.93,2155.015645753289,43.214031745691045,1172875.3938933157,118.09937109618149,64276.028188448865,23.41184178184241,2013-05-01,1414.0,92.02,1.3619650588516885,2631.598125868055,-18.110002261745844,0.04401859043738443,7.716957146335823,0.1299999999999999,0.0879139807472115,91.20860192527886,22.64038792809671,8.1376292669648,0.09480081095331551,0.1325149586338076,2013-05-01
2013.06,1618.77,33.27,90.95,233.504,2013.4583333332039,2.3,2122.2335085266204,43.617505160511165,1157011.8413629136,119.23691296508838,65006.28685480765,22.925333173915337,2013-06-01,1343.0,94.51,1.7544165453768912,2631.598125868055,-19.355714397821146,-0.012848814518489515,7.699237006186524,0.6799999999999997,0.09923325643686864,90.07667435631313,22.676291303848892,8.110171633618666,0.03070734890912857,0.1590573683359517,2013-06-01
2013.07,1668.68,33.64666666666667,92.09,233.596,2013.5416666665371,2.58,2186.804725680234,44.09394831247109,1194218.44354321,120.68392213479682,65905.73175557579,23.492460177159643,2013-07-01,1286.0,95.77,1.9606816118443948,2631.598125868055,-16.902026028047207,0.030832051495888857,7.756126509660892,1.05,0.08817204217537784,91.18279578246221,22.71373014879775,8.08262059571981,0.09634623067353576,0.16116842694652067,2013-07-01
2013.08,1670.09,34.02333333333333,93.23,233.877,2013.6249999998704,2.74,2186.022894406033,44.533998533417126,1195818.1594053416,122.03109679446887,66754.56232979061,23.3566490949161,2013-08-01,1352.0,104.67,1.518367559543199,2631.598125868055,-16.931735399949982,0.000844979265047785,7.740766852389321,1.0600000000000003,0.08357835867565923,91.64216413243408,22.751587349240115,8.053493331872875,0.0751303466386898,0.1586697923121433,2013-08-01
2013.09,1687.17,34.4,94.37,234.149,2013.7083333332037,2.81,2205.8139653596636,44.97472122451942,1208694.6581565675,123.37978028947377,67607.00752753741,23.442287167960608,2013-09-01,1349.0,106.57,1.184925261552161,2631.598125868055,-16.179680184562482,0.010226993754827607,7.603587804161593,1.09,0.07564772799508396,92.4352272004916,22.788970917878814,8.025249295921599,0.08140759570095929,0.15367727876782242,2013-09-01
2013.1,1720.03,34.596666666666664,96.31333333333333,233.546,2013.791666666537,2.62,2254.5814692822823,45.34862971320424,1237487.9938689463,126.24562163342551,69293.32258710475,23.834737887631437,2013-10-01,1317.0,106.29,0.9636127046434018,2631.598125868055,-14.326528540956854,0.01947640131107109,7.383178438301136,0.8700000000000001,0.06427814662606454,93.57218533739355,22.827391323679322,7.996926989380248,0.1259667076227969,0.13515277453209332,2013-10-01
2013.11,1783.54,34.79333333333334,98.25666666666666,233.069,2013.8749999998702,2.72,2342.613738206282,45.6997547936448,1287897.1801879762,129.0564928197229,70951.30130788762,24.642077092412066,2013-11-01,1276.0,100.54,1.2370722045339066,2631.598125868055,-10.981326701106726,0.03692377458532703,5.752075039314637,1.0700000000000003,0.04618736007604619,95.38126399239538,22.868470477687787,7.9680276609565075,0.2225904188830803,0.12603657079102182,2013-11-01
2013.12,1807.78,34.99,100.2,233.049,2013.9583333332034,2.9,2374.6558532754907,45.96201324614136,1307618.6610120218,131.62028371715817,72477.50823297337,24.861869296461947,2013-12-01,1222.0,93.86,1.501735619618394,2631.598125868055,-9.763735202076482,0.013590948338697117,5.797766941252372,1.18,0.04440100710669014,95.55989928933099,22.910267306556822,7.938775083258998,0.24583162634505076,0.12499780358739401,2013-12-01
2014.01,1822.36,35.403333333333336,100.41666666666666,233.916,2014.0416666665367,2.86,2384.9352370081565,46.33258915593632,1315405.176189147,131.41599174489986,72482.16768859803,24.859609093632724,2014-01-01,1244.0,97.63,1.5789473684210575,2631.598125868055,-9.373121466961624,0.00806514066977182,5.446943765322067,0.95,0.04229363813936391,95.77063618606361,22.951835854569133,7.909559940023497,0.24119840465586298,0.11337327432730968,2014-01-01
2014.02,1817.04,35.81666666666666,100.63333333333333,234.781,2014.12499999987,2.71,2369.2117871548376,46.70082598251135,1308879.4231775103,131.21432632964334,72489.81821300767,24.59093087789414,2014-02-01,1300.0,94.62,1.1263492501055294,2631.598125868055,-9.970608207006038,-0.00291929146820602,5.79110507708481,0.73,0.04286034060403432,95.71396593959656,22.994242524658482,7.877152968718042,0.20269866023631516,0.10574240426219654,2014-02-01
2014.03,1863.52,36.23,100.85,236.293,2014.2083333332032,2.72,2414.268382051097,46.9374857697858,1335931.996552602,130.65540822199554,72297.98545351265,24.95603915396539,2014-03-01,1336.0,100.82,1.51220287576308,2631.598125868055,-8.258470078719556,0.025580064280368076,5.793155674086046,0.7600000000000002,0.04036876606565542,95.96312339343446,23.037657224901416,7.8446181425947845,0.24454752216013212,0.100224586660586,2014-03-01
2014.04,1864.26,36.61333333333333,101.60666666666667,237.072,2014.2916666665365,2.71,2407.2908363282036,47.27824542754942,1334251.0940130039,131.20315705777145,72719.90288855342,24.78631539696264,2014-04-01,1298.45,100.8,1.9528578985167577,2631.598125868055,-8.523614883859278,0.0003970979651413131,5.986959815879189,0.95,0.044248267251463594,95.57517327485364,23.08065909154688,7.811493931097674,0.21835212578550622,0.10828677634300907,2014-04-01
2014.05,1889.77,36.99666666666667,102.36333333333334,237.9,2014.3749999998697,2.56,2431.738401324085,47.60696542664984,1350000.1234107693,131.72018211433374,73125.57222981514,24.943274109902593,2014-05-01,1289.0,102.07,2.1271115499366777,2631.598125868055,-7.594614184414827,0.013683713645092466,5.0516499206226495,0.6300000000000001,0.0389812738292244,96.10187261707756,23.124301986805236,7.777721856839144,0.2338695258815265,0.09083281848773779,2014-05-01
2014.06,1947.09,37.38,103.12,238.343,2014.458333333203,2.6,2500.8403602161584,48.010832917266285,1390583.7948186132,132.4472201826779,73646.8272764461,25.558007623511294,2014-06-01,1279.0,102.18,2.0723413731670526,2631.598125868055,-4.968758883302707,0.0303317334913773,4.556940788194822,0.30000000000000027,0.031166675875492374,96.88333241245076,23.170268159336402,7.742896045688696,0.30837808619481644,0.06756067005259031,2014-06-01
2014.07,1973.1,37.75,104.06666666666666,238.25,2014.5416666665362,2.54,2535.2368111227697,48.504986883525696,1411957.4107202955,133.71529275970616,74470.47854085384,25.817545976158748,2014-07-01,1311.0,105.79,1.9923286357643066,2631.598125868055,-3.6617032744503724,0.013358396376130566,4.243417299007981,-0.040000000000000036,0.02749420175886114,97.25057982411388,23.217349392008945,7.7071376537619365,0.3373751321128433,0.051923162462042816,2014-07-01
2014.08,1961.53,38.120000000000005,105.01333333333334,237.852,2014.6249999998695,2.42,2524.5878742873715,49.062359366328636,1408303.7026790977,135.15744748835408,75395.5668095862,25.6176064217994,2014-08-01,1295.0,103.59,1.6996113341628316,2631.598125868055,-4.066359925126682,-0.005863869038568725,4.516776445308374,-0.3200000000000003,0.02790583557931358,97.20941644206864,23.261778678576796,7.674585543942858,0.30696481650164603,0.06256316317850291,2014-08-01
2014.09,1993.23,38.49,105.96,238.031,2014.7083333332027,2.53,2563.458191685116,49.50131484974646,1432288.0605280711,136.27330011637136,76140.35655371152,25.918436892606202,2014-09-01,1236.55,96.54,1.657918675715031,2631.598125868055,-2.589298628583809,0.016160854027213567,4.507821075415619,-0.28000000000000025,0.025196221369008412,97.48037786309915,23.306865055185067,7.642225498790894,0.3417292302921867,0.055047119308217776,2014-09-01
2014.1,1937.27,38.806666666666665,104.74333333333334,237.433,2014.791666666536,2.3,2497.7640931336414,50.03427430053951,1397912.2647846069,135.04784412865945,75581.61243455432,25.16274828308326,2014-10-01,1222.0,93.21,1.664340215632043,2631.598125868055,-5.08565618051074,-0.028075033990056397,6.1088474919620985,-0.3200000000000003,0.034617686633911376,96.53823133660886,23.35010860401849,7.608391129454108,0.238242178697617,0.06542728313759716,2014-10-01
2014.11,2044.57,39.123333333333335,103.52666666666667,236.151,2014.8749999998693,2.33,2650.419022892132,50.71639851196903,1485713.3060509001,134.20379185351743,75228.99494649871,26.60681714714343,2014-11-01,1175.0,84.4,1.3223551823708934,2650.419022892132,0.0,0.05538722016032871,7.178547056733878,-0.3900000000000001,0.026446440401439897,97.355355959856,23.39709428158894,7.5759700603915885,0.42367153512596967,0.05212602314890195,2014-11-01
2014.12,2054.27,39.44,102.31,234.812,2014.9583333332025,2.21,2678.1788810835897,51.418447949849224,1503676.2317754326,133.38289578471284,74888.459293542,26.794085482572566,2014-12-01,1201.0,75.79,0.7564932696557447,2678.1788810835897,0.0,0.0047442738570946386,7.206793915298506,-0.69,0.024639535106905627,97.53604648930944,23.444869366815162,7.542847392437134,0.44402543780953446,0.06410053314138593,2014-12-01
2015.01,2028.18,39.89666666666667,101.28999999999999,233.707,2015.0416666665358,1.88,2656.666993072522,52.25973901081267,1494043.4034384994,132.67747425194793,74614.50972511592,26.492295420383137,2015-01-01,1251.0,59.29,-0.08934831306964819,2678.1788810835897,-0.8032281996923201,-0.01270037531580559,7.58526347589309,-0.98,0.024412963275427198,97.55870367245728,23.49068962860031,7.510962855695413,0.399629960825431,0.07595267553322319,2015-01-01
2015.02,2082.2,40.35333333333333,100.27000000000001,234.722,2015.124999999869,1.98,2715.63245243309,52.62934471417249,1529670.5631879054,130.77344443639709,73662.50474058751,26.99551369938325,2015-02-01,1227.0,47.22,-0.025129801815304553,2715.63245243309,0.0,0.026634716839728068,7.646754634944888,-0.73,0.023309142038260185,97.66908579617399,23.536524568952462,7.481726295013183,0.4623250028187101,0.06635486656797174,2015-02-01
2015.03,2079.99,40.81,99.25,236.119,2015.2083333332023,2.04,2696.70013308967,52.910029582541,1521489.9143878638,128.67729566447426,72600.28846436545,26.728605452928488,2015-03-01,1179.0,50.58,-0.07363739086643228,2715.63245243309,-0.6971605942644118,-0.001061377389299789,7.580607744746241,-0.6800000000000002,0.024234102749565015,97.57658972504349,23.581956202946916,7.451166861334155,0.4223028833658617,0.06562126449139394,2015-03-01
2015.04,2094.86,41.120000000000005,97.80333333333334,236.599,2015.2916666665355,1.94,2710.4689988123364,53.20378699825443,1531759.852116643,126.54444830705117,71513.71423540542,26.791371680192338,2015-04-01,1199.0,47.82,-0.1995174461766891,2715.63245243309,-0.19013816159573477,0.007149072832081105,7.522819473677779,-0.77,0.02331557109206488,97.66844289079351,23.627495794503517,7.420395267503504,0.42637565407661443,0.06641118429530901,2015-04-01
2015.05,2111.94,41.43,96.35666666666667,237.805,2015.3749999998688,2.2,2718.7103397741844,53.333034734341155,1538928.9208908211,124.04039223313217,70213.19784367448,26.806111379650833,2015-05-01,1199.0,54.45,-0.039932744850779134,2718.7103397741844,0.0,0.008153289479965187,7.51343178914128,-0.3599999999999999,0.023007542812734608,97.69924571872653,23.672490213702936,7.390278963034663,0.42401933426625904,0.04982059560220771,2015-05-01
2015.06,2099.29,41.74,94.91,238.638,2015.458333333202,2.36,2692.9927315641257,53.54453963744248,1526897.1863872495,121.75161133180798,69031.82121575097,26.495895292784848,2015-06-01,1182.0,59.27,0.12377120368545214,2718.7103397741844,-0.9459488138112846,-0.005989753496784989,7.290412777895508,-0.2400000000000002,0.02433051314815334,97.56694868518466,23.716062006611057,7.360413178535328,0.37767353798567027,0.04742365953662145,2015-06-01
2015.07,2094.14,41.99666666666667,93.49333333333334,238.654,2015.5416666665353,2.32,2686.2061513739545,53.87018267030931,1525594.5868812576,119.92625474536356,68110.50036903856,26.381136336399692,2015-07-01,1128.0,59.82,0.1695697796432194,2718.7103397741844,-1.1955737955860957,-0.002453210371125558,7.29939896805888,-0.2200000000000002,0.024898211764453282,97.51017882355467,23.75879415210996,7.330965148010073,0.3577076321255659,0.04678941857052686,2015-07-01
2015.08,2039.87,42.25333333333333,92.07666666666667,238.316,2015.6249999998686,2.17,2620.3037287676857,54.27628568791016,1490734.984424537,118.27657301649907,67289.53720050622,25.693658417057698,2015-08-01,1118.0,50.9,0.1950792930057288,2718.7103397741844,-3.619606309904729,-0.025915172815571097,7.882294917401968,-0.25,0.030934718555224294,96.90652814447756,23.80033542602158,7.299283964125372,0.2593847561406639,0.05559250011989641,2015-08-01
2015.09,1944.41,42.51,90.66,237.945,2015.7083333332018,2.17,2501.5754576687887,54.69112620563575,1425781.3605750925,116.63837924730502,66478.43723789627,24.496752170486435,2015-09-01,1125.0,42.87,-0.03612974780596856,2718.7103397741844,-7.9866868834372,-0.04679709981518421,9.185872720964937,-0.3599999999999999,0.045262094778142664,95.47379052218574,23.83929519687932,7.265293310333194,0.09049283291454108,0.075308023117172,2015-09-01
2015.1,2024.81,42.803333333333335,89.28333333333333,237.838,2015.791666666535,2.07,2606.185820915917,55.093287973326376,1488021.10666012,114.91890961494798,65613.80301014468,25.491441046066747,2015-10-01,1159.0,45.48,0.17057443573555986,2718.7103397741844,-4.138893254351394,0.04134930390195479,9.62772638330445,-0.22999999999999998,0.037740227259336824,96.22597727406632,23.88079220816578,7.231777980713432,0.22271823640001642,0.05737642823919262,2015-10-01
2015.11,2080.62,43.096666666666664,87.90666666666667,237.336,2015.8749999998684,2.26,2683.6847298766297,55.58817383372095,1534914.5563230813,113.38628821586272,64850.487962486026,26.22585189097193,2015-11-01,1086.0,46.22,0.5017975786678841,2718.7103397741844,-1.2883170886260682,0.027563079992690698,8.322531614980043,-0.07000000000000028,0.028889762761909233,97.11102372380907,23.922628988061064,7.201510579609108,0.31982496969904955,0.04049966705640188,2015-11-01
2015.12,2054.08,43.39,86.53,236.525,2015.9583333332016,2.24,2658.53662488109,56.158428178839436,1523207.8930927925,111.99328855300705,64166.526614990325,25.965424037124176,2015-12-01,1076.0,42.44,0.7295197860415881,2718.7103397741844,-2.2133183521894533,-0.012755813171073993,8.436439041750207,0.03000000000000025,0.031936991384431554,96.80630086155685,23.962281495179553,7.1732155066899095,0.27925308253689646,0.041986410914624746,2015-12-01
2016.01,1918.6,43.553333333333335,86.5,236.916,2016.0416666665349,2.09,2479.0905700754693,56.27679451788819,1423081.3022310915,111.76969368890238,64159.56043103796,24.206167203878476,2016-01-01,1098.0,37.19,1.3730868138309926,2718.7103397741844,-8.813729296318412,-0.06595653528587009,10.705163119803688,0.20999999999999996,0.06544725641282122,93.45527435871787,23.996979160788978,7.143959947803659,0.029281805135793107,0.07680230656846568,2016-01-01
2016.02,1904.42,43.71666666666667,86.47,237.111,2016.1249999998681,1.78,2458.7443583384993,56.44138768340565,1414101.8306972673,111.63904215747053,64207.15246657391,24.00260677728976,2016-02-01,1200.0,31.68,1.0177997801654737,2718.7103397741844,-9.562106622115463,-0.007390805795892796,10.16399443353292,-0.19999999999999996,0.062361280026760176,93.76387199732397,24.02924134878306,7.117565230532799,-0.00374209025567392,0.07713698111994337,2016-02-01
2016.03,2021.95,43.88,86.44,238.132,2016.2083333332014,1.89,2599.2915636075786,56.40936413417768,1497638.5520586008,111.1218194110829,64025.260980709434,25.372298620187912,2016-03-01,1245.0,30.32,0.8525362211427412,2718.7103397741844,-4.392478831581767,0.061714327721825946,12.28252849220876,-0.15000000000000013,0.05389867727542754,94.61013227245725,24.06308378111266,7.094806832780151,0.18453142840003545,0.058754026430977505,2016-03-01
2016.04,2075.54,44.07333333333334,86.6,239.261,2016.2916666665346,1.81,2655.593144515821,56.39054985977656,1532785.4902381909,110.80218464354823,63954.06663067314,25.922337543673883,2016-04-01,1242.0,37.55,1.125110418894426,2718.7103397741844,-2.3215858760299435,0.026504117312495357,12.584763756544442,-0.1299999999999999,0.05036713800707111,94.96328619929288,24.097444429364895,7.073684107352907,0.2579834053392433,0.05131032137190749,2016-04-01
2016.05,2065.55,44.266666666666666,86.75999999999999,240.229,2016.374999999868,1.81,2632.162052146077,56.40969241848401,1521974.5312527216,110.55959896598658,63928.01449080686,25.694709923449977,2016-05-01,1261.0,40.75,1.019322554193569,2718.7103397741844,-3.1834317309175444,-0.004813205238154761,12.55804225128643,-0.3900000000000001,0.052348808370246795,94.76511916297532,24.13115182859883,7.0522109627008,0.22171175864148385,0.06364502549360636,2016-05-01
2016.06,2083.89,44.46,86.92,241.018,2016.4583333332012,1.64,2646.8398043922025,56.470589955936894,1533182.5791679579,110.40089246446321,63949.74292370465,25.84037292767051,2016-06-01,1276.0,46.71,0.9973264945230875,2718.7103397741844,-2.6435525083540687,0.00887899106775425,12.584752717687412,-0.72,0.05057923176384853,94.94207682361515,24.164350951657756,7.031961954538064,0.23834343627686122,0.07381005607757474,2016-06-01
2016.07,2148.9,44.65,87.64333333333333,240.628,2016.5416666665344,1.5,2733.8355667254013,56.80383361454194,1586316.864457142,111.5000520512991,64698.26316901926,26.694003256096302,2016-07-01,1337.0,48.76,0.8271388704987004,2733.8355667254013,0.0,0.03119646430473777,12.957713085653038,-0.8199999999999998,0.04335777172482597,95.66422282751739,24.20066763977446,7.01108323358095,0.355627730160088,0.06963373544769494,2016-07-01
2016.08,2170.95,44.84,88.36666666666667,240.849,2016.6249999998677,1.56,2759.353354695265,56.993207777487136,1603879.517166046,112.31712296916324,65284.54670393435,26.948872433723864,2016-08-01,1340.0,44.65,1.0628745027610353,2759.353354695265,0.0,0.010261063800083736,12.582770830635523,-0.6099999999999999,0.04310699438958861,95.68930056104114,24.236948764449068,6.991333515846297,0.38789791148255914,0.06382230880185995,2016-08-01
2016.09,2157.69,45.03,89.09,241.428,2016.708333333201,1.63,2735.9222852154676,57.09744240518911,1593025.828991861,112.96493768328445,65775.28333768285,26.72787334647854,2016-09-01,1327.0,44.72,1.4637836474815646,2759.353354695265,-0.8491507417825789,-0.006107925101913825,11.32152925159062,-0.54,0.04244939653839975,95.75506034616002,24.273783650653236,6.969332032245187,0.3521269591505905,0.06282817310739218,2016-09-01
2016.1,2143.02,45.25333333333333,90.91,241.729,2016.7916666665342,1.76,2713.937322580244,57.30917597805806,1583005.552827146,115.12913645032243,67153.3792533508,26.525143085070596,2016-10-01,1267.0,45.18,1.6359875209176034,2759.353354695265,-1.6458940294015485,-0.006798937752874656,10.843904025184525,-0.30999999999999983,0.04361532387392198,95.6384676126078,24.31017038460938,6.946696425944192,0.31885266962132425,0.05637667814430204,2016-10-01
2016.11,2164.99,45.47666666666667,92.73,241.353,2016.8749999998674,2.14,2746.031647524579,57.68172873343193,1604529.5217812476,117.61694727225265,68724.57727507984,26.85095353105626,2016-11-01,1238.0,49.78,1.6925371625037933,2759.353354695265,-0.48278366190462224,0.010251887523214709,10.589485853457205,-0.11999999999999966,0.03980307528643716,96.0196924713563,24.346220295539712,6.926025592264346,0.361640771052604,0.044954379396616374,2016-11-01
2016.12,2246.63,45.7,94.55,241.432,2016.9583333332007,2.49,2848.6498282124985,57.946033458696434,1667311.7226541126,119.88615893916298,70169.24165392003,27.865098223923525,2016-12-01,1157.0,45.66,2.074622132966919,2848.6498282124985,0.0,0.037709181104762735,10.928498096005324,0.25,0.041865185518392016,95.8134814481608,24.38449795778743,6.9072112040913805,0.5039081857051676,0.05762169397844838,2016-12-01
2017.01,2275.12,45.92666666666667,96.46333333333334,242.839,2017.041666666534,2.43,2868.059898945391,57.8960366745045,1681496.2905350784,121.60352774883768,71294.14587918387,28.06357374212446,2017-01-01,1192.0,51.97,2.5000422090529995,2868.059898945391,0.0,0.012681215865540718,7.379716416598865,0.3400000000000003,0.03141078174059381,96.85892182594063,24.42100175122745,6.891772854595522,0.5285391825512789,0.058979719112626436,2017-01-01
2017.02,2329.91,46.153333333333336,98.37666666666667,243.603,2017.1249999998672,2.42,2927.9176509525737,57.99930440101312,1719423.5746201042,123.62656874094323,72599.86860402781,28.655106525184127,2017-02-01,1234.0,52.5,2.7379581714893186,2927.9176509525737,0.0,0.02408224621118893,7.023440663983492,0.6399999999999999,0.03129217905816033,96.87078209418397,24.45664838562286,6.880351948390708,0.6102097931986274,0.0756329155502646,2017-02-01
2017.03,2366.82,46.38,100.29,243.801,2017.2083333332005,2.48,2971.8856343903426,58.23681383587434,1748093.8025694601,125.92863431651223,74072.52239700998,29.086921742464643,2017-03-01,1231.0,53.47,2.3806124334402767,2971.8856343903426,0.0,0.015841813632286428,5.074357661960132,0.5900000000000001,0.024719101572570106,97.52808984274299,24.49179721275173,6.871565381112834,0.6687158274507667,0.075357740713784,2017-03-01
2017.04,2359.31,46.660000000000004,101.53333333333333,244.524,2017.2916666665337,2.3,2953.6964552559252,58.41516231535554,1740258.106455317,127.11286213214242,74892.32292863727,28.904245956275155,2017-04-01,1267.0,49.33,2.199689878417299,2971.8856343903426,-0.6120416924505485,-0.003173033859778185,5.100141456047328,0.48999999999999977,0.025187652573241227,97.48123474267588,24.52709641137133,6.861466262843139,0.6379320945739222,0.07277969316781531,2017-04-01
2017.05,2395.35,46.94,102.77666666666667,244.733,2017.374999999867,2.3,2996.2551316128183,58.71551793178687,1768215.6490754383,128.55954867140923,75868.3742917778,29.31334498027143,2017-05-01,1246.0,51.06,1.8748777208413614,2996.2551316128183,0.0,0.01527565262725128,4.815474405851301,0.48999999999999977,0.022566387284483222,97.74336127155168,24.563632614225817,6.851802469365547,0.693206260291596,0.07248698623567552,2017-05-01
2017.06,2433.99,47.22,104.02,244.955,2017.4583333332002,2.19,3041.8292083239767,59.0122289808332,1798012.9529126242,129.9968669755669,76840.62274782197,29.748503240632747,2017-06-01,1260.0,48.48,1.633487955256463,3041.8292083239767,0.0,0.016131254305216336,4.8104563197234835,0.55,0.021856543894005487,97.81434561059945,24.59953065848347,6.844996848760541,0.7522242443517893,0.07842307331968787,2017-06-01
2017.07,2454.1,47.53666666666667,105.03999999999999,244.786,2017.5416666665335,2.32,3069.07869628982,59.448991874535295,1817048.3533716772,131.362220878645,77773.01619255978,30.00222074401856,2017-07-01,1237.0,45.18,1.727978456372492,3069.07869628982,0.0,0.00826215391188967,4.399023652413799,0.8199999999999998,0.021254552104569446,97.87454478954305,24.634797926132094,6.840019315618441,0.7847087223321929,0.09050300805874549,2017-07-01
2017.08,2456.22,47.85333333333334,106.06,245.519,2017.6249999998668,2.21,3062.5592644561107,59.666344763541716,1816132.3118823967,132.24183321861037,78420.90407139712,29.914959397497487,2017-08-01,1283.0,46.63,1.9389742120581754,3069.07869628982,-0.212423091059564,0.0008638604783830495,4.51965447069017,0.6499999999999999,0.022415257439218645,97.75847425607813,24.666986959886657,6.83751793112415,0.7675259488128341,0.08445085214654661,2017-08-01
2017.09,2492.84,48.17,107.08,246.819,2017.7083333332,2.2,3091.84818470215,59.74484004472912,1836453.4203424763,132.81041046272773,78884.89925156542,30.168114410678903,2017-09-01,1314.0,48.04,2.2329638650032235,3091.84818470215,0.0,0.014909087948148159,4.155271765076294,0.5700000000000003,0.02216678095098934,97.78332190490107,24.701688331999822,6.833636406080645,0.7999293134494243,0.08246199422947458,2017-09-01
2017.1,2557.0,48.42333333333333,108.01333333333334,246.663,2017.7916666665333,2.36,3173.4310273531087,60.097031070732115,1887885.5080291461,134.05274281104175,79748.45783102131,30.920393290333838,2017-10-01,1280.0,49.82,2.0411287019761692,3173.4310273531087,0.0,0.025737712809486224,3.793015155687217,0.5999999999999999,0.02086598930754955,97.91340106924504,24.744439270129565,6.824233416150216,0.9050033378970118,0.09013665211744314,2017-10-01
2017.11,2593.61,48.67666666666666,108.94666666666666,246.669,2017.8749999998665,2.35,3218.7885193315733,60.4099675070641,1917863.6850085058,135.20779141278388,80561.40113691984,31.298913333880268,2017-11-01,1281.9,51.58,2.202582938683184,3218.7885193315733,0.0,0.014317559640203426,3.7605352224422877,0.20999999999999996,0.021242734227599386,97.87572657724006,24.793628237325926,6.807413699425528,0.9556177108941268,0.07901780437260157,2017-11-01
2017.12,2664.34,48.93,109.88,246.524,2017.9583333331998,2.4,3308.512531639921,60.760082486897815,1974341.2137731167,136.44630827018867,81423.77195455162,32.086132007706,2017-12-01,1264.0,56.64,2.1090824745684245,3308.512531639921,0.0,0.027270869560188205,3.179526061017158,-0.0900000000000003,0.019824047124151967,98.0175952875848,24.84556463591837,6.791466264522792,1.0661272676286189,0.08138856766869446,2017-12-01
2018.01,2789.8,49.28666666666666,111.73333333333332,247.867,2018.041666666533,2.58,3445.5353052241726,60.87137073511196,2059136.0506557806,137.99596557831413,82469.75938296861,33.30734382803066,2018-01-01,1331.0,57.88,2.0705076202751638,3445.5353052241726,0.0,0.04708858479022959,4.549204885916755,0.1499999999999999,0.02255441412172745,97.74455858782726,24.899478544652982,6.7813513180278155,1.239851010376925,0.09617577896773294,2018-01-01
2018.02,2705.16,49.64333333333333,113.58666666666666,248.991,2018.1249999998663,2.86,3325.9188802004883,61.03509574643258,1990690.0255948754,139.65164323208467,83586.86524046758,32.03538233925029,2018-02-01,1331.0,63.7,2.2117954212386604,3445.5353052241726,-3.4716354478307068,-0.030339092408057988,6.49313783322963,0.43999999999999995,0.034745631892510336,96.52543681074897,24.948748298477373,6.768536117909712,1.0469965613423426,0.11581891915768833,2018-02-01
2018.03,2702.77,50.0,115.44,249.554,2018.2083333331996,2.84,3315.4837156487165,61.334921499955904,1987503.4546051675,141.6100667590982,84889.72380173694,31.80840905764312,2018-03-01,1325.0,62.23,2.3597114039729084,3445.5353052241726,-3.7744959216720235,-0.0008834967247778325,6.618550186113933,0.3599999999999999,0.03654843911186244,96.34515608881375,24.99635791582887,6.7562950667265484,1.0082524630048044,0.11238126416449894,2018-03-01
2018.04,2653.63,50.33,117.78666666666666,250.546,2018.2916666665328,2.87,3242.315254783552,61.495282602795484,1946713.8122930154,143.9166372642149,86408.78001226745,30.97017929332522,2018-04-01,1335.0,62.73,2.462743943334811,3445.5353052241726,-5.8980690208715965,-0.01818134728445253,7.126932425484746,0.5700000000000003,0.0445429339637162,95.54570660362837,25.042293646030224,6.74047555223875,0.8794462054426021,0.12508511902116548,2018-04-01
2018.05,2701.49,50.66,120.13333333333333,251.588,2018.374999999866,2.976,3287.1217227172992,61.6421258168116,1976700.2038616552,146.1759583127971,87902.44808997263,31.243615074864607,2018-05-01,1303.0,66.25,2.8010117148075553,3445.5353052241726,-4.597647926192609,0.018035671890956895,7.1543527338541555,0.6760000000000002,0.04291845667063742,95.70815433293626,25.09010398971588,6.723180364135216,0.9152678869028429,0.12437755859254235,2018-05-01
2018.06,2754.35,50.99,122.48,251.989,2018.4583333331993,2.91,3346.1074873307957,61.94493102873537,2015275.3049527314,148.79417831730748,89614.94339884566,31.6305564964546,2018-06-01,1282.0,69.98,2.87154783531669,3445.5353052241726,-2.8857001622541176,0.019566979703793175,7.193215001519403,0.7200000000000002,0.038962063424538625,96.10379365754613,25.136948678184147,6.709786732472763,0.9677815521086401,0.11958399315043512,2018-06-01
2018.07,2793.64,51.44,125.11666666666667,252.006,2018.5416666665326,2.89,3393.6097914335364,62.487395538201454,2047020.9465817125,151.98706528812806,91678.39715680928,31.886366962158977,2018-07-01,1238.0,67.87,2.9495150866471143,3445.5353052241726,-1.5070376353974928,0.014264708551926963,7.197394772397078,0.5700000000000003,0.03603644609620314,96.39635539037968,25.184943264974805,6.696046670223602,1.0008030151558651,0.10824314532104959,2018-07-01
2018.08,2857.82,51.89,127.75333333333333,252.146,2018.6249999998658,2.89,3469.6457292600317,62.99904013944301,2096052.468731228,155.10382298350953,93699.98450636386,32.390276880301116,2018-08-01,1202.0,70.98,2.6991801041874375,3469.6457292600317,0.0,0.022973611488953605,7.195492330846057,0.6800000000000002,0.03165905344254091,96.8340946557459,25.23534696100154,6.681745895880469,1.070817422690504,0.10796849688425626,2018-08-01
2018.09,2901.5,52.34,130.39,252.439,2018.708333333199,3.0,3518.588416409508,63.47162423397335,2128814.630534438,158.12122819770318,95666.42759792705,32.622891120500185,2018-09-01,1198.0,68.06,2.2769721941990007,3518.588416409508,0.0,0.015284377602508226,7.196735072901688,0.7999999999999998,0.029981628503294177,97.00183714967058,25.28605102306921,6.668304971020199,1.1002556315759648,0.11384394541455062,2018-09-01
2018.1,2785.46,52.81,131.05666666666667,252.885,2018.7916666665324,3.15,3371.9117628566337,63.92863663325226,2043295.566538031,158.64938499713307,96137.62393473703,31.0379610780065,2018-10-01,1215.0,70.23,2.5224699286070296,3518.588416409508,-4.168622077786199,-0.03999310701361358,8.75372288925677,0.79,0.04695867756965387,95.30413224303462,25.331124664526786,6.652126883352712,0.8578965064183253,0.1240967479661982,2018-10-01
2018.11,2723.23,53.28,131.72333333333333,252.038,2018.8749999998656,3.12,3307.6583365405213,64.71434148818827,2007627.5126276147,159.9922818186146,97109.45753939921,30.195583406705246,2018-11-01,1221.0,70.75,2.176601032152403,3518.588416409508,-5.994735811818178,-0.02234101369253194,9.196395704775687,0.77,0.05262528944656982,94.73747105534301,25.374874810987432,6.632097205307452,0.7268754432398786,0.1257258932480489,2018-11-01
2018.12,2567.31,53.75,132.39,251.233,2018.9583333331989,2.83,3128.2681495862403,65.49439414806174,1902056.9618043895,161.31726216301197,98084.50135483564,28.291857012072875,2018-12-01,1250.0,56.96,1.9101588486313714,3518.588416409508,-11.093092474327092,-0.05725553845984366,10.669297157643248,0.43000000000000016,0.08025828131226097,91.97417186877391,25.41262417283049,6.609817856873224,0.4355994221910989,0.12872082231033338,2018-12-01
2019.01,2607.39,54.14666666666667,133.05666666666664,251.712,2019.0416666665321,2.71,3171.0597119922763,65.85217907767606,1931411.8213502665,161.82106822479656,98561.09707771447,28.38016446354758,2019-01-01,1292.0,49.52,1.5512351381991252,3518.588416409508,-9.876935386829427,0.015611671360295398,9.464888138080656,0.1299999999999999,0.06367220637528508,93.6327793624715,25.449546650666143,6.589076512501824,0.44476912771023547,0.10619622434617926,2019-01-01
2019.02,2754.86,54.54333333333334,133.7233333333333,252.776,2019.1249999998654,2.68,3336.307262754375,66.0553781806817,2035412.6227019567,161.94729612384077,98800.72330951403,29.541548965131213,2019-02-01,1320.0,51.38,1.520135265933309,3518.588416409508,-5.1805193470493816,0.05655847418299542,10.842920677183916,-0.17999999999999972,0.05377583629688183,94.62241637031181,25.488642452061686,6.571412471871191,0.6167481542846257,0.09259068305813059,2019-02-01
2019.03,2803.98,54.94,134.39,254.202,2019.2083333331987,2.57,3376.7452162060085,66.16251976774375,2063446.6882668764,161.841664207992,98897.49585809652,29.576196014784816,2019-03-01,1301.0,54.95,1.8625227405691724,3518.588416409508,-4.031252974686977,0.017830307166244452,10.950154042982247,-0.27,0.05275505921040096,94.7244940789599,25.528301415689192,6.552801447423053,0.6177349690165714,0.08992786686484665,2019-03-01
2019.04,2903.8,55.319091580592705,134.68333333333334,255.548,2019.291666666532,2.53,3478.5364569474223,66.26815787185926,2129023.405489888,161.34061751608306,98747.83697088748,30.13351717138751,2019-04-01,1286.0,58.15,1.9964397755302565,3518.588416409508,-1.1382962347996473,0.03559939799855916,11.106485263837776,-0.3400000000000003,0.04533534816991142,95.46646518300885,25.568431344898208,6.536579572418986,0.698390614833425,0.08086822735569558,2019-04-01
2019.05,2854.71,55.69818316118541,134.97666666666666,256.092,2019.3749999998652,2.4,3412.465971311091,66.58054748166981,2091981.1081717394,161.34853695156426,98913.24747895962,29.242030936939845,2019-05-01,1284.0,63.86,1.7902284687663972,3518.588416409508,-3.0160516815066534,-0.01690543425855784,11.310204513130113,-0.5760000000000001,0.0507282427588188,94.92717572411811,25.604697115449298,6.520579315662835,0.5578237216980776,0.09162339148632503,2019-05-01
2019.06,2890.17,56.07727474177812,135.27,256.143,2019.4583333331984,2.06,3454.166292559234,67.02035942232924,2120968.961013439,161.6669865075368,99268.71822636313,29.283796275306262,2019-06-01,1359.0,60.83,1.6484846560762545,3518.588416409508,-1.8309082002837023,0.012421576972792447,11.232801248589151,-0.8500000000000001,0.04587556943249965,95.41244305675004,25.63981348222568,6.50620143056187,0.5600783855174756,0.09442454933729176,2019-06-01
2019.07,2996.1136363636365,56.45818316118542,134.48000000000002,256.571,2019.5416666665317,1.63,3574.8107822626444,67.363039726531,2198495.4719943143,160.45471312034485,98679.05792539577,29.98668533504252,2019-07-01,1413.0,54.66,1.8114648063935146,3574.8107822626444,0.0,0.03665654143653718,11.660116160339161,-1.2600000000000002,0.04341935688466703,95.6580643115333,25.67585036468275,6.494205427349585,0.6637971370916594,0.10669991738241077,2019-07-01
2019.08,2897.498181818182,56.83909158059271,133.69,256.558,2019.624999999865,1.63,3457.3230016391826,67.82095669531994,2129716.722616805,159.52020780876057,98264.71348050253,28.705397371833072,2019-08-01,1500.0,57.35,1.7497798894291483,3574.8107822626444,-3.2865454363740865,-0.03291445736522314,12.122174433428484,-1.2600000000000002,0.05544221584284715,94.45577841571529,25.706325770058463,6.482565775914813,0.4626365092842245,0.11392993667914858,2019-08-01
2019.09,2982.156,57.22,132.9,256.759,2019.7083333331982,1.7,3555.55194127567,68.22201188663297,2193727.9856414855,158.4534320121203,97763.6479418761,29.22952023303527,2019-09-01,1511.0,54.81,1.7113045131695204,3574.8107822626444,-0.5387373531078142,0.029217556964503455,12.369890146419868,-1.3,0.047474632351305356,95.25253676486946,25.738312713264172,6.471420868214227,0.5394808328598922,0.1040251969458221,2019-09-01
2019.1,2977.68,57.56,135.09,257.346,2019.7916666665315,1.71,3542.1173602853737,68.47084819659135,2188959.4953340217,160.69713139120094,99307.69532813232,28.841122881953403,2019-10-01,1495.0,56.95,1.7640429444213845,3574.8107822626444,-0.9145497193722136,-0.001500927516870365,11.481713602353093,-1.44,0.04497404671716506,95.50259532828349,25.769424571678492,6.4592949892097575,0.4755469931944862,0.10601679782750126,2019-10-01
2019.11,3104.9044999999996,57.900000000000006,137.28,257.208,2019.8749999998647,1.81,3695.439692092585,68.91225097975178,2287258.5772533957,163.38987589810577,101128.6683649517,29.836867659083424,2019-11-01,1471.0,53.96,2.0512779818916194,3695.439692092585,0.0,0.042726048467263134,11.567933068416115,-1.31,0.0443744218695937,95.56255781304063,25.804409289434428,6.4470777528938,0.6254707208764481,0.10635409571278767,2019-11-01
2019.12,3176.7495238095235,58.24,139.47,256.974,2019.958333333198,1.86,3784.3921558212105,69.38003689089167,2345893.4021703084,166.1475574377174,102992.61882263228,30.331822322243287,2019-12-01,1479.0,57.03,2.2851297401217163,3784.3921558212105,0.0,0.023139205669457485,8.822799092320068,-0.97,0.035126671086204604,96.48733289137954,25.839635982260248,6.437037495309315,0.6978654922014214,0.09519370102693303,2019-12-01
2020.01,3278.2028571428577,58.686867862126704,131.75666666666666,257.971,2020.0416666665312,1.76,3890.158371095976,69.64218513500815,2415053.9659704273,156.3522216644506,97065.21354621295,30.985220300230694,2020-01-01,1561.0,59.88,2.4865719552504606,3890.158371095976,0.0,0.03193620792981888,8.920964816204249,-0.95,0.03639112372728178,96.36088762727182,25.878348139741778,6.425919542540773,0.7947301746746874,0.1013439049495278,2020-01-01
2020.02,3277.3142105263164,59.13373572425341,124.04333333333332,258.678,2020.1249999998645,1.5,3878.4744198690832,69.9806813216678,2411420.8372980515,146.7966952156735,91270.06430056976,30.729689264735743,2020-02-01,1597.0,57.52,2.3348735639459495,3890.158371095976,-0.3003464155522493,-0.00027107737234899343,8.124600614766768,-1.1800000000000002,0.03369271087170961,96.63072891282904,25.917852572375796,6.411853292450432,0.7504595743052314,0.10757481916987505,2020-02-01
2020.03,2652.3936363636367,59.58060358638012,116.33,258.115,2020.2083333331977,0.87,3145.7708111342195,70.66331373376045,1959527.4781229822,137.96878164771513,85941.93124462572,24.817168629099413,2020-03-01,1592.0,50.54,1.5393269919198094,3890.158371095976,-19.135147954196007,-0.19068070194658615,22.070764722299288,-1.6999999999999997,0.30746374799325854,69.25362520067415,25.9400287401414,6.394128617936778,-0.17560799573098135,0.2670380515686205,2020-03-01
2020.04,2761.975238095238,59.61373572425342,110.63,256.389,2020.291666666531,0.66,3297.788027957517,71.17857584735064,2057915.1113499296,132.09180317798342,82429.10567353619,25.927358825280162,2020-04-01,1683.0,29.21,0.3290966863368272,3890.158371095976,-15.227409442756699,0.04131423037262105,22.185620193995568,-1.8699999999999997,0.22751475885424519,77.24852411457547,25.965343864937363,6.3759112476540984,-0.005957586011125378,0.22589221281276928,2020-04-01
2020.05,2919.615,59.64686786212671,104.93,256.394,2020.3749999998643,0.67,3485.9413282389596,71.21674665344428,2179031.6551584965,125.28358142156212,78313.67888429847,27.328480997698456,2020-05-01,1716.0,16.55,0.11792637021070806,3890.158371095976,-10.390760588575624,0.05707500912045682,22.868963822868086,-1.73,0.1817311238025682,81.82688761974319,25.992944052184733,6.360183520203072,0.2099840266041697,0.19443363138072162,2020-05-01
2020.06,3104.6609090909087,59.68,99.23,257.797,2020.4583333331975,0.73,3686.707302442336,70.86850971888732,2308220.3298470285,117.8331471079958,73774.46685402702,28.838315955122845,2020-06-01,1732.0,28.56,0.6457330475554857,3890.158371095976,-5.229891671385123,0.06338024331663905,23.62661611912385,-1.33,0.1541284456469161,84.58715543530839,26.023558588666592,6.347231642265999,0.443462209211474,0.1595335616141112,2020-06-01
2020.07,3207.6190909090906,59.403333333333336,98.89333333333335,259.101,2020.5416666665308,0.62,3789.79785200471,70.18496233129166,2376426.4221931566,116.84234680684365,73267.03191727238,29.599194927666993,2020-07-01,1847.0,38.31,0.9860818253037085,3890.158371095976,-2.5798568982936088,0.033162456330321,23.58347646792529,-1.0099999999999998,0.13726617179260464,86.27338282073953,26.056480875723803,6.334909003047245,0.5592367704475405,0.13609989598204902,2020-07-01
2020.08,3391.71,59.126666666666665,98.55666666666667,259.918,2020.624999999864,0.65,3994.704880096799,69.63849617956431,2508554.1482792543,116.07855544825674,72893.8308426258,31.15820896535522,2020-08-01,1969.0,40.71,1.3096453823307153,3994.704880096799,0.0,0.05739176126387724,23.601317068038927,-0.9799999999999999,0.12290011701216101,87.7099882987839,26.098119415192823,6.3189776761557335,0.8007766144286804,0.13315014858283503,2020-08-01
2020.09,3365.5166666666664,58.85,98.22,260.28,2020.7083333331973,0.68,3958.3417987359758,69.21624164361455,2489341.3728543776,115.52114280774549,72649.50195118837,30.83942604381124,2020-09-01,1922.0,42.34,1.3713248610564666,3994.704880096799,-0.9102820471669536,-0.007722751453789867,23.65738497357291,-1.02,0.13116094797004926,86.88390520299507,26.141280916860286,6.298056611035092,0.7459674336237524,0.1384389042669355,2020-09-01
2020.1,3418.701363636364,58.659615378670054,96.85666666666667,260.388,2020.7916666665305,0.79,4019.227083032209,68.96370572696827,2531245.39465307,113.87041347911577,71713.77823439661,31.28369403259284,2020-10-01,1900.0,39.63,1.1820661677274913,4019.227083032209,0.0,0.015802832740796857,23.608934430817936,-0.9199999999999999,0.1211592690548411,87.88407309451588,26.187018544824436,6.27534384813205,0.8121746968949767,0.13105072396219283,2020-10-01
2020.11,3548.992500000001,58.469230757340114,95.49333333333334,260.229,2020.8749999998638,0.87,4174.954373047394,68.78187841734638,2632929.7803101344,112.33619389076543,70844.68089307478,32.47320409661256,2020-11-01,1866.0,39.4,1.1745357842679605,4174.954373047394,0.0,0.03811129505182942,23.551988945401988,-0.9400000000000001,0.12044781229359838,87.95521877064016,26.235034090649737,6.2570512242703575,0.9969824095039698,0.14387222826969076,2020-11-01
2020.12,3695.3099999999995,58.27884613601017,94.13,260.474,2020.958333333197,0.93,4342.9901334682145,68.49342917335878,2742500.9315162664,110.62824533350735,69859.25745976012,33.7655914181171,2020-12-01,1858.0,40.94,1.3620054947193205,4342.9901334682145,0.0,0.04122789777662206,23.701295673954036,-0.93,0.12474215238946323,87.52578476105369,26.284809858548044,6.245441698498854,1.1977986379037249,0.15838799586322713,2020-12-01
2021.01,3793.748421052632,58.06369311230766,105.48666666666665,261.582,2021.0416666665303,1.08,4439.79600953349,67.95151506310816,2807207.494144519,123.45027391028431,78055.50825556001,34.5124322941069,2021-01-01,1867.0,47.02,1.3997697415600863,4439.79600953349,0.0,0.02663874507216768,23.66604212656084,-0.6799999999999999,0.12490709665039955,87.50929033496004,26.337327197923887,6.234877532670282,1.3111893623164348,0.15663010798206883,2021-01-01
2021.02,3883.4321052631576,57.84854008860516,116.84333333333332,263.014,2021.1249999998636,1.26,4520.0079151830205,67.33112669277861,2861471.8114904235,135.9964014273004,86094.95302899242,35.103907171969816,2021-02-01,1808.0,52.0,1.6762152173745104,4520.0079151830205,0.0,0.02363986070158064,23.622674343759204,-0.24,0.12850557231301518,87.14944276869848,26.386630649109343,6.233825226796488,1.3983832086579384,0.14720249755341788,2021-02-01
2021.03,3910.5082608695648,57.63338706490265,128.2,264.877,2021.2083333331968,1.61,4519.509499236806,66.60889657732072,2864670.276423819,148.16516911623125,93913.80990354164,35.04254511219207,2021-03-01,1718.0,59.04,2.619762508959189,4520.0079151830205,-0.011026882155238043,0.00697222324801583,7.400264419260284,0.7400000000000001,0.031986355399523124,96.8013644600477,26.43447488530044,6.233979380854633,1.3808307183896285,0.13105574002658452,2021-03-01
2021.04,4141.176190476191,57.71060542140715,138.38666666666666,267.054,2021.29166666653,1.64,4747.084538145843,66.15442330443213,3012411.972856286,158.63444958697488,100666.48516647682,36.719814109133,2021-04-01,1760.0,62.33,4.15969483870211,4747.084538145843,0.0,0.05898668771903659,7.81415041129846,0.9799999999999999,0.04054476527715651,95.94552347228435,26.486042852561372,6.2420811129552884,1.639480658995552,0.16023937844670824,2021-04-01
2021.05,4167.849500000001,57.787823777911655,148.57333333333332,269.195,2021.3749999998633,1.62,4739.662132696559,65.71608693910602,3011177.036113465,168.95701294600565,107340.87435550742,36.55213398979905,2021-05-01,1850.0,61.72,4.992706537594471,4747.084538145843,-0.1563571364621911,0.006440998474093851,7.862617396790958,0.9500000000000001,0.04575496202834132,95.42450379716587,26.537478138891355,6.248539649670411,1.6027194212388387,0.15926898380815302,2021-05-01
2021.06,4238.489545454546,57.86504213441615,158.76,271.696,2021.4583333331966,1.52,4775.624993839203,65.19816517726971,3037476.5499361856,178.87934272127669,113773.96874436631,36.696258013088354,2021-06-01,1835.0,65.17,5.391451413321335,4775.624993839203,0.0,0.016948799483893273,7.0642836140911465,0.79,0.044162519277903454,95.58374807220964,26.589369891581352,6.2551344028739955,1.6157747332916255,0.15280019730004124,2021-06-01
2021.07,4363.7128571428575,58.32818900579217,164.31666666666666,273.003,2021.5416666665299,1.32,4893.178857649916,65.40537166210862,3115711.9038532227,184.25383741204305,117322.8878927711,37.443383184615385,2021-07-01,1808.0,71.38,5.365475239385398,4893.178857649916,0.0,0.029544324775462538,7.036081605834611,0.7000000000000001,0.043898029385226627,95.61019706147734,26.643091921689958,6.265092623703879,1.723883733508216,0.1565398925187104,2021-07-01
2021.08,4454.206363636363,58.79133587716819,169.87333333333333,273.567,2021.6249999998631,1.28,4984.355052269061,65.78880008823359,3177258.874166126,190.09200250761236,121173.45083600553,37.973500614070474,2021-08-01,1785.0,72.49,5.251271554874992,4984.355052269061,0.0,0.020737731710595675,6.161899240187114,0.63,0.039786020986491456,96.02139790135085,26.697150927686437,6.278686385105463,1.7959727552461007,0.15728162436167872,2021-08-01
2021.09,4445.543333333333,59.254482748544206,175.43,274.31,2021.7083333331964,1.37,4961.186492563157,66.12747135578347,3166002.88683384,195.77830675148553,124936.78382858203,37.62034668665119,2021-09-01,1775.0,67.73,5.390348855079163,4984.355052269061,-0.4648256286509298,-0.0019449099560706617,5.866507287092896,0.6900000000000001,0.04055687549390087,95.94431245060991,26.750659439061096,6.289486992826832,1.7282311355420537,0.15760944360225687,2021-09-01
2021.1,4460.707142857143,59.63536092649366,182.91,276.589,2021.7916666665296,1.58,4937.091228772654,66.00415762024225,3154136.4589116867,202.44399099385728,129334.44882687584,37.2530250003253,2021-10-01,1777.0,71.65,6.221868903328898,4984.355052269061,-0.948243513970594,0.0034110137697025422,6.169073595000253,0.79,0.047866294192178006,95.2133705807822,26.80317009741755,6.298055907362932,1.6592191394635025,0.1617340298346821,2021-10-01
2021.11,4667.386666666667,60.01623910444312,190.39,277.948,2021.874999999863,1.56,5140.5853317886795,66.10092980142116,3287660.9206519127,209.69251343776529,134108.82949835973,38.5826274977192,2021-11-01,1822.0,81.48,6.809002839806477,5140.5853317886795,0.0,0.046333354150020156,6.443859404445802,0.6900000000000001,0.04984310203749414,95.0156897962506,26.859541651107595,6.3124397979497155,1.8571402218234656,0.16712943383468734,2021-11-01
2021.12,4674.772727272726,60.397117282392585,197.87,278.802,2021.9583333331962,1.47,5132.949146950815,66.31666387208712,3286311.6006795857,217.26332101276168,139100.34013692776,38.30484987346744,2021-12-01,1790.0,79.15,7.036402865545144,5140.5853317886795,-0.14854699114989006,0.00158248311818876,6.45644134326714,0.5399999999999999,0.051844695659375994,94.8155304340624,26.91471719988525,6.3254524083994195,1.8006826924280548,0.15918389126506804,2021-12-01
2022.01,4573.8155,60.921402962953294,197.88333333333333,281.148,2022.0416666665294,1.76,4980.190876251118,66.33416131554014,3192049.01668343,215.4649157205457,138102.05059314397,36.936758070297444,2022-01-01,1816.0,71.71,7.479872468289117,5140.5853317886795,-3.120159382350947,-0.021596178715542647,7.609399283527406,0.6799999999999999,0.07352693873318819,92.64730612668119,26.96239411615979,6.336148631721472,1.5741998071512588,0.17178187927845454,2022-01-01
2022.02,4435.980526315789,61.44568864351402,197.89666666666665,283.716,2022.1249999998627,1.93,4786.390716666442,66.29945103630861,3071374.187348944,213.5290636587291,137019.24752749217,35.28714922569486,2022-02-01,1856.0,83.22,7.871063897739283,5140.5853317886795,-6.890161183240089,-0.030135665438234427,8.81844891663281,0.6699999999999999,0.10819273263955165,89.18072673604483,27.006016800202314,6.339260568504051,1.306324662948307,0.184531573203264,2022-02-01
2022.03,4391.265217391306,61.969974324074734,197.91,287.504,2022.208333333196,2.13,4675.715965123813,65.98417175028239,3003883.8616781803,210.72991514900656,135382.08822146687,34.270798693291724,2022-03-01,1948.0,91.64,8.542455554842432,5140.5853317886795,-9.043121291853245,-0.01008014094273324,9.073871427706935,0.5199999999999998,0.135785562976506,86.42144370234939,27.047648013624514,6.337616272045915,1.139726731567392,0.1882223356055361,2022-03-01
2022.04,4391.295999999999,62.65331621604982,196.02666666666664,289.109,2022.2916666665292,2.75,4649.791138428757,66.3414250678076,2990780.3410680913,207.5658433324455,133507.89857749842,33.88916475591384,2022-04-01,1937.0,108.5,8.258629340882372,5140.5853317886795,-9.547437921610168,7.0099634545961464e-06,7.355825111349684,1.11,0.11642066309170472,88.35793369082953,27.088170055980164,6.334584658342145,1.073629143305758,0.20168469791053137,2022-04-01
2022.05,4040.3599999999997,63.336658108024906,194.14333333333332,292.296,2022.3749999998624,2.9,4231.55057168076,66.33376031476446,2725320.419838315,203.33023125530278,130954.36810304278,30.67315507954513,2022-05-01,1849.0,101.78,8.581511543676523,5140.5853317886795,-17.683487413127295,-0.07991627073192054,11.23231739910254,1.2799999999999998,0.25852145077126604,74.14785492287339,27.118755820657668,6.325205169882941,0.5619421288990759,0.2643627534288513,2022-05-01
2022.06,3898.9466666666676,64.02,192.26,296.311,2022.4583333331957,3.14,4028.115040278627,66.14092136302735,2597848.059116452,198.6293898977763,128101.8466130328,29.047721395103835,2022-06-01,1837.0,109.55,9.059757964784154,5140.5853317886795,-21.640926464748826,-0.035000181501978034,11.470398546570443,1.62,0.33131046432553335,66.86895356744667,27.1457901412895,6.312545770976574,0.3012938555723296,0.30499955187583605,2022-06-01
2022.07,3911.729499999999,64.4527684478357,190.58333333333331,296.276,2022.541666666529,2.9,4041.7987704412417,66.59589326511367,2610252.2280681306,196.92043694055536,127174.07235494803,29.00461831720893,2022-07-01,1733.0,114.84,8.52481474562552,5140.5853317886795,-21.374736346709224,0.003278535057331222,10.856241894660968,1.5799999999999998,0.2988560028076511,70.11439971923488,27.171856468018348,6.3007494614405575,0.29087997553414113,0.2901152810851667,2022-07-01
2022.08,4158.5630434782615,64.8855368956714,188.90666666666664,296.171,2022.6249999998622,2.9,4298.363135122586,67.06682016817865,2779554.607152706,195.25721829618692,126263.90177699814,30.69876336517529,2022-08-01,1765.0,101.62,8.262692503116241,5140.5853317886795,-16.38378010103064,0.06310087225567673,12.764415811193869,1.6199999999999999,0.26315892995957146,73.68410700404286,27.202347095426187,6.291150080378864,0.5557674232973538,0.27182568754416014,2022-08-01
2022.09,3850.520476190475,65.31830534350709,187.23,296.808,2022.7083333331955,3.52,3971.4233008375763,67.36924044852047,2571767.971244365,193.1088509238295,125051.17690802882,28.22988465582196,2022-09-01,1680.78,93.67,8.20166964383362,5140.5853317886795,-22.743753006513955,-0.0740742809636803,14.492169319392396,2.15,0.3915082145717485,60.84917854282514,27.226016868290294,6.278895716673592,0.15987967197255656,0.3420302849308522,2022-09-01
2022.1,3726.050952380952,65.85220356233806,182.40333333333334,298.012,2022.7916666665287,3.98,3827.519237228701,67.64549899342859,2482230.680083021,187.3705636853549,121513.94490729953,27.08076692540069,2022-10-01,1664.0,84.26,7.7454273308049215,5140.5853317886795,-25.543124173820374,-0.03232537642097355,14.542584660751679,2.4,0.42307984802380366,57.69201519761964,27.24743491231389,6.265159885418117,-0.026602351729460124,0.3657935676774331,2022-10-01
2022.11,3917.488571428571,66.38610178116903,177.57666666666665,297.711,2022.874999999862,3.89,4028.2387370637953,68.26288371277788,2616090.870156019,182.59688431062335,118585.33546404137,28.378949016273314,2022-11-01,1725.0,87.55,7.110322794191726,5140.5853317886795,-21.638520186529817,0.05137815384013744,14.778011933822985,2.33,0.34715060641207607,65.2849393587924,27.27117183725131,6.253169304510048,0.17715451558668488,0.328880614215988,2022-11-01
2022.12,3912.380952380953,66.92,172.75,296.797,2022.9583333331952,3.62,4035.3756944982592,69.02378494391787,2624461.4358516494,178.18079571222074,115882.30250621737,28.316901284527283,2022-12-01,1798.0,84.37,6.4544013314108195,5140.5853317886795,-21.499684684853968,-0.0013037993486105792,14.748349083244358,2.1500000000000004,0.3249169881584254,67.50830118415746,27.29302821103821,6.242998873811286,0.164003405123796,0.31277792962130513,2022-12-01
2023.01,3960.6565,67.35,173.55666666666667,299.17,2023.0416666665285,3.53,4052.7655603962617,68.91629215830461,2639506.2254679734,177.5929019453822,115663.62852676991,28.334813423755683,2023-01-01,1898.0,76.44,6.410146968856267,5140.5853317886795,-21.161398968819533,0.012339173563777894,14.94400836090376,1.7699999999999998,0.3229706943091379,67.7029305690862,27.315282107206986,6.232355373613819,0.16358683923338666,0.2961275271345217,2023-01-01
2023.02,4079.684736842105,67.78,174.36333333333332,300.84,2023.1249999998618,3.75,4151.388410043981,68.97128689668926,2707481.1592775686,177.4279062790852,115716.15708576883,28.91976294386663,2023-02-01,1855.0,78.12,6.035613077866597,5140.5853317886795,-19.242884961516726,0.030052653352317993,15.313421409600588,1.82,0.2929601469065904,70.70398530934096,27.338544402070784,6.222637350388545,0.2541074552090221,0.28394097323882506,2023-02-01
2023.03,3968.5591304347827,68.21,175.17,301.67499999999995,2023.208333333195,3.66,4027.132129616886,69.21672917875196,2630204.693997764,177.75537971326756,116095.77710817975,27.953041469070055,2023-03-01,1913.0,76.83,4.928974901218752,5140.5853317886795,-21.660047062857817,-0.027238772987478344,15.458188257682204,1.5300000000000002,0.2988078185740377,70.11921814259622,27.358260627960725,6.2132754605789,0.0957274218539014,0.2766397999387957,2023-03-01
2023.04,4121.467368421053,68.37666666666667,177.17,303.363,2023.2916666665283,3.46,4159.025661752803,68.99977263212718,2720102.5674309423,178.78452274997275,116929.36733267533,28.76468407710037,2023-04-01,2000.0,73.28,4.930320398188925,5140.5853317886795,-19.094317216485933,0.0385299129887271,16.127135886509492,0.71,0.27748809276175396,72.25119072382459,27.38133652257311,6.202992412034433,0.22301293676313777,0.23408494766658608,2023-04-01
2023.05,4146.1731818181825,68.54333333333332,179.17,304.127,2023.3749999998615,3.57,4173.446062720657,68.99420069576193,2733294.1775248125,180.34855233175608,118114.7762796455,28.761805827303075,2023-05-01,1992.0,79.45,4.047609272791974,5140.5853317886795,-18.813796613536688,0.005994421692241625,13.859617641499,0.6699999999999999,0.2108010090907963,78.91989909092037,27.40423707866627,6.19279173326147,0.21921756892700042,0.2075888408445955,2023-05-01
2023.06,4345.372857142857,68.71,181.17,305.109,2023.4583333331948,3.75,4359.878369123821,68.93936437469885,2859155.865916324,181.77477286805694,119205.71266435533,29.939593027231528,2023-06-01,1943.0,71.58,2.9691776545588855,5140.5853317886795,-15.187121937983845,0.04804422453895718,13.870566066760597,0.6099999999999999,0.15386826563056058,84.61317343694394,27.430157178705915,6.183789687867222,0.405808731407732,0.17971841808779757,2023-06-01
2023.07,4508.075500000001,,,305.691,2023.541666666528,3.9,4514.512637356841,,2960563.1616384215,,,30.8909260883331,2023-07-01,1951.0,70.25,3.177780177942169,5140.5853317886795,-12.17901569613659,0.03744273465272263,14.11355762019569,1.0,0.1355203637270737,86.44796362729264,27.458841427803236,6.175799048199689,0.5557312719769197,0.18287595725028674,2023-07-01
2023.08,4457.358695652174,,,305.98199999999997,2023.6249999998613,4.17,4459.478250692069,,2924472.271907635,,,30.469742507138623,2023-08-01,1919.0,76.07,3.31261332135826,5140.5853317886795,-13.249601691946184,-0.011250211836032253,13.139656741809528,1.27,0.13458120548432734,86.54187945156725,27.485667858249098,6.167817064808587,0.4838137411557833,0.19323067978963104,2023-08-01
2023.09,4515.77,,,306.12749999999994,2023.7083333331946,4.09,4515.77,,2961387.72495703,,,30.810960610791547,2023-09-01,1916.0,81.39,3.139908627799781,5140.5853317886795,-12.154556173300074,0.013104465746677008,9.770272349353428,0.5699999999999998,0.09161988917048963,90.83801108295104,27.512938579375664,6.160731943155488,0.535329578018721,0.14990338061075315,2023-09-01
