Date,SP_Composite,Dividend,Earnings,CPI,Date_Fraction,Long_Rate_GS10,Real_Price,Real_Dividend,Real_Total_Return_Price,Real_Earnings,Year
1900.01,6.1,0.2175,0.48,7.897091074,1900.0416666666404,3.15,236.46400079493364,8.431298388999682,1063.3358659373823,18.60700334124068,1900.0
1900.02,6.21,0.225,0.48,7.992232066,1900.1249999999736,3.145833333333333,237.86243433637551,8.6182041426223,1072.8539109544413,18.385502170927573,1900.0
1900.03,6.26,0.2325,0.48,7.992232066,1900.2083333333069,3.1416666666666666,239.77759081251378,8.905477614043043,1084.839295829234,18.385502170927573,1900.0
1900.04,6.34,0.24,0.48,7.992232066,1900.2916666666401,3.1374999999999997,242.84184117433503,9.192751085463787,1102.1689970405635,18.385502170927573,1900.0
1900.05,6.04,0.2475,0.48,7.801941983,1900.3749999999734,3.1333333333333337,236.9935721169025,9.711243228300225,1079.2988515423638,18.83392626094589,1900.0
1900.06,5.86,0.255,0.48,7.706792893,1900.4583333333067,3.129166666666667,232.76960661929647,10.129052847768019,1063.9064586075995,19.066452419328034,1900.0
1900.07,5.86,0.2625,0.48,7.801941983,1900.54166666664,3.125,229.9308497690478,10.299803423954785,1054.854577525543,18.83392626094589,1900.0
1900.08,5.94,0.27,0.48,7.706792893,1900.6249999999732,3.1208333333333336,235.94734868918445,10.724879485872021,1086.5567050079092,19.066452419328034,1900.0
1900.09,5.8,0.2775,0.48,7.801941983,1900.7083333333064,3.116666666666667,227.57660898642953,10.888363619609345,1052.1872520197655,18.83392626094589,1900.0
1900.1,6.01,0.285,0.48,7.706792893,1900.7916666666397,3.1125000000000003,238.72787300033647,11.320706123976022,1108.106193418488,19.066452419328034,1900.0
1900.11,6.48,0.2925,0.48,7.706792893,1900.874999999973,3.1083333333333334,257.3971076609285,11.61861944302802,1199.2576076233574,19.066452419328034,1900.0
1900.12,6.87,0.3,0.48,7.611651901,1900.9583333333062,3.104166666666667,276.29954080318623,12.065482131143503,1292.0119075260313,19.304771409829602,1900.0
1901.01,7.07,0.3017,0.4817,7.706792893,1901.0416666666395,3.1,280.83295542635256,11.984059781065143,1317.8806488043415,19.13397943831316,1901.0
1901.02,7.25,0.3033,0.4833,7.611651901,1901.1249999999727,3.106666666666667,291.582484835968,12.198202434586083,1373.0958377792458,19.437491713272188,1901.0
1901.03,7.51,0.305,0.485,7.611651901,1901.208333333306,3.1133333333333333,302.03923601629236,12.266573499995896,1427.151622197567,19.505862778681998,1901.0
1901.04,8.14,0.3067,0.4867,7.51650281,1901.2916666666392,3.12,331.5209097886308,12.491088824591282,1571.3725373246166,19.822018033676486,1901.0
1901.05,7.73,0.3083,0.4883,7.51650281,1901.3749999999725,3.126666666666667,314.82268214571445,12.556252639783152,1497.1843848841995,19.88718184886835,1901.0
1901.06,8.5,0.31,0.49,7.51650281,1901.4583333333057,3.1333333333333333,346.1827682068011,12.625489193424512,1651.3252955746275,19.956418402509712,1901.0
1901.07,7.93,0.3117,0.4917,7.611651901,1901.541666666639,3.14,318.9309109998933,12.5360359342581,1526.3144755841224,19.775325212944203,1901.0
1901.08,8.04,0.3133,0.4933,7.706792893,1901.6249999999723,3.146666666666667,319.36307802374455,12.444832381198903,1533.3458315648911,19.59475203844692,1901.0
1901.09,8,0.315,0.495,7.801941983,1901.7083333333055,3.1533333333333333,313.8987710157649,12.359764108745741,1512.0554671603843,19.42248645660045,1901.0
1901.1,7.91,0.3167,0.4967,7.801941983,1901.7916666666388,3.16,310.36740984183757,12.42646759758659,1500.033051138681,19.4891899454413,1901.0
1901.11,8.08,0.3183,0.4983,7.897091074,1901.874999999972,3.1666666666666665,313.2178895775515,12.338769090660229,1518.7792008670524,19.316395343625484,1901.0
1901.12,7.95,0.32,0.5,7.992232066,1901.9583333333053,3.173333333333334,304.50987970598794,12.257001447285049,1481.5072630550285,19.15156476138289,1901.0
1902.01,8.12,0.3208,0.5108,7.897091074,1902.0416666666385,3.18,314.7684731893215,12.435680566395854,1536.4594264915315,19.800952722303627,1902.0
1902.02,8.19,0.3217,0.5217,7.897091074,1902.1249999999718,3.1900000000000004,317.4819945099191,12.470568697660681,1554.7774161852424,20.22348675651097,1902.0
1902.03,8.2,0.3225,0.5325,7.897091074,1902.208333333305,3.1999999999999997,317.8696404128616,12.501580369896084,1561.777711328323,20.64214433168888,1902.0
1902.04,8.48,0.3233,0.5433,7.992232066,1902.2916666666383,3.21,324.81053835305386,12.383401774710176,1600.9504250974157,20.81009026971865,1902.0
1902.05,8.46,0.3242,0.5542,8.087381157,1902.3749999999716,3.2199999999999998,320.2320503663136,12.271776681886392,1583.424135845094,20.977848973169152,1902.0
1902.06,8.41,0.325,0.565,8.18251405,1902.4583333333048,3.2300000000000004,314.63829567148736,12.159030451038454,1560.7753170845506,21.138006784113003,1902.0
1902.07,8.6,0.3258,0.5758,8.18251405,1902.541666666638,3.2399999999999998,321.74665193517137,12.188960372148701,1601.075240997144,21.542060719101357,1902.0
1902.08,8.83,0.3267,0.5867,8.087381157,1902.6249999999714,3.25,334.237471008812,12.366407902443814,1668.3601792793686,22.208054840415627,1902.0
1902.09,8.85,0.3275,0.5975,8.18251405,1902.7083333333046,3.26,331.09975228212403,12.25256145450798,1657.7947236329564,22.35390982921685,1902.0
1902.1,8.57,0.3283,0.6083,8.753424793,1902.7916666666379,3.27,299.7127109720516,11.481409919734483,1505.432423768607,21.27365718603255,1902.0
1902.11,8.24,0.3292,0.6192,8.467928926,1902.8749999999711,3.2800000000000002,297.88754984172374,11.90104143299702,1501.2462851961902,22.384947920145063,1902.0
1902.12,8.05,0.33,0.63,8.563094215,1902.9583333333044,3.29,287.7845686531431,11.797379832985989,1455.28543431383,22.522270590245977,1902.0
1903.01,8.46,0.3317,0.6217,8.658259504,1903.0416666666376,3.3,299.1176978240868,11.727818010431394,1517.537607129842,21.98126155286463,1903.0
1903.02,8.41,0.3333,0.6133,8.658259504,1903.124999999971,3.308333333333333,297.3498627305638,11.784388733424127,1513.5509317966905,21.684265257152767,1903.0
1903.03,8.08,0.335,0.605,8.372844628,1903.2083333333042,3.3166666666666664,295.42053028527783,12.248252183857435,1508.9258073203164,22.119977824578353,1903.0
1903.04,7.75,0.3367,0.5967,8.372844628,1903.2916666666374,3.325,283.3550878355078,12.310407493447158,1452.538731436821,21.816513665993227,1903.0
1903.05,7.6,0.3383,0.5883,8.18251405,1903.3749999999707,3.333333333333333,284.33425054736074,12.656615389496334,1462.9648383324395,22.009715736448992,1903.0
1903.06,7.18,0.34,0.58,8.18251405,1903.458333333304,3.341666666666667,268.6210419644803,12.720216471855613,1387.5708170587282,21.699192804930163,1903.0
1903.07,6.85,0.3417,0.5717,8.18251405,1903.5416666666372,3.3499999999999996,256.27494950650276,12.78381755421489,1329.299606666857,21.388669873411335,1903.0
1903.08,6.63,0.3433,0.5633,8.18251405,1903.6249999999704,3.3583333333333334,248.04422120118443,12.843677396435389,1292.158458167687,21.074405701753726,1903.0
1903.09,6.47,0.345,0.555,8.277679339,1903.7083333333037,3.3666666666666663,239.27538672200788,12.758888472811856,1252.017034509802,20.525168412784293,1903.0
1903.1,6.26,0.3467,0.5467,8.18251405,1903.791666666637,3.3749999999999996,234.2016326876945,12.970879561153945,1231.1243173993448,20.453359838716064,1903.0
1903.11,6.28,0.3483,0.5383,8.087381157,1903.8749999999702,3.3833333333333333,237.71362604024225,13.184021648059932,1255.3611163692287,20.37599441042395,1903.0
1903.12,6.57,0.35,0.53,8.087381157,1903.9583333333035,3.3916666666666666,248.69084762490314,13.24837087803898,1319.1619799002021,20.061818758173313,1903.0
1904.01,6.68,0.3467,0.5267,8.277679339,1904.0416666666367,3.4,247.0416666619803,12.821758358040206,1316.0816943979564,19.478569735159432,1904.0
1904.02,6.5,0.3433,0.5233,8.467928926,1904.12499999997,3.4066666666666667,234.98411091883548,12.410776196682496,1257.3563965904311,18.918028499050248,1904.0
1904.03,6.48,0.34,0.52,8.372844628,1904.2083333333032,3.4133333333333336,236.92141537730205,12.43106191794486,1273.265579016808,19.012212345092138,1904.0
1904.04,6.64,0.3367,0.5167,8.277679339,1904.2916666666365,3.42,245.56237524484268,12.451935503755804,1325.2805273284057,19.108746880875035,1904.0
1904.05,6.5,0.3333,0.5133,8.087381157,1904.3749999999698,3.4266666666666667,246.04117344929534,12.616234324715405,1333.5386304196825,19.429682204849737,1904.0
1904.06,6.51,0.33,0.51,8.087381157,1904.458333333303,3.4333333333333336,246.419698331525,12.49132111357961,1341.2321225182575,19.304768993713942,1904.0
1904.07,6.78,0.3267,0.5067,8.087381157,1904.5416666666363,3.44,256.63987015172654,12.366407902443814,1402.4683310613434,19.179855782578148,1904.0
1904.08,7.01,0.3233,0.5033,8.18251405,1904.6249999999695,3.4466666666666663,262.26093372855246,12.095429368679175,1438.6941327443183,18.829661618485087,1904.0
1904.09,7.32,0.32,0.5,8.277679339,1904.7083333333028,3.453333333333333,270.71032933618204,11.834331337100853,1490.4552838032073,18.491142714220082,1904.0
1904.1,7.75,0.3167,0.4967,8.277679339,1904.791666666636,3.46,286.61271207041125,11.712289795186999,1583.3830667358689,18.36910117230623,1904.0
1904.11,8.17,0.3133,0.4933,8.467928926,1904.8749999999693,3.466666666666667,295.3569517241363,11.32623414628787,1636.9046342248682,17.833486448655623,1904.0
1904.12,8.25,0.31,0.49,8.467928926,1904.9583333333026,3.473333333333333,298.249063858522,11.206934520744461,1658.1089272222735,17.714186823112215,1904.0
1905.01,8.43,0.3117,0.505,8.467928926,1905.0416666666358,3.48,304.75631616088975,11.268391903600156,1699.506380105256,18.256457848309527,1905.0
1905.02,8.8,0.3133,0.52,8.467928926,1905.124999999969,3.475833333333333,318.1323347824234,11.32623414628787,1779.362683748537,18.798728873506843,1905.0
1905.03,9.05,0.315,0.535,8.372844628,1905.2083333333023,3.4716666666666667,330.8856186982382,11.517013247507737,1856.0617807196459,19.56064154735441,1905.0
1905.04,8.94,0.3167,0.55,8.372844628,1905.2916666666356,3.4675,326.8638045483148,11.57916855709746,1838.9145727583564,20.109070749616684,1905.0
1905.05,8.5,0.3183,0.565,8.277679339,1905.3749999999688,3.463333333333333,314.3494261417414,11.771461451872506,1774.0282811025422,20.89499126706869,1905.0
1905.06,8.6,0.32,0.58,8.277679339,1905.458333333302,3.4591666666666665,318.04765468458544,11.834331337100853,1800.4647809777957,21.449725548495294,1905.0
1905.07,8.87,0.3217,0.595,8.277679339,1905.5416666666354,3.455,328.03287175026423,11.897201222329201,1862.603496194933,22.0044598299219,1905.0
1905.08,9.2,0.3233,0.61,8.372844628,1905.6249999999686,3.4508333333333336,336.36991072086084,11.820477406092861,1915.5351929092767,22.302787558665777,1905.0
1905.09,9.23,0.325,0.625,8.277679339,1905.7083333333019,3.4466666666666663,341.34649450450274,12.019242764243055,1949.5793445668141,23.113928392775104,1905.0
1905.1,9.36,0.3267,0.64,8.277679339,1905.7916666666351,3.4425000000000003,346.1541916101999,12.082112649471403,1982.7887283641614,23.668662674201705,1905.0
1905.11,9.31,0.3283,0.655,8.372844628,1905.8749999999684,3.438333333333334,340.39172487078423,12.003287140180285,1955.510646928377,23.948075165452597,1905.0
1905.12,9.54,0.33,0.67,8.467928926,1905.9583333333017,3.434166666666667,344.8843720254908,11.929962554340879,1987.0317326638387,24.221439125479968,1905.0
1906.01,9.87,0.3358,0.6775,8.467928926,1906.041666666635,3.43,356.8143345798317,12.139640684083838,2061.5940222967643,24.492574638078622,1906.0
1906.02,9.8,0.3417,0.685,8.467928926,1906.1249999999682,3.45,354.2837364622443,12.352933953994782,2052.920497294143,24.76371015067728,1906.0
1906.03,9.56,0.3475,0.6925,8.467928926,1906.2083333333014,3.4700000000000006,345.6074000590873,12.562612083737742,2008.7111336938246,25.034845663275934,1906.0
1906.04,9.43,0.3533,0.7,8.467928926,1906.2916666666347,3.49,340.9077178407105,12.772290213480703,1987.5821960628243,25.30598117587459,1906.0
1906.05,9.18,0.3592,0.7075,8.563094215,1906.374999999968,3.51,328.18165717215567,12.841269200025963,1919.6248949262017,25.29286736920481,1906.0
1906.06,9.3,0.365,0.715,8.563094215,1906.4583333333012,3.5300000000000002,332.4716134750597,13.048617087999652,1951.07844372197,25.56098963813631,1906.0
1906.07,9.06,0.3708,0.7225,8.277679339,1906.5416666666345,3.55,335.05950598166794,13.713031436865615,1972.9713843285765,26.719701222048023,1906.0
1906.08,9.73,0.3767,0.73,8.467928926,1906.6249999999677,3.5700000000000003,351.7531383446568,13.618233012788512,2077.953007974503,26.390523226269213,1906.0
1906.09,10.03,0.3825,0.7375,8.563094215,1906.708333333301,3.59,358.56884765105895,13.674235715506487,2124.947874892374,26.36535644493081,1906.0
1906.1,9.73,0.3883,0.745,8.753424793,1906.7916666666342,3.61,340.28059250385786,13.579748619655499,2023.2745115059095,26.05437219068593,1906.0
1906.11,9.93,0.3942,0.7525,8.848509091,1906.8749999999675,3.6300000000000003,343.5433069839855,13.63794276063314,2049.4317742868493,26.03387094717513,1906.0
1906.12,9.84,0.4,0.76,8.94367438,1906.9583333333007,3.6499999999999995,336.8072754008291,13.69135265857029,2016.05389782007,26.01357005128355,1906.0
1907.01,9.56,0.4033,0.7517,8.848509091,1907.041666666634,3.67,330.742599674411,13.952770967436187,1986.7119397691104,26.00619374218146,1907.0
1907.02,9.26,0.4067,0.7433,9.038839669,1907.1249999999673,3.6866666666666665,313.61776000100434,13.774119113651022,1890.7409654571786,25.174090821678888,1907.0
1907.03,8.35,0.41,0.735,8.94367438,1907.2083333333005,3.7033333333333336,285.8069867476548,14.033636475034546,1730.1256865599821,25.157860510122905,1907.0
1907.04,8.39,0.4133,0.7267,8.94367438,1907.2916666666338,3.7199999999999998,287.1761220135118,14.146590134467752,1745.5500505899624,24.873764942457576,1907.0
1907.05,8.1,0.4167,0.7183,9.134004959,1907.374999999967,3.736666666666667,271.4726739398959,13.965760892685758,1657.1734131151609,24.073928603830524,1907.0
1907.06,7.84,0.42,0.71,9.229089256,1907.4583333333003,3.753333333333333,260.05161868379264,13.931336715203178,1594.5417598481652,23.550593018557752,1907.0
1907.07,8.14,0.4233,0.7017,9.229089256,1907.5416666666335,3.7699999999999996,270.0025734803664,14.040797217965489,1662.7318094059578,23.27528326918588,1907.0
1907.08,7.53,0.4267,0.6933,9.229089256,1907.6249999999668,3.7866666666666666,249.76896539399985,14.15357470565999,1545.3924443181395,22.996656534881815,1907.0
1907.09,7.45,0.43,0.685,9.229089256,1907.7083333333,3.8033333333333337,247.11537744824685,14.2630352084223,1536.3280574712091,22.721346785509947,1907.0
1907.1,6.64,0.4333,0.6767,9.324254545,1907.7916666666333,3.82,217.99990446314004,14.225807018656415,1362.6859867453325,22.216948094910673,1907.0
1907.11,6.25,0.4367,0.6683,8.94367438,1907.8749999999666,3.836666666666667,213.92738529016077,14.947534264994113,1345.0154965036884,22.87482745430631,1907.0
1907.12,6.57,0.44,0.66,8.753424793,1907.9583333332998,3.853333333333333,229.7680876413511,15.387817132754106,1452.6722502896778,23.08172569913116,1907.0
1908.01,6.85,0.4367,0.6533,8.658259504,1908.041666666633,3.87,242.19340781264708,15.440271706829632,1539.3642529610206,23.098533331971144,1908.0
1908.02,6.6,0.4333,0.6467,8.563094215,1908.1249999999663,3.8608333333333333,235.94759665971975,15.49031721706918,1507.8709307196486,23.119289509066785,1908.0
1908.03,6.87,0.43,0.64,8.563094215,1908.2083333332996,3.8516666666666666,245.59999834125378,15.37234341873932,1577.743232686077,22.87976694882131,1908.0
1908.04,7.24,0.4267,0.6333,8.658259504,1908.2916666666329,3.8425,255.98252154212628,15.086704688125039,1652.517396751696,22.391399294561957,1908.0
1908.05,7.63,0.4233,0.6267,8.658259504,1908.3749999999661,3.833333333333333,269.7716352716055,14.966491901765478,1749.5856751914168,22.158045062216928,1908.0
1908.06,7.64,0.42,0.62,8.658259504,1908.4583333332994,3.8241666666666663,270.12520229031,14.849814785592962,1759.9043325156124,21.921155159684847,1908.0
1908.07,7.92,0.4167,0.6133,8.753424793,1908.5416666666326,3.8149999999999995,276.98070838957386,14.572962270951447,1812.4810131996712,21.4485187443593,1908.0
1908.08,8.26,0.4133,0.6067,8.753424793,1908.624999999966,3.805833333333333,288.87129435579294,14.454056411289255,1898.1714691825216,21.217701487367993,1908.0
1908.09,8.17,0.41,0.6,8.753424793,1908.7083333332992,3.7966666666666664,285.72378630591146,14.338647782793599,1885.340810542971,20.983386999210143,1908.0
1908.1,8.27,0.4067,0.5933,8.848509091,1908.7916666666324,3.7874999999999996,286.11310662211076,14.070399088659304,1895.6466598404613,20.526107153433898,1908.0
1908.11,8.83,0.4033,0.5867,8.94367438,1908.8749999999657,3.778333333333333,302.2366099379392,13.804306318003494,2010.094891598984,20.081791511957974,1908.0
1908.12,9.03,0.4,0.58,9.038839669,1908.958333333299,3.769166666666667,305.8281180139383,13.547203455766926,2041.4892873467663,19.64344501086204,1908.0
1909.01,9.06,0.4033,0.595,8.94367438,1909.0416666666322,3.76,310.1091377166171,13.804306318003494,2077.7452772240235,20.365887079623306,1909.0
1909.02,8.8,0.4067,0.61,9.038839669,1909.1249999999654,3.7725,298.0384760268724,13.774119113651022,2004.561898705794,20.659485270044563,1909.0
1909.03,8.92,0.41,0.625,9.038839669,1909.2083333332987,3.7849999999999997,302.10263706360246,13.8858835421611,2039.6796971206204,21.167505399635825,1909.0
1909.04,9.32,0.4133,0.64,9.229089256,1909.291666666632,3.7975,309.1429956802229,13.709098724746365,2094.926673956771,21.22870356602389,1909.0
1909.05,9.63,0.4167,0.655,9.324254545,1909.3749999999652,3.8099999999999996,316.16552409337936,13.680807257498564,2150.2410096116923,21.504508648095893,1909.0
1909.06,9.8,0.42,0.67,9.419419835,1909.4583333332985,3.8225,318.4962081053689,13.649837490230096,2173.8280290795688,21.7747407582242,1909.0
1909.07,9.94,0.4233,0.685,9.419419835,1909.5416666666317,3.835,323.04615393544555,13.75708621336762,2212.7073870180297,22.26223495430385,1909.0
1909.08,10.18,0.4267,0.7,9.514585124,1909.624999999965,3.8474999999999997,327.536924562177,13.728880718141545,2251.303299198555,22.522185382467967,1909.0
1909.09,10.19,0.43,0.715,9.609669421,1909.7083333332982,3.8600000000000003,324.61462391027646,13.698163717509216,2239.063177956092,22.777179204695553,1909.0
1909.1,10.23,0.4333,0.73,9.8,1909.7916666666315,3.8724999999999996,319.5596249999999,13.535208749999997,2211.975839153597,22.803374999999992,1909.0
1909.11,10.18,0.4367,0.745,9.895165289,1909.8749999999648,3.885,314.9394536607017,13.510221946328922,2187.788333202647,23.048123082241922,1909.0
1909.12,10.3,0.44,0.76,9.990330579,1909.958333333298,3.8975000000000004,315.61650788893274,13.482646938944699,2200.296608793896,23.288208349086297,1909.0
1910.01,10.08,0.4425,0.7575,9.895165289,1910.0416666666313,3.91,311.8457458644276,13.68965699851282,2181.9620606064623,23.434836556776183,1910.0
1910.02,9.72,0.445,0.755,9.895165289,1910.1249999999645,3.9158333333333335,300.7083977978409,13.766999693419674,2112.062068998906,23.357493861869333,1910.0
1910.03,9.96,0.4475,0.7525,10.08541488,1910.2083333332978,3.921666666666667,302.3207211878228,13.583185013207904,2131.3366816721873,22.8409982624334,1910.0
1910.04,9.72,0.45,0.75,10.18058017,1910.291666666631,3.9274999999999998,292.27796945878765,13.531387474943873,2068.4856917353263,22.55231245823979,1910.0
1910.05,9.56,0.4525,0.7475,9.990330579,1910.3749999999643,3.9333333333333336,292.9411471279803,13.865676681528356,2081.3564976052776,22.905178606502645,1910.0
1910.06,9.1,0.455,0.745,9.895165289,1910.4583333332976,3.9391666666666665,281.5274094609416,14.076370473047081,2008.5959385806243,23.048123082241922,1910.0
1910.07,8.64,0.4575,0.7425,9.895165289,1910.5416666666308,3.9450000000000003,267.2963535980808,14.153713167953933,1915.477651592855,22.970780387335072,1910.0
1910.08,8.85,0.46,0.74,9.8,1910.624999999964,3.9508333333333336,276.4518749999999,14.369249999999997,1989.6681938039317,23.115749999999995,1910.0
1910.09,8.91,0.4625,0.7375,9.704834711,1910.7083333332973,3.956666666666667,281.0553817993819,14.589013926174427,2031.55032057318,23.26356274714301,1910.0
1910.1,9.32,0.465,0.735,9.419419835,1910.7916666666306,3.9625,302.8963938308202,15.112320078469034,2198.5265510892395,23.887215607902668,1910.0
1910.11,9.31,0.4675,0.7325,9.229089256,1910.8749999999638,3.9683333333333333,308.81129718700373,15.506904557994014,2250.838499491668,24.29691462830078,1910.0
1910.12,9.05,0.47,0.73,9.229089256,1910.958333333297,3.9741666666666666,300.1871363633066,15.589829181298793,2197.4485780483014,24.213990004995996,1910.0
1911.01,9.27,0.47,0.7183,9.229089256,1911.0416666666304,3.98,307.48450321412724,15.589829181298793,2260.377354086332,23.825902767929623,1911.0
1911.02,9.43,0.47,0.7067,8.94367438,1911.1249999999636,3.9825,322.77363892579456,16.08733937382009,2382.6258052026988,24.189197309529057,1911.0
1911.03,9.32,0.47,0.695,9.038839669,1911.2083333332969,3.985,315.6498405193694,15.917964060526137,2339.8317283213323,23.538266004395034,1911.0
1911.04,9.28,0.47,0.6833,8.753424793,1911.2916666666301,3.9875,324.54305225445023,16.436986482714612,2415.908436673527,23.89658056093382,1911.0
1911.05,9.48,0.47,0.6717,8.753424793,1911.3749999999634,3.99,331.5375145875203,16.436986482714612,2478.1718814764463,23.490901745615755,1911.0
1911.06,9.67,0.47,0.66,8.753424793,1911.4583333332967,3.9924999999999997,338.1822538039368,16.436986482714612,2538.0784626478617,23.08172569913116,1911.0
1911.07,9.63,0.47,0.6483,8.848509091,1911.54166666663,3.995,333.16435511135757,16.2603579337838,2510.588408179922,22.428914996749022,1911.0
1911.08,9.17,0.47,0.6367,9.134004959,1911.6249999999632,3.9975,307.33387901590686,15.752118117500132,2325.83243867274,21.339092777473056,1911.0
1911.09,8.67,0.47,0.625,9.229089256,1911.7083333332964,4,287.5825936209799,15.589829181298793,2186.190920640878,20.731155826195206,1911.0
1911.1,8.72,0.47,0.6133,9.229089256,1911.7916666666297,4.0024999999999995,289.24108608707553,15.589829181298793,2208.67481419226,20.343068589128826,1911.0
1911.11,9.07,0.47,0.6017,9.134004959,1911.874999999963,4.005,303.98236452282174,15.752118117500132,2331.2644726535486,20.166062704893257,1911.0
1911.12,9.11,0.47,0.59,9.038839669,1911.9583333332962,4.0075,308.5375587050917,15.917964060526137,2376.3716213055054,19.982125097256215,1911.0
1912.01,9.12,0.4708,0.5992,9.134004959,1912.0416666666295,4.01,305.6581217693643,15.778930233444816,2364.321563607845,20.082274842566125,1912.0
1912.02,9.04,0.4717,0.6083,9.229089256,1912.1249999999627,4.046666666666667,299.8554378700874,15.646217925146043,2329.5222708364195,20.17721934251927,1912.0
1912.03,9.3,0.4725,0.6175,9.419419835,1912.208333333296,4.083333333333333,302.24640156938074,15.356067176508857,2358.03877294495,20.06851107194544,1912.0
1912.04,9.59,0.4733,0.6267,9.704834711,1912.2916666666292,4.12,302.50517524759516,14.929687116234282,2369.7640742407816,19.768508167640032,1912.0
1912.05,9.58,0.4742,0.6358,9.704834711,1912.3749999999625,4.156666666666666,302.18973710865083,14.958076548739273,2377.0578736420334,20.055556874079354,1912.0
1912.06,9.58,0.475,0.645,9.609669421,1912.4583333332957,4.193333333333333,305.18234514822853,15.131692478643899,2410.5170230567983,20.547245576263823,1912.0
1912.07,9.59,0.4758,0.6542,9.609669421,1912.541666666629,4.23,305.5009070951474,15.157177434397404,2423.0099427013465,20.840322567429137,1912.0
1912.08,9.81,0.4767,0.6633,9.704834711,1912.6249999999623,4.266666666666667,309.44481430437,15.03693608347535,2464.2286316100235,20.92301175617621,1912.0
1912.09,9.86,0.4775,0.6725,9.8,1912.7083333332955,4.303333333333334,308.0017499999999,14.915906249999995,2462.6353800317524,21.007218749999993,1912.0
1912.1,9.84,0.4783,0.6817,9.8,1912.7916666666288,4.34,307.3769999999999,14.940896249999996,2467.595200950123,21.294603749999993,1912.0
1912.11,9.73,0.4792,0.6908,9.8,1912.874999999962,4.376666666666667,303.94087499999995,14.969009999999997,2450.0244519243874,21.578864999999993,1912.0
1912.12,9.38,0.48,0.7,9.704834711,1912.9583333332953,4.413333333333333,295.8809743297646,15.141030669326971,2395.225540431401,22.080669726101835,1912.0
1913.01,9.3,0.48,0.6942,9.8,1913.0416666666285,4.45,290.50874999999996,14.993999999999994,2361.851124813165,21.685072499999997,1913.0
1913.02,8.97,0.48,0.6883,9.8,1913.1249999999618,4.425833333333333,280.20037499999995,14.993999999999994,2288.2020037168404,21.500771249999996,1913.0
1913.03,8.8,0.48,0.6825,9.8,1913.208333333295,4.401666666666667,274.88999999999993,14.993999999999994,2255.039655836886,21.319593749999996,1913.0
1913.04,8.79,0.48,0.6767,9.8,1913.2916666666283,4.3775,274.5776249999999,14.993999999999994,2262.727291027239,21.138416249999995,1913.0
1913.05,8.55,0.48,0.6708,9.7,1913.3749999999616,4.3533333333333335,269.83403350515465,15.148577319587625,2234.03948738908,21.170136804123707,1913.0
1913.06,8.12,0.48,0.665,9.8,1913.4583333332948,4.3291666666666675,253.64849999999993,14.993999999999994,2110.379442723719,20.772937499999998,1913.0
1913.07,8.23,0.48,0.6592,9.9,1913.541666666628,4.305,254.48781060606055,14.84254545454545,2127.653534295996,20.38376242424242,1913.0
1913.08,8.45,0.48,0.6533,9.9,1913.6249999999613,4.280833333333334,261.2906439393939,14.84254545454545,2194.869806339369,20.201322803030298,1913.0
1913.09,8.53,0.48,0.6475,10,1913.7083333332946,4.256666666666667,261.12675749999994,14.694119999999995,2203.7791595177646,19.821755624999994,1913.0
1913.1,8.26,0.48,0.6417,10,1913.7916666666279,4.2325,252.86131499999993,14.694119999999995,2144.3572126608965,19.644201674999998,1913.0
1913.11,8.05,0.48,0.6358,10.1,1913.8749999999611,4.208333333333334,243.99271039603957,14.548633663366333,2079.4296562734226,19.270877673267325,1913.0
1913.12,8.04,0.48,0.63,10,1913.9583333332944,4.184166666666667,246.1265099999999,14.694119999999995,2108.050874399521,19.286032499999997,1913.0
1914.01,8.37,0.475,0.6208,10,1914.0416666666276,4.16,256.22871749999996,14.541056249999997,2204.9539178070863,19.004395199999998,1914.0
1914.02,8.48,0.47,0.6117,9.9,1914.124999999961,4.166666666666667,262.218303030303,14.533325757575753,2266.918880334794,18.91496886363636,1914.0
1914.03,8.32,0.465,0.6025,9.9,1914.2083333332941,4.173333333333334,257.27078787878787,14.378715909090905,2234.5056829007617,18.63048674242424,1914.0
1914.04,8.12,0.46,0.5933,9.8,1914.2916666666274,4.18,253.64849999999993,14.369249999999997,2213.44483104012,18.533208749999996,1914.0
1914.05,8.17,0.455,0.5842,9.9,1914.3749999999607,4.1866666666666665,252.63249242424237,14.06949621212121,2214.810084223088,18.064614696969695,1914.0
1914.06,8.13,0.45,0.575,9.9,1914.458333333294,4.193333333333333,251.3956136363636,13.91488636363636,2214.1323577591274,17.78013257575757,1914.0
1914.07,7.68,0.445,0.5658,10,1914.5416666666272,4.2,235.1059199999999,13.622673749999999,2080.6614362482687,17.320693949999995,1914.0
1914.08,7.68,0.44,0.5567,10.2,1914.6249999999604,4.206666666666667,230.49599999999995,13.205499999999999,2049.6030879437053,16.70795875,1914.0
1914.09,7.68,0.435,0.5475,10.2,1914.7083333332937,4.213333333333333,230.49599999999995,13.055437499999996,2059.277321268961,16.43184375,1914.0
1914.1,7.68,0.43,0.5383,10.1,1914.791666666627,4.220000000000001,232.77813861386133,13.033150990099008,2089.3695093318006,16.315686460396037,1914.0
1914.11,7.68,0.425,0.5292,10.2,1914.8749999999602,4.226666666666667,230.49599999999995,12.755312499999997,2078.426253379668,15.882614999999998,1914.0
1914.12,7.35,0.42,0.52,10.1,1914.9583333332935,4.233333333333333,222.77595297029697,12.730054455445543,2018.378898364406,15.761019801980197,1914.0
1915.01,7.48,0.4208,0.55,10.1,1915.0416666666267,4.24,226.71620792079204,12.75430217821782,2063.707752353978,16.670309405940593,1915.0
1915.02,7.38,0.4217,0.58,10,1915.12499999996,4.224166666666667,225.92209499999996,12.909396675,2066.271683920592,17.755394999999996,1915.0
1915.03,7.57,0.4225,0.61,9.9,1915.2083333332932,4.208333333333334,234.07931060606055,13.064532196969692,2150.8344460162034,18.86240151515151,1915.0
1915.04,8.14,0.4233,0.64,10,1915.2916666666265,4.1925,249.187785,12.958377074999998,2299.5807721134174,19.592159999999996,1915.0
1915.05,7.95,0.4242,0.67,10.1,1915.3749999999598,4.176666666666667,240.9617450495049,12.857354999999998,2233.556002456501,20.307467821782176,1915.0
1915.06,8.04,0.425,0.7,10.1,1915.458333333293,4.160833333333333,243.68961386138608,12.881602722772275,2268.7918702101383,21.21675742574257,1915.0
1915.07,8.01,0.4258,0.73,10.1,1915.5416666666263,4.145,242.78032425742572,12.905850445544553,2270.3392013156513,22.126047029702963,1915.0
1915.08,8.35,0.4267,0.76,10.1,1915.6249999999595,4.129166666666666,253.0856064356435,12.933129133663364,2376.786742707341,23.035336633663363,1915.0
1915.09,8.66,0.4275,0.79,10.1,1915.7083333332928,4.113333333333333,262.48159900990095,12.95737685643564,2475.1672119226973,23.94462623762376,1915.0
1915.1,9.14,0.4283,0.82,10.2,1915.791666666626,4.0975,274.31424999999996,12.854353749999998,2596.8488058287053,24.610249999999997,1915.0
1915.11,9.46,0.4292,0.85,10.3,1915.8749999999593,4.081666666666667,281.1617621359223,12.756303203883492,2671.735435335619,25.262949029126204,1915.0
1915.12,9.48,0.43,0.88,10.3,1915.9583333332926,4.065833333333333,281.75618446601936,12.780080097087376,2687.504134610415,26.154582524271838,1915.0
1916.01,9.33,0.4408,0.9342,10.4,1916.0416666666258,4.05,274.6316899038461,12.975096346153842,2629.861306998572,27.49849139423076,1916.0
1916.02,9.2,0.4517,0.9883,10.4,1916.124999999959,4.0649999999999995,270.8050961538461,13.295941514423074,2603.828122945816,29.090943100961532,1916.0
1916.03,9.17,0.4625,1.042,10.5,1916.2083333332923,4.08,267.35134999999997,13.484187499999997,2581.4242394932103,30.379509999999993,1916.0
1916.04,9.07,0.4733,1.097,10.6,1916.2916666666256,4.095,261.9411721698113,13.668881674528299,2540.184379221817,31.681308254716978,1916.0
1916.05,9.27,0.4842,1.151,10.7,1916.3749999999588,4.109999999999999,265.21513317757007,13.852984626168222,2583.128726024288,32.93016378504673,1916.0
1916.06,9.36,0.495,1.205,10.8,1916.458333333292,4.125,265.3104999999999,14.030843749999995,2595.44564914932,34.15589236111111,1916.0
1916.07,9.23,0.5058,1.259,10.8,1916.5416666666254,4.140000000000001,261.6256319444444,14.336971249999998,2571.085617068363,35.686529861111104,1916.0
1916.08,9.3,0.5167,1.313,10.9,1916.6249999999586,4.155,261.19135321100913,14.511566903669722,2578.7019921362494,36.875725458715586,1916.0
1916.09,9.68,0.5275,1.368,11.1,1916.7083333332919,4.17,266.9652432432432,14.54795101351351,2647.6758588513067,37.72814594594594,1916.0
1916.1,9.98,0.5383,1.422,11.3,1916.7916666666251,4.1850000000000005,270.3674734513274,14.583047190265484,2693.470589053593,38.523301327433614,1916.0
1916.11,10.21,0.5492,1.476,11.5,1916.8749999999584,4.2,271.7879804347826,14.61958460869565,2719.7590528792407,39.29079913043478,1916.0
1916.12,9.8,0.56,1.53,11.6,1916.9583333332916,4.215,258.6249568965517,14.778568965517241,2600.361792736462,40.37716163793103,1916.0
1917.01,9.57,0.5708,1.509,11.7,1917.041666666625,4.23,250.39659615384613,14.93483564102564,2530.142801583037,39.48259807692307,1917.0
1917.02,9.03,0.5817,1.488,12,1917.1249999999582,4.258333333333333,230.36094374999993,14.839530562499997,2340.1872744343277,37.95980999999999,1917.0
1917.03,9.31,0.5925,1.468,12,1917.2083333332914,4.286666666666667,237.50391874999994,15.1150453125,2425.547095421792,37.44959749999999,1917.0
1917.04,9.17,0.6033,1.447,12.6,1917.2916666666247,4.315000000000001,222.79279166666663,14.657676249999996,2287.7818265296064,35.15607083333333,1917.0
1917.05,8.86,0.6142,1.426,12.8,1917.374999999958,4.343333333333334,211.89762890624993,14.689336757812496,2188.4731577512125,34.10451679687499,1917.0
1917.06,9.04,0.625,1.405,13,1917.4583333332912,4.371666666666667,212.8763538461538,14.717668269230767,2211.2483776252457,33.08531826923076,1917.0
1917.07,8.79,0.6358,1.384,12.8,1917.5416666666245,4.4,210.22349414062492,15.205926914062497,2196.8544588254067,33.10003593749999,1917.0
1917.08,8.53,0.6467,1.363,13,1917.6249999999577,4.428333333333334,200.86673653846148,15.22866571153846,2112.3372427538616,32.09629096153846,1917.0
1917.09,8.12,0.6575,1.343,13.3,1917.708333333291,4.456666666666667,186.89889473684204,15.13374671052631,1978.7121927941264,30.911972368421043,1917.0
1917.1,7.68,0.6683,1.322,13.5,1917.7916666666242,4.485,174.15253333333328,15.154445055555552,1857.1356385061033,29.977818888888887,1917.0
1917.11,7.04,0.6792,1.301,13.5,1917.8749999999575,4.513333333333334,159.6398222222222,15.401614666666664,1716.0610380497933,29.501620555555547,1917.0
1917.12,6.8,0.69,1.28,13.7,1917.9583333332907,4.541666666666667,151.94649635036492,15.418100364963498,1647.1725248191476,28.60169343065693,1917.0
1918.01,7.21,0.68,1.256,14,1918.041666666624,4.57,157.65566249999998,14.869049999999998,1722.4949098826567,27.464009999999995,1918.0
1918.02,7.43,0.67,1.232,14.1,1918.1249999999573,4.564166666666667,161.31399468085104,14.546484042553189,1775.7088498101753,26.748161702127653,1918.0
1918.03,7.28,0.66,1.208,14,1918.2083333332905,4.558333333333334,159.1863,14.431724999999998,1765.5260933315003,26.414429999999992,1918.0
1918.04,7.21,0.65,1.183,14.2,1918.2916666666238,4.5525,155.43516021126757,14.01287852112676,1736.873753562961,25.503438908450704,1918.0
1918.05,7.44,0.64,1.159,14.5,1918.374999999957,4.546666666666667,157.07507586206893,13.511834482758617,1767.7806753626162,24.469087758620685,1918.0
1918.06,7.45,0.63,1.135,14.7,1918.4583333332903,4.5408333333333335,155.14624999999998,13.119749999999998,1758.3775006872797,23.636374999999994,1918.0
1918.07,7.51,0.62,1.111,15.1,1918.5416666666235,4.535,152.25281622516553,12.569473509933772,1737.4557860806754,22.523685596026485,1918.0
1918.08,7.58,0.61,1.087,15.4,1918.6249999999568,4.529166666666667,150.67834090909088,12.125829545454543,1731.0197353054891,21.607830681818175,1918.0
1918.09,7.54,0.6,1.063,15.7,1918.70833333329,4.523333333333333,147.0191942675159,11.699140127388532,1700.1829553208865,20.726976592356685,1918.0
1918.1,7.86,0.59,1.038,16,1918.7916666666233,4.5175,150.38513437499998,11.288451562499997,1749.986543535335,19.8600215625,1918.0
1918.11,8.06,0.58,1.014,16.3,1918.8749999999566,4.511666666666667,151.37347546012268,10.892880368098156,1772.0506687687716,19.043759815950914,1918.0
1918.12,7.9,0.57,0.99,16.5,1918.9583333332898,4.505833333333333,146.57013636363635,10.575313636363633,1726.1371144270167,18.367649999999994,1918.0
1919.01,7.85,0.5667,0.985,16.5,1919.041666666623,4.5,145.64247727272726,10.514088136363634,1725.5307814532782,18.27488409090909,1919.0
1919.02,7.88,0.5633,0.98,16.2,1919.1249999999563,4.539166666666667,148.90646296296296,10.644544490740738,1774.7110206982397,18.51882407407407,1919.0
1919.03,8.12,0.56,0.975,16.4,1919.2083333332896,4.578333333333333,151.5704451219512,10.453134146341464,1816.8431041721637,18.199653201219512,1919.0
1919.04,8.39,0.5567,0.97,16.7,1919.2916666666229,4.6175,153.79698952095805,10.20486103293413,1853.7258516587488,17.78105838323353,1919.0
1919.05,8.97,0.5533,0.965,16.9,1919.3749999999561,4.656666666666666,162.48305769230768,10.022505665680473,1968.4864677651835,17.48006139053254,1919.0
1919.06,9.21,0.55,0.96,16.9,1919.4583333332894,4.695833333333333,166.8304304733728,9.962729289940828,2031.213229047556,17.38949112426035,1919.0
1919.07,9.51,0.5467,0.955,17.4,1919.5416666666226,4.734999999999999,167.31451293103447,9.618385301724135,2046.8659927956776,16.80182543103448,1919.0
1919.08,8.87,0.5433,0.95,17.7,1919.624999999956,4.774166666666666,153.409656779661,9.396557669491525,1886.338459796906,16.4305720338983,1919.0
1919.09,9.01,0.54,0.945,17.8,1919.7083333332891,4.813333333333333,154.95554915730335,9.287014044943819,1914.863047618278,16.25227457865168,1919.0
1919.1,9.47,0.5367,0.94,18.1,1919.7916666666224,4.852499999999999,160.16726104972372,9.07727233425414,1988.6144709153536,15.89833425414364,1919.0
1919.11,9.19,0.5333,0.935,18.5,1919.8749999999557,4.891666666666667,152.070904054054,8.824745716216214,1897.2217949013514,15.471849324324323,1919.0
1919.12,8.92,0.53,0.93,18.9,1919.958333333289,4.930833333333333,144.4792222222222,8.584527777777778,1811.4336891541398,15.063416666666665,1919.0
1920.01,8.83,0.5283,0.9192,19.3,1920.0416666666222,4.97,140.05729663212432,8.379645505181346,1764.7481251898603,14.57991699481865,1920.0
1920.02,8.1,0.5267,0.9083,19.5,1920.1249999999554,4.9799999999999995,127.1606538461538,8.268582269230766,1610.9301549184713,14.259261961538458,1920.0
1920.03,8.67,0.525,0.8975,19.7,1920.2083333332887,4.99,134.7271789340101,8.158220177664974,1715.3990814671065,13.946671637055834,1920.0
1920.04,8.6,0.5233,0.8867,20.3,1920.291666666622,5,129.68948275862067,7.891454224137929,1659.6302553540047,13.371588879310341,1920.0
1920.05,8.06,0.5217,0.8758,20.6,1920.3749999999552,5.01,119.77609951456309,7.752753240291262,1541.0367879608675,13.014876917475725,1920.0
1920.06,7.92,0.52,0.865,20.9,1920.4583333332885,5.02,116.00621052631577,7.61656937799043,1500.6996936974556,12.669870215311004,1920.0
1920.07,7.91,0.5183,0.8542,20.8,1920.5416666666217,5.029999999999999,116.41675600961537,7.628167463942305,1514.2340655955707,12.571832235576919,1920.0
1920.08,7.6,0.5167,0.8433,20.3,1920.624999999955,5.039999999999999,114.60931034482756,7.791925086206896,1499.1704041668445,12.71710939655172,1920.0
1920.09,7.87,0.515,0.8325,20,1920.7083333332882,5.05,120.46117124999998,7.882783124999999,1584.3095571664219,12.742557187499997,1920.0
1920.1,7.88,0.5133,0.8217,19.9,1920.7916666666215,5.0600000000000005,121.22033668341707,7.896243505025125,1602.948433626736,12.64045059045226,1920.0
1920.11,7.48,0.5117,0.8108,19.8,1920.8749999999548,5.069999999999999,115.64816666666664,7.911385946969696,1537.9832132155254,12.535766515151511,1920.0
1920.12,6.81,0.51,0.8,19.4,1920.958333333288,5.079999999999999,107.46022036082472,8.047681701030927,1438.0119726657747,12.62381443298969,1920.0
1921.01,7.11,0.5058,0.7575,19,1921.0416666666213,5.09,114.55613289473683,8.149436289473684,1542.0559564715165,12.204820065789471,1921.0
1921.02,7.06,0.5017,0.715,18.4,1921.1249999999545,5.024166666666666,117.45979076086955,8.34696558423913,1590.5058016921869,11.895715353260869,1921.0
1921.03,6.88,0.4975,0.6725,18.3,1921.2083333332878,4.958333333333333,115.09055737704915,8.322318647540982,1567.8153012446644,11.249767418032784,1921.0
1921.04,6.91,0.4933,0.63,18.1,1921.291666666621,4.8925,116.86966988950273,8.343242859116021,1601.522455212082,10.655266574585632,1921.0
1921.05,7.12,0.4892,0.5875,17.7,1921.3749999999543,4.826666666666666,123.14281355932202,8.460879830508473,1697.1483880639305,10.161011652542372,1921.0
1921.06,6.55,0.485,0.545,17.6,1921.4583333332876,4.760833333333333,113.9281321022727,8.435899857954542,1579.8406848370705,9.479516335227272,1921.0
1921.07,6.53,0.4808,0.5025,17.7,1921.5416666666208,4.695,112.93856355932202,8.315598983050846,1575.7277073258035,8.690907838983048,1921.0
1921.08,6.45,0.4767,0.46,17.7,1921.624999999954,4.629166666666666,111.55493644067796,8.244688093220338,1566.0091110911103,7.95585593220339,1921.0
1921.09,6.61,0.4725,0.4175,17.5,1921.7083333332873,4.5633333333333335,115.62872999999998,8.265442499999997,1632.8662542209318,7.303327499999998,1921.0
1921.1,6.7,0.4683,0.375,17.5,1921.7916666666206,4.4975,117.20309999999998,8.191971899999999,1664.7392600380053,6.559874999999999,1921.0
1921.11,7.06,0.4642,0.3325,17.4,1921.8749999999538,4.431666666666667,124.21035344827585,8.166918706896551,1773.9363071933906,5.849850215517241,1921.0
1921.12,7.31,0.46,0.29,17.3,1921.958333333287,4.365833333333333,129.35214017341036,8.139806358381502,1857.0573463955038,5.13161705202312,1921.0
1922.01,7.3,0.4642,0.3233,16.9,1922.0416666666204,4.3,132.23258875739646,8.408543520710058,1908.4706472347896,5.856273417159763,1922.0
1922.02,7.46,0.4683,0.3567,16.9,1922.1249999999536,4.305,135.1308372781065,8.482811139053254,1960.5026158054611,6.461282795857988,1922.0
1922.03,7.74,0.4725,0.39,16.7,1922.2083333332869,4.3100000000000005,141.88184730538921,8.661391841317364,2068.9192429279847,7.149085329341316,1922.0
1922.04,8.21,0.4767,0.4233,16.7,1922.2916666666201,4.3149999999999995,150.4974116766467,8.738381991017963,2205.16987097727,7.759507230538921,1922.0
1922.05,8.53,0.4808,0.4567,16.7,1922.3749999999534,4.32,156.36332784431136,8.813539041916167,2301.882193130321,8.37176223053892,1922.0
1922.06,8.45,0.485,0.49,16.7,1922.4583333332866,4.325,154.89684880239517,8.890529191616764,2291.200344344302,8.982184131736526,1922.0
1922.07,8.51,0.4892,0.5233,16.8,1922.54166666662,4.33,155.06815624999996,8.914141249999998,2304.722289158518,9.535507187499997,1922.0
1922.08,8.83,0.4933,0.5567,16.6,1922.6249999999532,4.335,162.8377003012048,9.09715034638554,2431.4655371446056,10.266336099397588,1922.0
1922.09,9.06,0.4975,0.59,16.6,1922.7083333332864,4.34,167.07922590361443,9.174604292168672,2506.215433211504,10.880435240963852,1922.0
1922.1,9.26,0.5017,0.6233,16.7,1922.7916666666197,4.345,169.74494910179638,9.196656691616766,2557.697657595216,11.425704835329338,1922.0
1922.11,8.8,0.5058,0.6567,16.8,1922.874999999953,4.35,160.35249999999996,9.216624374999999,2427.7462198515277,11.966305312499996,1922.0
1922.12,8.78,0.51,0.69,16.9,1922.9583333332862,4.3549999999999995,159.04138757396444,9.238167159763313,2419.5514336602587,12.498696745562127,1922.0
1923.01,8.9,0.5117,0.7142,16.8,1923.0416666666194,4.36,162.17468749999998,9.324133437499999,2479.04034306498,13.014063124999996,1923.0
1923.02,9.28,0.5133,0.7383,16.8,1923.1249999999527,4.335,169.09899999999996,9.353288437499998,2596.8017229570355,13.453210312499996,1923.0
1923.03,9.43,0.515,0.7625,16.8,1923.208333333286,4.31,171.83228124999994,9.384265624999998,2650.7851639470273,13.894179687499996,1923.0
1923.04,9.1,0.5167,0.7867,16.9,1923.2916666666192,4.285,164.83788461538458,9.359531316568047,2554.9176481713125,14.25032569526627,1923.0
1923.05,8.67,0.5183,0.8108,16.9,1923.3749999999525,4.26,157.0488417159763,9.388513801775145,2446.3172704467997,14.686874378698223,1923.0
1923.06,8.34,0.52,0.835,17,1923.4583333332857,4.234999999999999,150.18254999999996,9.3639,2351.517427786497,15.036262499999996,1923.0
1923.07,8.06,0.5217,0.8592,17.2,1923.541666666619,4.21,143.4527703488372,9.285274229651163,2258.2598969539285,15.292136511627904,1923.0
1923.08,8.1,0.5233,0.8833,17.1,1923.6249999999523,4.185,145.0077631578947,9.368217587719295,2295.0285634746965,15.813007061403503,1923.0
1923.09,8.15,0.525,0.9075,17.2,1923.7083333332855,4.16,145.05460029069764,9.344007994186045,2308.093769686338,16.15178524709302,1923.0
1923.1,8.03,0.5267,0.9317,17.3,1923.7916666666188,4.135,142.09270664739878,9.320078280346818,2273.3227682601464,16.486646921965313,1923.0
1923.11,8.27,0.5283,0.9558,17.3,1923.874999999952,4.109999999999999,146.33956213872827,9.348390650289016,2353.7312986779657,16.913101994219648,1923.0
1923.12,8.55,0.53,0.98,17.3,1923.9583333332853,4.085,151.2942268786127,9.3784725433526,2445.992632332312,17.341326589595372,1923.0
1924.01,8.83,0.5317,0.9758,17.3,1924.0416666666185,4.06,156.24889161849708,9.408554436416182,2538.771087763576,17.267006618497106,1924.0
1924.02,8.87,0.5333,0.9717,17.2,1924.1249999999518,4.043333333333333,157.86923982558136,9.49173231104651,2577.9509143456976,17.294423938953486,1924.0
1924.03,8.7,0.535,0.9675,17.1,1924.208333333285,4.026666666666666,155.74907894736836,9.577673245614033,2556.3627545079844,17.320371710526313,1924.0
1924.04,8.5,0.5367,0.9633,17,1924.2916666666183,4.01,153.06374999999997,9.664625249999997,2525.5066004832756,17.346624749999997,1924.0
1924.05,8.47,0.5383,0.9592,17,1924.3749999999516,3.993333333333333,152.52352499999998,9.693437249999999,2529.921285060395,17.272793999999998,1924.0
1924.06,8.63,0.54,0.955,17,1924.4583333332848,3.9766666666666666,155.40472499999998,9.724049999999998,2591.153146150995,17.197162499999997,1924.0
1924.07,9.03,0.5417,0.9508,17.1,1924.541666666618,3.96,161.6568026315789,9.697617938596489,2708.8721648468095,17.021405087719295,1924.0
1924.08,9.34,0.5433,0.9467,17,1924.6249999999513,3.943333333333333,168.19004999999996,9.783474749999998,2832.0111037622833,17.04770025,1924.0
1924.09,9.25,0.545,0.9425,17.1,1924.7083333332846,3.9266666666666667,165.59528508771925,9.756695175438596,2802.010435150637,16.872816885964905,1924.0
1924.1,9.13,0.5467,0.9383,17.2,1924.7916666666179,3.91,162.49674854651164,9.730226991279066,2763.300907551861,16.6999670494186,1924.0
1924.11,9.64,0.5483,0.9342,17.2,1924.8749999999511,3.8933333333333335,171.57378488372092,9.758703968023253,2931.4874668967686,16.626994796511624,1924.0
1924.12,10.16,0.55,0.93,17.3,1924.9583333332844,3.876666666666667,179.78354913294794,9.732377167630055,3085.6156135415276,16.456565028901732,1924.0
1925.01,10.58,0.5542,0.9567,17.3,1925.0416666666176,3.86,187.21554624277454,9.806697138728323,3227.196575363001,16.929027702312133,1925.0
1925.02,10.67,0.5583,0.9833,17.2,1925.124999999951,3.845,189.90583866279067,9.936685072674418,3287.845414177701,17.500882020348833,1925.0
1925.03,10.39,0.5625,1.01,17.3,1925.2083333332841,3.83,183.8534523121387,9.953567557803467,3197.42080405897,17.872183526011558,1925.0
1925.04,10.28,0.5667,1.037,17.2,1925.2916666666174,3.815,182.9645755813953,10.086189200581394,3196.5797518483987,18.456640552325577,1925.0
1925.05,10.61,0.5708,1.063,17.3,1925.3749999999507,3.8,187.7464031791907,10.10043797687861,3294.8286315142873,18.810030780346814,1925.0
1925.06,10.8,0.575,1.09,17.5,1925.458333333284,3.785,188.9244,10.058474999999996,3330.211698737733,19.06737,1925.0
1925.07,11.1,0.5792,1.117,17.7,1925.5416666666172,3.77,191.97826271186435,10.017460338983051,3398.757801290393,19.318893644067792,1925.0
1925.08,11.25,0.5833,1.143,17.7,1925.6249999999504,3.7550000000000003,194.572563559322,10.088371228813559,3459.570560057776,19.768572457627116,1925.0
1925.09,11.51,0.5875,1.17,17.7,1925.7083333332837,3.74,199.0693516949152,10.161011652542372,3554.5806182164,20.235546610169486,1925.0
1925.1,11.89,0.5917,1.197,17.7,1925.791666666617,3.725,205.64158050847456,10.233652076271184,3687.1619458363357,20.702520762711863,1925.0
1925.11,12.26,0.5958,1.223,18,1925.8749999999502,3.71,208.50684166666662,10.132820249999998,3753.6763523230875,20.799662916666662,1925.0
1925.12,12.46,0.6,1.25,17.9,1925.9583333332835,3.6950000000000003,213.0921033519553,10.261256983240221,3851.617382303868,21.3776187150838,1925.0
1926.01,12.65,0.6075,1.249,17.9,1926.0416666666167,3.68,216.34150139664803,10.389522695530726,3925.999038212124,21.36051662011173,1926.0
1926.02,12.67,0.615,1.248,17.9,1926.12499999995,3.651666666666667,216.68354329608934,10.517788407821227,3948.111878644741,21.343414525139664,1926.0
1926.03,11.81,0.6225,1.248,17.8,1926.2083333332832,3.6233333333333335,203.11043679775275,10.705863412921346,3717.056887764309,21.463321348314604,1926.0
1926.04,11.48,0.63,1.247,17.9,1926.2916666666165,3.595,196.3320502793296,10.774319832402233,3609.4393177589573,21.326312430167597,1926.0
1926.05,11.56,0.6375,1.246,17.8,1926.3749999999498,3.566666666666667,198.81089325842694,10.963836025280896,3671.8081890791304,21.428924999999996,1926.0
1926.06,12.11,0.645,1.245,17.7,1926.458333333283,3.5383333333333336,209.4465550847457,11.155493644067795,3885.405704975371,21.5326970338983,1926.0
1926.07,12.62,0.6525,1.244,17.5,1926.5416666666163,3.51,220.76165999999995,11.414182499999997,4112.955404489092,21.761291999999997,1926.0
1926.08,13.12,0.66,1.243,17.4,1926.6249999999495,3.4816666666666665,230.82717241379308,11.61173275862069,4318.511396103231,21.868763362068965,1926.0
1926.09,13.32,0.6675,1.242,17.5,1926.7083333332828,3.453333333333333,233.00675999999996,11.676577499999999,4377.493590895283,21.726305999999997,1926.0
1926.1,13.02,0.675,1.242,17.6,1926.791666666616,3.425,226.46477556818175,11.74068536931818,4272.970455991621,21.60286107954545,1926.0
1926.11,13.19,0.6825,1.241,17.7,1926.8749999999493,3.3966666666666665,228.12552118644064,11.804068855932202,4322.865721411503,21.4635156779661,1926.0
1926.12,13.49,0.69,1.24,17.7,1926.9583333332826,3.3683333333333327,233.31412288135593,11.933783898305082,4440.03209710556,21.446220338983046,1926.0
1927.01,13.4,0.6967,1.229,17.5,1927.0416666666158,3.34,234.40619999999996,12.187373099999997,4480.142048397863,21.498897,1927.0
1927.02,13.66,0.7033,1.218,17.4,1927.124999999949,3.339166666666666,240.32768103448274,12.373532801724139,4613.0253718227395,21.428925,1927.0
1927.03,13.87,0.71,1.208,17.3,1927.2083333332823,3.3383333333333334,245.4328569364161,12.563614161849708,4731.11412082553,21.375839306358376,1927.0
1927.04,14.21,0.7167,1.197,17.3,1927.2916666666156,3.3375,251.4492355491329,12.682172210982657,4867.46196451313,21.181191763005778,1927.0
1927.05,14.7,0.7233,1.186,17.4,1927.3749999999488,3.336666666666667,258.6249568965517,12.72540349137931,5026.894750599767,20.86593189655172,1927.0
1927.06,14.89,0.73,1.175,17.6,1927.458333333282,3.3358333333333334,258.99082244318174,12.697333806818177,5054.572593720629,20.437489346590905,1927.0
1927.07,15.22,0.7367,1.164,17.3,1927.5416666666154,3.335,269.32141907514443,13.036076835260113,5277.390271685993,20.597249132947972,1927.0
1927.08,16.03,0.7433,1.153,17.2,1927.6249999999486,3.3341666666666665,285.30371075581394,13.229335508720927,5612.1680308680025,20.521221366279068,1927.0
1927.09,16.94,0.75,1.143,17.3,1927.7083333332819,3.3333333333333335,299.7572167630057,13.271423410404621,5918.235878000177,20.225649277456643,1927.0
1927.1,16.68,0.7567,1.132,17.4,1927.7916666666151,3.3325,293.46015517241375,13.313027543103448,5815.814014537615,19.915881034482755,1927.0
1927.11,17.06,0.7633,1.121,17.3,1927.8749999999484,3.3316666666666666,301.88064450867046,13.506769985549129,6004.998374868257,19.83635419075144,1927.0
1927.12,17.46,0.77,1.11,17.3,1927.9583333332816,3.3308333333333335,308.9587369942196,13.625328034682079,6168.381732371267,19.64170664739884,1927.0
1928.01,17.53,0.7767,1.133,17.3,1928.041666666615,3.33,310.1974031791907,13.743886083815024,6215.978251780989,20.048696965317912,1928.0
1928.02,17.32,0.7833,1.155,17.1,1928.1249999999482,3.3525,310.0659824561403,14.02278776315789,6236.761373189184,20.67703289473684,1928.0
1928.03,18.25,0.79,1.177,17.1,1928.2083333332814,3.375,326.71502192982445,14.142732456140347,6595.351146137657,21.070881140350874,1928.0
1928.04,19.4,0.7967,1.2,17.1,1928.2916666666147,3.3975,347.302543859649,14.262677149122801,7034.941840543263,21.48263157894736,1928.0
1928.05,20,0.8033,1.222,17.2,1928.374999999948,3.42,355.96220930232556,14.297222136627905,7234.485210315335,21.749290988372092,1928.0
1928.06,19.02,0.81,1.245,17.1,1928.4583333332812,3.4425,340.4997105263157,14.500776315789471,6944.788499919811,22.28823026315789,1928.0
1928.07,19.16,0.8167,1.268,17.1,1928.5416666666144,3.465,343.00601754385957,14.620721008771925,7020.757013097824,22.69998070175438,1928.0
1928.08,19.78,0.8233,1.29,17.1,1928.6249999999477,3.4875,354.10537719298236,14.738875482456136,7273.082262864399,23.093828947368415,1928.0
1928.09,21.17,0.83,1.312,17.3,1928.708333333281,3.51,374.6080447976878,14.687041907514446,7719.331515979695,23.21614335260115,1928.0
1928.1,21.6,0.8367,1.335,17.2,1928.7916666666142,3.5324999999999998,384.4391860465116,14.891679026162787,7947.488181601479,23.76047747093023,1928.0
1928.11,23.06,0.8433,1.357,17.2,1928.8749999999475,3.555,410.4244273255813,15.009146555232554,8510.53644443019,24.152035901162787,1928.0
1928.12,23.15,0.85,1.38,17.1,1928.9583333332807,3.5775,414.4357675438595,15.216864035087713,8620.010021347845,24.705026315789464,1928.0
1929.01,24.86,0.86,1.399,17.1,1929.041666666614,3.6,445.04851754385953,15.395885964912276,9283.421879722277,25.04516798245613,1929.0
1929.02,24.99,0.87,1.418,17.1,1929.1249999999472,3.5741666666666667,447.3758026315788,15.574907894736837,9359.041064382121,25.3853096491228,1929.0
1929.03,25.43,0.88,1.438,17,1929.2083333332805,3.5483333333333333,457.9307249999999,15.846599999999997,9607.474334356082,25.89478499999999,1929.0
1929.04,25.28,0.89,1.457,16.9,1929.2916666666138,3.5225,457.9232662721893,16.121507396449704,9635.503874943333,26.392175591715976,1929.0
1929.05,25.66,0.9,1.476,17,1929.374999999947,3.4966666666666666,462.07244999999995,16.206749999999996,9751.228123943985,26.579069999999994,1929.0
1929.06,26.15,0.91,1.495,17.1,1929.4583333332803,3.470833333333333,468.1423464912279,16.290995614035083,9907.97204276287,26.763778508771924,1929.0
1929.07,28.48,0.92,1.514,17.3,1929.5416666666135,3.4450000000000003,503.9601849710982,16.279612716763005,10694.749057681724,26.79058005780346,1929.0
1929.08,30.1,0.93,1.533,17.3,1929.6249999999468,3.4191666666666665,532.6264595375721,16.456565028901732,11332.190649163982,27.126789450867044,1929.0
1929.09,31.3,0.94,1.552,17.3,1929.70833333328,3.3933333333333335,553.8607369942196,16.633517341040456,11813.46364074254,27.46299884393063,1929.0
1929.1,27.99,0.95,1.572,17.3,1929.7916666666133,3.3674999999999997,495.2895216763004,16.810469653179187,10594.0600588693,27.816903468208086,1929.0
1929.11,20.58,0.96,1.591,17.3,1929.8749999999466,3.341666666666667,364.16785838150275,16.987421965317914,7819.695634735253,28.15311286127167,1929.0
1929.12,21.4,0.97,1.61,17.2,1929.9583333332798,3.315833333333333,380.8795639534883,17.264167151162788,8209.434850372794,28.654957848837206,1929.0
1930.01,21.71,0.9708,1.557,17.1,1930.041666666613,3.29,388.6566096491227,17.379448947368417,8408.276632106363,27.8737144736842,1930.0
1930.02,23.07,0.9717,1.503,17,1930.1249999999463,3.2941666666666665,415.43302499999993,17.497887749999997,9019.10915533892,27.065272499999992,1930.0
1930.03,23.94,0.9725,1.45,16.9,1930.2083333332796,3.2983333333333333,433.6504349112426,17.615916789940826,9446.482010968388,26.26537721893491,1930.0
1930.04,25.46,0.9733,1.397,17,1930.2916666666129,3.3024999999999998,458.4709499999999,17.52669975,10018.979274034042,25.156477499999994,1930.0
1930.05,23.94,0.9742,1.343,16.9,1930.374999999946,3.3066666666666666,433.6504349112426,17.64671068047337,9508.711995671265,24.327173520710055,1930.0
1930.06,21.52,0.975,1.29,16.8,1930.4583333332794,3.310833333333333,392.1347499999999,17.766328124999994,8630.855657100952,23.506218749999995,1930.0
1930.07,21.06,0.9758,1.237,16.6,1930.5416666666126,3.3150000000000004,388.37621385542155,17.995133403614453,8581.136524325515,22.81203117469879,1930.0
1930.08,20.79,0.9767,1.183,16.5,1930.6249999999459,3.319166666666667,385.7206499999999,18.120892681818177,8555.82704053638,21.94841409090909,1930.0
1930.09,20.78,0.9775,1.13,16.6,1930.7083333332791,3.3233333333333333,383.21261746987943,18.026483810240958,8533.516413910706,20.838799698795174,1930.0
1930.1,17.92,0.9783,1.077,16.5,1930.7916666666124,3.3275,332.4730181818182,18.150577772727267,7437.31073131081,19.981776818181814,1930.0
1930.11,16.62,0.9792,1.023,16.4,1930.8749999999457,3.3316666666666666,310.23408841463413,18.27805170731707,6973.9061037402,19.095636128048778,1930.0
1930.12,15.51,0.98,0.97,16.1,1930.958333333279,3.3358333333333325,294.90916304347815,18.633847826086953,6664.316123954704,18.443706521739124,1930.0
1931.01,15.98,0.9667,0.94,15.9,1931.0416666666122,3.34,307.6677641509433,18.61216693396226,6987.682807824653,18.0981037735849,1931.0
1931.02,17.2,0.9533,0.91,15.7,1931.1249999999454,3.3683333333333327,335.3753503184713,18.587983805732485,7652.15194814104,17.74369585987261,1931.0
1931.03,17.53,0.94,0.88,15.6,1931.2083333332787,3.3966666666666665,344.0009663461538,18.446144230769224,7884.033179997318,17.268730769230768,1931.0
1931.04,15.86,0.9267,0.85,15.5,1931.291666666612,3.425,313.23755806451607,18.30247446774193,7213.933448188325,16.78763709677419,1931.0
1931.05,14.33,0.9133,0.82,15.3,1931.3749999999452,3.453333333333333,286.7194166666666,18.27361083333333,6638.284972442274,16.406833333333328,1931.0
1931.06,13.87,0.9,0.79,15.1,1931.4583333332785,3.4816666666666665,281.19128642384095,18.24600993377483,6545.498141225627,16.01594205298013,1931.0
1931.07,14.33,0.8867,0.76,15.1,1931.5416666666117,3.51,290.517024834437,17.976374453642382,6797.45105483648,15.407741721854302,1931.0
1931.08,13.9,0.8733,0.73,15.1,1931.624999999945,3.5383333333333336,281.7994867549669,17.704711639072844,6628.00098832818,14.799541390728473,1931.0
1931.09,11.83,0.86,0.7,15,1931.7083333332782,3.566666666666667,241.43255499999995,17.551309999999997,5712.960682418369,14.285949999999996,1931.0
1931.1,10.25,0.8467,0.67,14.9,1931.7916666666115,3.595,210.59106543624156,17.395849278523485,5017.468724628427,13.765464765100669,1931.0
1931.11,10.39,0.8333,0.64,14.7,1931.8749999999447,3.6233333333333335,216.37175,17.3534725,5189.6520952359315,13.327999999999998,1931.0
1931.12,8.44,0.82,0.61,14.6,1931.958333333278,3.651666666666667,176.9668561643835,17.19346232876712,4278.89541894469,12.790258561643833,1931.0
1932.01,8.3,0.7933,0.5933,14.3,1932.0416666666113,3.68,177.68239510489508,16.982583618881115,4330.415091966884,12.70108012237762,1932.0
1932.02,8.23,0.7667,0.5767,14.1,1932.1249999999445,3.649166666666667,178.68293085106382,16.64595420212766,4388.607272630483,12.520831861702124,1932.0
1932.03,8.26,0.74,0.56,14,1932.2083333332778,3.6183333333333336,180.61522499999995,16.181024999999998,4469.184417963322,12.245099999999999,1932.0
1932.04,6.28,0.7133,0.5433,13.9,1932.291666666611,3.5875000000000004,138.30796402877695,15.709406169064746,3454.7169753998414,11.965400773381294,1932.0
1932.05,5.51,0.6867,0.5267,13.7,1932.3749999999443,3.5566666666666666,123.121352189781,15.344361624087588,3107.318974799483,11.76914994525547,1932.0
1932.06,4.77,0.66,0.51,13.6,1932.4583333332776,3.525833333333334,107.36971874999996,14.856187499999999,2741.026376263515,11.479781249999998,1932.0
1932.07,5.01,0.6333,0.4933,13.6,1932.5416666666108,3.495,112.77196874999997,14.255187187499997,2909.2662079848046,11.1038746875,1932.0
1932.08,7.53,0.6067,0.4767,13.5,1932.624999999944,3.464166666666667,170.75111666666666,13.75759661111111,4434.575676451693,10.809702166666666,1932.0
1932.09,8.26,0.58,0.46,13.4,1932.7083333332773,3.4333333333333336,188.70247388059695,13.2502947761194,4929.467149412429,10.508854477611939,1932.0
1932.1,7.12,0.5533,0.4433,13.3,1932.7916666666106,3.4025,163.8817894736842,12.73536434210526,4308.801191403304,10.203482763157892,1932.0
1932.11,7.05,0.5267,0.4267,13.2,1932.8749999999438,3.3716666666666666,163.49991477272724,12.214951079545452,4325.523981792186,9.895803352272726,1932.0
1932.12,6.82,0.5,0.41,13.1,1932.958333333277,3.3408333333333338,159.37324809160302,11.684255725190837,4242.10935116502,9.581089694656487,1932.0
1933.01,7.09,0.495,0.4125,12.9,1933.0416666666104,3.31,168.25147093023253,11.74675290697674,4504.480714127301,9.788960755813951,1933.0
1933.02,6.25,0.49,0.415,12.7,1933.1249999999436,3.2941666666666674,150.65329724409446,11.811218503937006,4059.688068952392,10.003378937007872,1933.0
1933.03,6.23,0.485,0.4175,12.6,1933.2083333332769,3.2783333333333333,151.36304166666665,11.783479166666664,4105.274714395448,10.143510416666665,1933.0
1933.04,6.89,0.48,0.42,12.6,1933.2916666666101,3.2624999999999997,167.39829166666664,11.661999999999997,4566.541536237633,10.204249999999998,1933.0
1933.05,8.87,0.475,0.4225,12.6,1933.3749999999434,3.2466666666666666,215.5040416666666,11.540520833333332,5905.077265927026,10.26498958333333,1933.0
1933.06,10.39,0.47,0.425,12.7,1933.4583333332766,3.2308333333333334,250.44604133858266,11.329127952755902,6888.40061449552,10.244424212598423,1933.0
1933.07,11.23,0.465,0.4275,13.1,1933.54166666661,3.215,262.4283835877862,10.86635782442748,7242.8754762166645,9.990038645038165,1933.0
1933.08,10.67,0.46,0.43,13.2,1933.6249999999432,3.1991666666666667,247.45306249999996,10.668079545454546,6854.101136526285,9.972335227272726,1933.0
1933.09,10.58,0.455,0.4325,13.2,1933.7083333332764,3.1833333333333336,245.36582954545452,10.552122159090908,6820.6443010816665,10.030313920454544,1933.0
1933.1,9.55,0.45,0.435,13.2,1933.7916666666097,3.1675000000000004,221.47860795454542,10.43616477272727,6180.805976996264,10.08829261363636,1933.0
1933.11,9.78,0.445,0.4375,13.2,1933.874999999943,3.151666666666667,226.81264772727266,10.320207386363636,6353.663596160948,10.14627130681818,1933.0
1933.12,9.97,0.44,0.44,13.2,1933.9583333332762,3.1358333333333333,231.2190284090909,10.204249999999998,6500.919603161272,10.204249999999998,1933.0
1934.01,10.54,0.4408,0.4442,13.2,1934.0416666666094,3.12,244.4381704545454,10.22280318181818,6896.538923177123,10.301654204545452,1934.0
1934.02,11.32,0.4417,0.4483,13.3,1934.1249999999427,3.0925,260.5536315789473,10.166655394736837,7375.121295340505,10.31856828947368,1934.0
1934.03,10.74,0.4425,0.4525,13.3,1934.208333333276,3.065,247.20371052631575,10.185069078947366,7021.268578597412,10.415240131578944,1934.0
1934.04,10.92,0.4433,0.4567,13.3,1934.2916666666092,3.0375000000000005,251.34678947368417,10.203482763157892,7163.0940634722,10.511911973684207,1934.0
1934.05,9.81,0.4442,0.4608,13.3,1934.3749999999425,3.0100000000000002,225.79780263157892,10.224198157894733,6459.258848709873,10.606282105263155,1934.0
1934.06,9.94,0.445,0.465,13.4,1934.4583333332757,2.9825,227.08263805970142,10.166174440298507,6520.2481370554215,10.623081156716415,1934.0
1934.07,9.47,0.4458,0.4692,13.4,1934.541666666609,2.955,216.34533022388058,10.18445070895522,6236.315601228015,10.719031567164176,1934.0
1934.08,9.1,0.4467,0.4733,13.4,1934.6249999999422,2.9275,207.8925559701492,10.205011511194026,6017.171997827945,10.812697444029848,1934.0
1934.09,8.88,0.4475,0.4775,13.6,1934.7083333332755,2.9000000000000004,199.88324999999998,10.0729453125,5809.64900901711,10.7482265625,1934.0
1934.1,8.95,0.4483,0.4817,13.5,1934.7916666666088,2.8724999999999996,202.9511944444444,10.165700611111108,5923.441817776699,10.92308272222222,1934.0
1934.11,9.2,0.4492,0.4858,13.5,1934.874999999942,2.8449999999999998,208.62022222222217,10.18610911111111,6113.6758542559855,11.016054777777775,1934.0
1934.12,9.26,0.45,0.49,13.4,1934.9583333332753,2.8175,211.54780970149247,10.280401119402983,6224.575494336127,11.194214552238805,1934.0
1935.01,9.26,0.45,0.57,13.6,1935.0416666666085,2.79,208.43681249999995,10.129218749999998,6157.8744348328355,12.830343749999997,1935.0
1935.02,8.98,0.45,0.65,13.7,1935.1249999999418,2.7783333333333333,200.65875547445253,10.055282846715327,5952.84170940888,14.524297445255474,1935.0
1935.03,8.41,0.45,0.73,13.7,1935.208333333275,2.7666666666666666,187.92206386861312,10.055282846715327,5599.84747664048,16.31190328467153,1935.0
1935.04,9.04,0.446667,0.756667,13.8,1935.2916666666083,2.755,200.53569565217384,9.908482032065214,6000.323317035207,16.785259205978257,1935.0
1935.05,9.75,0.443333,0.783333,13.8,1935.3749999999416,2.743333333333333,216.28573369565214,9.834523402717387,6496.109600204928,17.37679514184782,1935.0
1935.06,10.12,0.44,0.81,13.7,1935.4583333332748,2.731666666666667,226.13213868613133,9.83183211678832,6816.453032258455,18.09950912408759,1935.0
1935.07,10.65,0.44,0.793333,13.7,1935.541666666608,2.72,237.97502737226273,9.83183211678832,7198.138478728791,17.727083792518247,1935.0
1935.08,11.37,0.44,0.776667,13.7,1935.6249999999413,2.708333333333333,254.06347992700725,9.83183211678832,7709.555516184639,17.354680806021896,1935.0
1935.09,11.61,0.44,0.76,13.7,1935.7083333332746,2.6966666666666668,259.42629744525544,9.83183211678832,7897.152440207895,16.98225547445255,1935.0
1935.1,11.92,0.45,0.76,13.7,1935.7916666666079,2.685,266.35327007299264,10.055282846715327,8133.522851316615,16.98225547445255,1935.0
1935.11,13.04,0.46,0.76,13.8,1935.874999999941,2.6733333333333333,289.268304347826,10.204249999999998,8859.236974917892,16.85919565217391,1935.0
1935.12,13.04,0.47,0.76,13.8,1935.9583333332744,2.6616666666666666,289.268304347826,10.426081521739127,8885.846390678445,16.85919565217391,1935.0
1936.01,13.76,0.48,0.77,13.8,1936.0416666666076,2.65,305.2401739130434,10.647913043478257,9403.733143509398,17.08102717391304,1936.0
1936.02,14.55,0.49,0.78,13.8,1936.1249999999409,2.6525,322.7648641304347,10.869744565217388,9971.533648843633,17.30285869565217,1936.0
1936.03,14.86,0.5,0.79,13.7,1936.2083333332741,2.6550000000000002,332.0477846715328,11.172536496350363,10287.085028465404,17.652607664233575,1936.0
1936.04,14.88,0.516667,0.82,13.7,1936.2916666666074,2.6574999999999998,332.4946861313868,11.544961827919707,10330.736316976136,18.322959854014595,1936.0
1936.05,14.09,0.533333,0.85,13.7,1936.3749999999407,2.66,314.8420784671532,11.917364814416054,9813.119506420626,18.993312043795616,1936.0
1936.06,14.69,0.55,0.88,13.8,1936.458333333274,2.6625,325.8705054347825,12.200733695652172,10188.54754279293,19.521173913043473,1936.0
1936.07,15.56,0.57,0.9,13.9,1936.5416666666072,2.665,342.6866115107913,12.553429856115105,10747.021316723762,19.821205035971218,1936.0
1936.08,15.87,0.59,0.92,14,1936.6249999999404,2.6675000000000004,347.0173874999999,12.901087499999997,10916.555117540009,20.11695,1936.0
1936.09,16.05,0.61,0.94,14,1936.7083333332737,2.67,350.9533124999999,13.338412499999999,11075.339289329475,20.554274999999993,1936.0
1936.1,16.89,0.646667,0.966667,14,1936.791666666607,2.6725000000000003,369.32096249999995,14.140182288749997,11692.16938522072,21.137382288749997,1936.0
1936.11,17.36,0.683333,0.993333,14,1936.8749999999402,2.675,379.5980999999999,14.941930211249996,12056.948744383713,21.720467711249995,1936.0
1936.12,17.06,0.72,1.02,14,1936.9583333332735,2.6774999999999998,373.0382249999999,15.743699999999995,11890.262817042003,22.303574999999995,1936.0
1937.01,17.59,0.73,1.05,14.1,1937.0416666666067,2.68,381.8994840425531,15.849154255319146,12214.805741205195,22.79672872340425,1937.0
1937.02,18.11,0.74,1.08,14.1,1937.12499999994,2.67,393.1892925531914,16.066265957446806,12618.725317070326,23.44806382978723,1937.0
1937.03,18.09,0.75,1.11,14.2,1937.2083333332732,2.66,389.9891883802816,16.16870598591549,12559.265753048581,23.92968485915493,1937.0
1937.04,17.01,0.78,1.13,14.3,1937.2916666666065,2.6500000000000004,364.14187237762235,16.697863636363632,11771.686906620453,24.190494755244746,1937.0
1937.05,16.25,0.81,1.15,14.4,1937.3749999999397,2.64,345.45638020833326,17.219671875,11214.025923119336,24.44768229166666,1937.0
1937.06,15.64,0.84,1.17,14.4,1937.458333333273,2.63,332.4884791666666,17.857437499999996,10841.375215520295,24.87285937499999,1937.0
1937.07,16.57,0.816667,1.18667,14.5,1937.5416666666063,2.62,349.82983965517235,17.24167083051724,11453.670559452448,25.053263477586203,1937.0
1937.08,16.74,0.793333,1.20333,14.5,1937.6249999999395,2.6100000000000003,353.4189206896551,16.74903779017241,11616.877473389408,25.40499341896551,1937.0
1937.09,14.37,0.77,1.22,14.6,1937.7083333332728,2.6,301.30494349315063,16.145080479452055,9948.115461116226,25.580517123287667,1937.0
1937.1,12.28,0.78,1.19,14.6,1937.791666666606,2.59,257.48258219178075,16.354756849315066,8546.241152921348,24.951488013698626,1937.0
1937.11,11.2,0.79,1.16,14.5,1937.8749999999393,2.58,236.4571034482758,16.67867068965517,7894.505871319678,24.490199999999994,1937.0
1937.12,11.02,0.8,1.13,14.4,1937.9583333332725,2.57,234.2725729166666,17.00708333333333,7868.8891918017125,24.022505208333325,1937.0
1938.01,11.31,0.793333,1.07667,14.2,1938.0416666666058,2.56,243.82408626760562,17.10289070123239,8237.583067256934,23.21114756514084,1938.0
1938.02,11.04,0.786667,1.02333,14.1,1938.124999999939,2.5433333333333334,239.6913191489361,17.079461137765954,8146.043481796767,22.217691813829784,1938.0
1938.03,10.31,0.78,0.97,14.1,1938.2083333332723,2.5266666666666664,223.842164893617,16.934712765957446,7655.362420619699,21.059835106382973,1938.0
1938.04,9.89,0.766667,0.903333,14.2,1938.2916666666056,2.51,213.2113362676056,16.52801774947183,7338.894570009892,19.4743009125,1938.0
1938.05,9.98,0.753333,0.836667,14.1,1938.3749999999388,2.493333333333333,216.67747872340422,16.355740989893615,7505.116542833111,18.165019648404254,1938.0
1938.06,10.21,0.74,0.77,14.1,1938.458333333272,2.4766666666666666,221.6710478723404,16.066265957446806,7724.454451149044,16.717601063829786,1938.0
1938.07,12.24,0.713333,0.72,14.1,1938.5416666666054,2.46,265.7447234042553,15.487294181382977,9305.23978168277,15.632042553191486,1938.0
1938.08,12.31,0.686667,0.67,14.1,1938.6249999999386,2.4433333333333334,267.2645053191489,14.90834411648936,9401.958208301658,14.546484042553189,1938.0
1938.09,11.75,0.66,0.62,14.1,1938.7083333332719,2.4266666666666667,255.10624999999996,14.32937234042553,9016.256429650777,13.460925531914892,1938.0
1938.1,13.06,0.61,0.626667,14,1938.7916666666051,2.4099999999999997,285.573225,13.338412499999999,10132.340171978263,13.702857288749996,1938.0
1938.11,13.07,0.56,0.633333,14,1938.8749999999384,2.393333333333333,285.7918875,12.245099999999999,10176.303873592256,13.848617711249998,1938.0
1938.12,12.69,0.51,0.64,14,1938.9583333332716,2.3766666666666665,277.48271249999993,11.151787499999998,9913.52632521143,13.994399999999997,1938.0
1939.01,12.5,0.513333,0.663333,14,1939.041666666605,2.36,273.32812499999994,11.224667711249998,9798.515162797572,14.504605211249997,1939.0
1939.02,12.4,0.516667,0.686667,13.9,1939.1249999999382,2.3474999999999997,273.09215827338124,11.378847269244602,9824.049284993065,15.122852664928056,1939.0
1939.03,12.39,0.52,0.71,13.9,1939.2083333332714,2.335,272.8719226618704,11.45225179856115,9850.458019630141,15.636728417266182,1939.0
1939.04,10.83,0.523333,0.726667,13.8,1939.2916666666047,2.3225,240.2435380434782,11.609175576630433,8707.522944078466,16.119764640760867,1939.0
1939.05,11.23,0.526667,0.743333,13.8,1939.374999999938,2.31,249.11679891304343,11.683134205978257,9064.417951141913,16.489469054891302,1939.0
1939.06,11.43,0.53,0.76,13.8,1939.4583333332712,2.2975000000000003,253.553429347826,11.757070652173912,9261.499760260685,16.85919565217391,1939.0
1939.07,11.71,0.54,0.776667,13.8,1939.5416666666044,2.285,259.7647119565217,11.978902173913042,9524.840742070373,17.228922249456517,1939.0
1939.08,11.54,0.55,0.793333,13.8,1939.6249999999377,2.2725,255.99357608695644,12.200733695652172,9423.84435219217,17.598626663586952,1939.0
1939.09,12.77,0.56,0.81,14.1,1939.708333333271,2.26,277.2516436170212,12.158255319148937,10243.711976672135,17.586047872340426,1939.0
1939.1,12.9,0.58,0.84,14,1939.7916666666042,2.2475,282.07462499999997,12.682424999999997,10460.956824862942,18.367649999999998,1939.0
1939.11,12.67,0.6,0.87,14,1939.8749999999375,2.2350000000000003,277.04538749999995,13.119749999999996,10314.989985446251,19.023637499999996,1939.0
1939.12,12.37,0.62,0.9,14,1939.9583333332707,2.2225,270.48551249999997,13.557074999999998,10112.815096228745,19.679624999999994,1939.0
1940.01,12.3,0.623333,0.93,13.9,1940.041666666604,2.21,270.88980215827337,13.72801244298561,10170.702032098025,20.48191187050359,1940.0
1940.02,12.22,0.626667,0.96,14,1940.1249999999372,2.1883333333333335,267.20557499999995,13.702857288749996,10075.24918288285,20.991599999999995,1940.0
1940.03,12.15,0.63,0.99,14,1940.2083333332705,2.166666666666667,265.67493749999994,13.775737499999996,10060.820634544023,21.647587499999993,1940.0
1940.04,12.27,0.636667,1.00667,14,1940.2916666666038,2.145,268.2988874999999,13.921519788749999,10204.119497401885,22.012097887499998,1940.0
1940.05,10.58,0.643333,1.02333,14,1940.374999999937,2.1233333333333335,231.34492499999996,14.067280211249997,8843.246795699304,22.376389612499995,1940.0
1940.06,9.67,0.65,1.04,14.1,1940.4583333332703,2.1016666666666666,209.94701595744675,14.11226063829787,8070.257544824597,22.579617021276594,1940.0
1940.07,9.99,0.656667,1.05333,14,1940.5416666666035,2.08,218.44383749999997,14.358844788749996,8442.866648578765,23.032377112499997,1940.0
1940.08,10.2,0.663333,1.06667,14,1940.6249999999368,2.0583333333333336,223.03574999999995,14.504605211249997,8667.061310048735,23.324072887499995,1940.0
1940.09,10.63,0.67,1.08,14,1940.70833333327,2.0366666666666666,232.43823749999999,14.650387499999997,9079.879671466906,23.615549999999995,1940.0
1940.1,10.73,0.67,1.07,14,1940.7916666666033,2.015,234.62486249999998,14.650387499999997,9212.988600485745,23.396887499999995,1940.0
1940.11,10.98,0.67,1.06,14,1940.8749999999366,1.9933333333333334,240.091425,14.650387499999997,9475.583103155694,23.178224999999998,1940.0
1940.12,10.53,0.67,1.05,14.1,1940.9583333332698,1.9716666666666665,228.61862234042547,14.546484042553189,9070.63266885103,22.79672872340425,1940.0
1941.01,10.55,0.673333,1.05333,14.1,1941.041666666603,1.95,229.05284574468084,14.618847372872338,9136.195411390916,22.869026920212765,1941.0
1941.02,9.89,0.676667,1.05667,14.1,1941.1249999999363,1.9925,214.7234734042553,14.691232414361702,8613.474197190471,22.941542228723403,1941.0
1941.03,9.95,0.68,1.06,14.2,1941.2083333332696,2.035,214.50483274647883,14.659626760563379,8653.708600082544,22.85177112676056,1941.0
1941.04,9.64,0.683333,1.07,14.3,1941.2916666666029,2.0775,206.3684685314685,14.628463143881115,8374.64486320439,22.9060437062937,1941.0
1941.05,9.43,0.686667,1.08,14.4,1941.374999999936,2.12,200.4709947916666,14.597753614062498,8184.685297611117,22.959562499999997,1941.0
1941.06,9.76,0.69,1.09,14.7,1941.4583333332694,2.1625,203.25199999999998,14.369249999999996,8347.114289277086,22.69925,1941.0
1941.07,10.26,0.693333,1.12333,14.7,1941.5416666666026,2.205,213.66449999999998,14.438659724999997,8824.146525677272,23.393347249999994,1941.0
1941.08,10.21,0.696667,1.15667,14.9,1941.6249999999359,2.2474999999999996,209.76924664429527,14.313350808221474,8712.536840251707,23.76432855201342,1941.0
1941.09,10.24,0.7,1.19,15.1,1941.7083333332691,2.29,207.59904635761586,14.191341059602646,8671.518427861898,24.1252798013245,1941.0
1941.1,9.83,0.703333,1.18,15.3,1941.7916666666024,2.3325,196.6819166666666,14.07252110833333,8264.489033456995,23.609833333333327,1941.0
1941.11,9.37,0.706667,1.17,15.4,1941.8749999999357,2.3750000000000004,186.2606931818181,14.047415717045451,7875.78259275859,23.257738636363626,1941.0
1941.12,8.76,0.71,1.16,15.5,1941.958333333269,2.4175,173.01141290322576,14.022614516129028,7364.96523197535,22.910187096774187,1941.0
1942.01,8.93,0.703333,1.12,15.7,1942.0416666666022,2.46,174.12220222929935,13.713985538694265,7460.90019590876,21.8383949044586,1942.0
1942.02,8.65,0.696667,1.08,15.8,1942.1249999999354,2.4608333333333334,167.59511867088605,13.498033357120251,7229.421220183096,20.925170886075946,1942.0
1942.03,8.18,0.69,1.04,16,1942.2083333332687,2.461666666666667,156.50768437499997,13.201748437499996,6798.607264160985,19.8982875,1942.0
1942.04,7.84,0.68,1.02,16.1,1942.291666666602,2.4625,149.07078260869562,12.92960869565217,6522.3569515294585,19.394413043478256,1942.0
1942.05,7.93,0.67,1.0,16.3,1942.3749999999352,2.4633333333333334,148.931967791411,12.583154907975457,6562.163002709869,18.78082822085889,1942.0
1942.06,8.33,0.66,0.98,16.3,1942.4583333332685,2.4641666666666664,156.44429907975456,12.39534662576687,6938.680552045679,18.405211656441715,1942.0
1942.07,8.64,0.646667,0.966667,16.4,1942.5416666666017,2.465,161.2769268292683,12.070887319664633,7197.6336086715955,18.044106831859757,1942.0
1942.08,8.59,0.633333,0.953333,16.5,1942.624999999935,2.4658333333333338,159.3718318181818,11.750342300454545,7156.311593245909,17.687360482272723,1942.0
1942.09,8.68,0.62,0.94,16.5,1942.7083333332682,2.466666666666667,161.04161818181814,11.502972727272725,7274.333806172936,17.439990909090906,1942.0
1942.1,9.32,0.61,0.97,16.7,1942.7916666666015,2.4675000000000002,170.8448083832335,11.181902694610777,7759.240046587943,17.78105838323353,1942.0
1942.11,9.47,0.6,1.0,16.8,1942.8749999999347,2.4683333333333337,172.56115624999998,10.933124999999997,7878.57027620285,18.221874999999997,1942.0
1942.12,9.52,0.59,1.03,16.9,1942.958333333268,2.4691666666666667,172.4457869822485,10.687291420118342,7913.965089025591,18.657474852071005,1942.0
1943.01,10.09,0.59,1.04333,16.9,1943.0416666666013,2.47,182.77079733727808,10.687291420118342,8428.677629392012,18.898935181952663,1943.0
1943.02,10.69,0.59,1.05667,16.9,1943.1249999999345,2.470833333333333,193.6392292899408,10.687291420118342,8970.958755366275,19.140576652366864,1943.0
1943.03,11.07,0.59,1.07,17.2,1943.2083333332678,2.4716666666666667,197.02508284883717,10.500885174418602,9168.359888485227,19.043978197674416,1943.0
1943.04,11.44,0.59,1.08,17.4,1943.291666666601,2.4725,201.2700344827586,10.380185344827584,9406.146958659923,19.00101724137931,1943.0
1943.05,11.89,0.59,1.09,17.5,1943.3749999999343,2.4733333333333336,207.99176999999997,10.320869999999998,9760.474917145108,19.06737,1943.0
1943.06,12.1,0.59,1.1,17.5,1943.4583333332675,2.474166666666667,211.66529999999995,10.320869999999998,9973.224265283046,19.242299999999997,1943.0
1943.07,12.35,0.593333,1.09333,17.4,1943.5416666666008,2.475,217.28015086206895,10.43882459525862,10278.772199181854,19.23553905603448,1943.0
1943.08,11.74,0.596667,1.08667,17.3,1943.624999999934,2.475833333333333,207.74201445086703,10.558160522687858,9869.178469069939,19.228876903179188,1943.0
1943.09,11.99,0.6,1.08,17.4,1943.7083333332673,2.4766666666666666,210.94647844827583,10.55612068965517,10063.203321386338,19.00101724137931,1943.0
1943.1,11.88,0.603333,1.03333,17.4,1943.7916666666006,2.4775,209.0111896551724,10.614759940086206,10013.07845528453,18.179926987068963,1943.0
1943.11,11.33,0.606667,0.986667,17.4,1943.8749999999338,2.4783333333333335,199.33474568965516,10.673416784051723,9592.120868741,17.358959887499996,1943.0
1943.12,11.48,0.61,0.94,17.4,1943.958333333267,2.479166666666667,201.97377586206895,10.732056034482758,9762.148901203973,16.5379224137931,1943.0
1944.01,11.85,0.613333,0.936667,17.4,1944.0416666666003,2.48,208.48338362068964,10.790695284913792,10120.245512654088,16.47928316336207,1944.0
1944.02,11.77,0.616667,0.933333,17.4,1944.1249999999336,2.470833333333333,207.07590086206895,10.849352128879309,10095.810813268743,16.42062631939655,1944.0
1944.03,12.1,0.62,0.93,17.4,1944.2083333332669,2.461666666666667,212.88176724137926,10.907991379310344,10423.188422478392,16.361987068965515,1944.0
1944.04,11.89,0.623333,0.926667,17.5,1944.2916666666001,2.4525,207.99176999999997,10.903964168999998,10228.253034573037,16.210185830999997,1944.0
1944.05,12.1,0.626667,0.923333,17.5,1944.3749999999334,2.4433333333333334,211.66529999999995,10.962285830999997,10453.827090443101,16.151864168999996,1944.0
1944.06,12.67,0.63,0.92,17.6,1944.4583333332666,2.4341666666666666,220.37701278409082,10.957973011363633,10929.185129920364,16.002119318181816,1944.0
1944.07,13,0.633333,0.913333,17.7,1944.5416666666,2.425,224.83940677966098,10.953708924152542,11195.758257257972,15.796403839406775,1944.0
1944.08,12.81,0.636667,0.906667,17.7,1944.6249999999332,2.4158333333333335,221.55329237288132,11.011371584322033,11077.820058513265,15.68111310974576,1944.0
1944.09,12.6,0.64,0.9,17.7,1944.7083333332664,2.4066666666666667,217.92127118644063,11.069016949152541,10942.338002111985,15.56580508474576,1944.0
1944.1,12.91,0.64,0.91,17.7,1944.7916666665997,2.3975,223.2828262711864,11.069016949152541,11257.871029157013,15.738758474576269,1944.0
1944.11,12.82,0.64,0.92,17.7,1944.874999999933,2.3883333333333336,221.72624576271184,11.069016949152541,11225.896698839244,15.91171186440678,1944.0
1944.12,13.1,0.64,0.93,17.8,1944.9583333332662,2.3791666666666664,225.2960814606741,11.006831460674155,11453.07504970972,15.99430196629213,1944.0
1945.01,13.49,0.643333,0.94,17.8,1945.0416666665994,2.37,232.00336938202244,11.064152975140447,11840.915586373821,16.166283707865162,1945.0
1945.02,13.94,0.646667,0.95,17.8,1945.1249999999327,2.355,239.74254775280892,11.121491687780896,12283.206626192898,16.338265449438197,1945.0
1945.03,13.93,0.65,0.96,17.8,1945.208333333266,2.3400000000000003,239.57056601123588,11.17881320224719,12322.12400730171,16.51024719101123,1945.0
1945.04,14.28,0.65,0.973333,17.8,1945.2916666665992,2.325,245.58992696629204,11.17881320224719,12679.639569849049,16.739550447050558,1945.0
1945.05,14.82,0.65,0.986667,17.9,1945.3749999999325,2.31,253.45304748603348,11.116361731843575,13133.434603173939,16.874072739804465,1945.0
1945.06,15.09,0.65,1.0,18.1,1945.4583333332657,2.295,255.21900414364632,10.99352900552486,13272.414884315565,16.91312154696132,1945.0
1945.07,14.78,0.653333,0.996667,18.1,1945.541666666599,2.2800000000000002,249.9759364640883,11.049900439640881,13047.640879809052,16.856750112845297,1945.0
1945.08,14.83,0.656667,0.993333,18.1,1945.6249999999322,2.265,250.8215925414364,11.10628878687845,13140.088668044886,16.80036176560773,1945.0
1945.09,15.84,0.66,0.99,18.1,1945.7083333332655,2.25,267.9038453038673,11.162660220994473,14083.729560254445,16.743990331491705,1945.0
1945.1,16.5,0.66,0.98,18.1,1945.7916666665988,2.2350000000000003,279.06650552486184,11.162660220994473,14719.453464015936,16.574859116022097,1945.0
1945.11,17.04,0.66,0.97,18.1,1945.874999999932,2.2199999999999998,288.1995911602209,11.162660220994473,15250.245876809237,16.40572790055248,1945.0
1945.12,17.33,0.66,0.96,18.2,1945.9583333332653,2.205,291.4939326923076,11.101326923076922,15473.520593712106,16.14738461538461,1945.0
1946.01,18.02,0.666667,0.94,18.2,1946.0416666665985,2.19,303.0998653846153,11.213467145192306,16139.208399393894,15.810980769230765,1946.0
1946.02,18.07,0.673333,0.92,18.1,1946.1249999999318,2.195,305.6201063535911,11.388162870580107,16323.936366742713,15.560071823204417,1946.0
1946.03,17.53,0.68,0.9,18.3,1946.208333333265,2.2,293.246725409836,11.37522950819672,15713.674686519793,15.055450819672126,1946.0
1946.04,18.66,0.68,0.88,18.4,1946.2916666665983,2.205,310.453214673913,11.313407608695652,16686.20651942424,14.640880434782607,1946.0
1946.05,18.7,0.68,0.86,18.5,1946.3749999999316,2.21,309.43698648648643,11.252254054054053,16681.98514102839,14.23079189189189,1946.0
1946.06,18.58,0.68,0.84,18.7,1946.4583333332648,2.215,304.1630454545454,11.131909090909089,16447.67374993623,13.751181818181816,1946.0
1946.07,18.05,0.683333,0.856667,19.8,1946.541666666598,2.2199999999999998,279.07077651515146,10.565001159469695,15138.413300892737,13.244915507196966,1946.0
1946.08,17.7,0.686667,0.873333,20.2,1946.6249999999313,2.225,268.24043316831677,10.406319408044553,14597.954406151523,13.23521029492574,1946.0
1946.09,15.09,0.69,0.89,20.4,1946.7083333332646,2.23,226.44431249999997,10.354312499999997,12370.319015777779,13.3555625,1946.0
1946.1,14.75,0.696667,0.946667,20.8,1946.7916666665978,2.235,217.0856069711538,10.253313800120191,11905.743678989313,13.932730867427884,1946.0
1946.11,14.69,0.703333,1.00333,21.3,1946.874999999931,2.24,211.12736971830978,10.108430655281689,11625.17135395485,14.420042468309857,1946.0
1946.12,15.13,0.71,1.06,21.5,1946.9583333332644,2.245,215.42832906976744,10.109326744186044,11908.379277998,15.092797674418604,1946.0
1947.01,15.21,0.713333,1.13,21.5,1947.0416666665976,2.25,216.56740813953485,10.156783625930231,12018.131888828524,16.089491860465113,1947.0
1947.02,15.8,0.716667,1.2,21.5,1947.1249999999309,2.265833333333333,224.96811627906973,10.20425474616279,12531.50780543644,17.086186046511624,1947.0
1947.03,15.16,0.72,1.27,21.9,1947.2083333332641,2.2816666666666667,211.91291780821913,10.064465753424656,11851.006586824362,17.75259931506849,1947.0
1947.04,14.6,0.733333,1.32667,21.9,1947.2916666665974,2.2975,204.08499999999998,10.25084008938356,11461.010819178562,18.544756640410956,1947.0
1947.05,14.34,0.746667,1.38333,21.9,1947.3749999999307,2.3133333333333335,200.45060958904105,10.437228403767122,11305.755138867411,19.336774181506847,1947.0
1947.06,14.84,0.76,1.44,22,1947.458333333264,2.3291666666666666,206.4969136363636,10.575313636363633,11696.48243783746,20.03743636363636,1947.0
1947.07,15.77,0.77,1.47667,22.2,1947.5416666665972,2.3449999999999998,217.46084121621615,10.61793581081081,12367.624485072227,20.362580874999995,1947.0
1947.08,15.46,0.78,1.51333,22.5,1947.6249999999304,2.360833333333333,210.34360666666666,10.612419999999998,12013.143428176058,20.589863536666662,1947.0
1947.09,15.06,0.79,1.55,23,1947.7083333332637,2.376666666666667,200.44696304347823,10.51481413043478,11497.96985021779,20.630331521739127,1947.0
1947.1,15.45,0.806667,1.57,23,1947.791666666597,2.3925,205.63782065217384,10.736650088804346,11847.04871113072,20.896529347826082,1947.0
1947.11,15.27,0.823333,1.59,23.1,1947.8749999999302,2.408333333333333,202.3622045454545,10.911033461363633,11710.719599049607,21.071113636363634,1947.0
1947.12,15.03,0.84,1.61,23.4,1947.9583333332635,2.424166666666667,196.62804807692302,10.989192307692306,11431.878895954007,21.06261858974359,1947.0
1948.01,14.83,0.843333,1.64333,23.7,1948.0416666665967,2.44,191.55573101265819,10.893140209177213,11189.753251992293,21.226519180379743,1948.0
1948.02,14.1,0.846667,1.67667,23.5,1948.12499999993,2.4291666666666667,183.67649999999998,11.029278810319145,10783.176665990615,21.841480656382977,1948.0
1948.03,14.3,0.85,1.71,23.4,1948.2083333332632,2.418333333333333,187.07791666666665,11.120016025641023,11037.267426698016,22.370855769230765,1948.0
1948.04,15.4,0.85,1.76,23.8,1948.2916666665965,2.4075,198.08249999999998,10.933124999999997,11740.27137757727,22.637999999999995,1948.0
1948.05,16.15,0.85,1.81,23.9,1948.3749999999297,2.3966666666666665,206.8602144351464,10.887379707112968,12314.297261941187,23.18371443514644,1948.0
1948.06,16.82,0.85,1.86,24.1,1948.458333333263,2.3858333333333333,213.65413070539415,10.797028008298751,12772.2979581436,23.626437759336095,1948.0
1948.07,16.42,0.856667,1.93,24.4,1948.5416666665963,2.375,206.00875204918032,10.74792323944672,12368.798086279454,24.21418340163934,1948.0
1948.08,15.94,0.863333,2.0,24.5,1948.6249999999295,2.3641666666666667,199.17029999999997,10.787345834999998,12012.1891719578,24.989999999999995,1948.0
1948.09,15.76,0.87,2.07,24.5,1948.7083333332628,2.3533333333333335,196.92119999999997,10.870649999999998,11931.17848588594,25.864649999999994,1948.0
1948.1,16.19,0.89,2.14333,24.4,1948.791666666596,2.3425,203.12312397540984,11.166126024590163,12363.322657206501,26.890666171106556,1948.0
1948.11,15.29,0.91,2.21667,24.2,1948.8749999999293,2.3316666666666666,193.41692045454542,11.511405991735536,11830.931326049025,28.040646505165284,1948.0
1948.12,15.19,0.93,2.29,24.1,1948.9583333332625,2.3208333333333333,192.94924170124477,11.813218879668048,11862.540280157547,29.08846369294605,1948.0
1949.01,15.36,0.946667,2.32,24,1949.0416666665958,2.31,195.92159999999993,12.0750334184375,12107.145720544087,29.59232499999999,1949.0
1949.02,14.77,0.963333,2.35,23.8,1949.124999999929,2.3108333333333335,189.97912499999995,12.390870712499996,11803.734027691939,30.226874999999996,1949.0
1949.03,14.91,0.98,2.38,23.8,1949.2083333332623,2.3116666666666665,191.77987499999998,12.605249999999998,11980.883274553034,30.612749999999995,1949.0
1949.04,14.89,0.993333,2.38667,23.9,1949.2916666665956,2.3125,190.72127510460248,12.723286525418407,11980.987851634438,30.57009708891213,1949.0
1949.05,14.78,1.00667,2.39333,23.8,1949.3749999999288,2.3133333333333335,190.10774999999995,12.948292874999998,12010.230218407227,30.784207125,1949.0
1949.06,13.97,1.02,2.4,23.9,1949.458333333262,2.314166666666667,178.93728765690378,13.064855648535563,11373.308100761473,30.740836820083675,1949.0
1949.07,14.76,1.02667,2.39667,23.7,1949.5416666665953,2.315,190.65155696202527,13.261262465189871,12188.111420274927,30.957240313291134,1949.0
1949.08,15.29,1.03333,2.39333,23.8,1949.6249999999286,2.3158333333333334,196.66762499999996,13.291207124999998,12643.518490576858,30.784207125,1949.0
1949.09,15.49,1.04,2.39,23.9,1949.7083333332619,2.3166666666666664,198.40648430962338,13.32102928870293,12826.673648138614,30.61275,1949.0
1949.1,15.89,1.07333,2.36667,23.7,1949.7916666665951,2.3175,205.24750949367083,13.863959053797464,13343.62569063805,30.569737148734173,1949.0
1949.11,16.11,1.10667,2.34333,23.8,1949.8749999999284,2.3183333333333334,207.21487499999998,14.234542874999997,13548.64721164805,30.141082124999993,1949.0
1949.12,16.54,1.14,2.32,23.6,1949.9583333332616,2.3191666666666664,214.54868008474568,14.78751483050847,14108.737502512426,30.093889830508466,1949.0
1950.01,16.88,1.15,2.33667,23.5,1950.041666666595,2.32,219.89073191489354,14.980707446808506,14542.12560837442,30.43910406063829,1950.0
1950.02,17.21,1.16,2.35333,23.5,1950.1249999999281,2.3408333333333333,224.18954361702123,15.110974468085102,14909.699083467614,30.6561289180851,1950.0
1950.03,17.35,1.17,2.37,23.6,1950.2083333332614,2.361666666666667,225.05559851694912,15.176659957627113,15051.406126788299,30.742465042372878,1950.0
1950.04,17.84,1.18,2.42667,23.6,1950.2916666665947,2.3825,231.41163559322027,15.306374999999996,15561.794826380637,31.477560187499993,1950.0
1950.05,18.44,1.19,2.48333,23.7,1950.374999999928,2.4033333333333333,238.18527848101263,15.37095886075949,16103.44153110231,32.07660778797468,1950.0
1950.06,18.74,1.2,2.54,23.8,1950.4583333332612,2.4241666666666664,241.04324999999992,15.434999999999995,16383.627734668487,32.67074999999999,1950.0
1950.07,17.38,1.24333,2.6,24.1,1950.5416666665944,2.445,220.7674668049792,15.79325745124481,15094.9448406395,33.026203319502066,1950.0
1950.08,18.43,1.28667,2.66,24.3,1950.6249999999277,2.4658333333333333,232.1781820987654,16.209262157407405,15967.50974911206,33.51025308641975,1950.0
1950.09,19.08,1.33,2.72,24.4,1950.708333333261,2.4866666666666664,239.38166803278682,16.686457991803277,16558.543593724386,34.12568852459016,1950.0
1950.1,19.87,1.37667,2.76,24.6,1950.7916666665942,2.5075,247.26639939024383,17.13156688719512,17202.69964906752,34.346012195121936,1950.0
1950.11,19.83,1.42333,2.8,24.7,1950.8749999999275,2.5283333333333333,245.7695678137651,17.640504233805665,17200.835858824074,34.70271255060728,1950.0
1950.12,19.75,1.47,2.84,25,1950.9583333332607,2.549166666666667,241.84072499999994,18.000296999999996,17030.848576763874,34.77608399999999,1950.0
1951.01,21.21,1.48667,2.83667,25.4,1951.041666666594,2.57,255.62851476377952,17.917738993110234,18106.958833397952,34.188295095472434,1951.0
1951.02,22,1.50333,2.83333,25.7,1951.1249999999272,2.5791666666666666,262.05466926070034,17.90702936089494,18667.844103523137,33.74942527529182,1951.0
1951.03,21.63,1.52,2.83,25.8,1951.2083333332605,2.5883333333333334,256.64875290697665,18.03541860465116,18389.810750040957,33.57910174418604,1951.0
1951.04,21.92,1.53333,2.79333,25.8,1951.2916666665938,2.5975,260.08972093023255,18.19358447965116,18745.004885992203,33.143997270348834,1951.0
1951.05,21.93,1.54667,2.75667,25.9,1951.374999999927,2.6066666666666665,259.2037094594594,18.281012371621618,18790.943582816344,32.58272183108108,1951.0
1951.06,21.55,1.56,2.72,25.9,1951.4583333332603,2.6158333333333332,254.7122635135135,18.438567567567567,18576.728539692587,32.149297297297295,1951.0
1951.07,21.93,1.54667,2.65,25.9,1951.5416666665935,2.625,259.2037094594594,18.281012371621618,19015.405843913326,31.32192567567567,1951.0
1951.08,22.89,1.53333,2.58,25.9,1951.6249999999268,2.6341666666666668,270.5505202702702,18.123338979729727,19958.612895002127,30.49455405405405,1951.0
1951.09,23.48,1.52,2.51,26.1,1951.70833333326,2.6433333333333335,275.3974597701149,17.82811494252873,20425.77232290527,29.439847701149418,1951.0
1951.1,23.36,1.48333,2.48667,26.2,1951.7916666665933,2.6525000000000003,272.94421374045794,17.331607044847328,20350.940514675432,29.054888184160305,1951.0
1951.11,22.71,1.44667,2.46333,26.4,1951.8749999999266,2.6616666666666666,263.33922443181814,16.775207213068178,19739.015852736393,28.564130855113632,1951.0
1951.12,23.41,1.41,2.44,26.5,1951.9583333332598,2.6708333333333334,270.43187830188674,16.28829339622641,20372.40009063706,28.186833962264146,1951.0
1952.01,24.19,1.41333,2.42667,26.5,1952.041666666593,2.68,279.4424235849056,16.326761493396223,21153.685115086948,28.032846053773582,1952.0
1952.02,23.75,1.41667,2.41333,26.3,1952.1249999999263,2.6925,276.445936311787,16.489796403992393,21030.874778256828,28.090748272813684,1952.0
1952.03,23.81,1.42,2.4,26.3,1952.2083333332596,2.705,277.1443260456273,16.528557034220526,21188.790820451453,27.93558935361216,1952.0
1952.04,23.74,1.43,2.38,26.4,1952.2916666665928,2.7175000000000002,275.28283522727264,16.58190625,21152.11849236152,27.59785795454545,1952.0
1952.05,23.73,1.44,2.36,26.4,1952.374999999926,2.7300000000000004,275.1668778409091,16.697863636363632,21250.127465999256,27.365943181818174,1952.0
1952.06,24.38,1.45,2.34,26.5,1952.4583333332594,2.7425,281.6372999999999,16.75037264150943,21857.611888164123,27.031635849056595,1952.0
1952.07,25.08,1.45,2.34667,26.7,1952.5416666665926,2.755,287.5534719101123,16.624901685393255,22424.280827972212,26.905626233146062,1952.0
1952.08,25.18,1.45,2.35333,26.7,1952.6249999999259,2.7675,288.70001685393254,16.624901685393255,22621.73013749549,26.98198612640449,1952.0
1952.09,24.78,1.45,2.36,26.7,1952.7083333332591,2.7800000000000002,284.1138370786516,16.624901685393255,22370.926603074622,27.058460674157296,1952.0
1952.1,24.26,1.43667,2.37333,26.7,1952.7916666665924,2.7925,278.15180337078647,16.472067244382018,22009.563464520863,27.211295115168536,1952.0
1952.11,25.03,1.42333,2.38667,26.7,1952.8749999999256,2.805,286.98019943820225,16.319118148876402,22815.74386565487,27.364244210674155,1952.0
1952.12,26.04,1.41,2.4,26.7,1952.958333333259,2.8175,298.56030337078647,16.166283707865166,23843.500605907597,27.517078651685384,1952.0
1953.01,26.18,1.41,2.41,26.6,1953.0416666665922,2.83,301.2939078947368,16.22705921052631,24169.803839681183,27.73561184210526,1953.0
1953.02,25.86,1.41,2.42,26.5,1953.1249999999254,2.8008333333333333,298.73423207547165,16.28829339622641,24073.353860682153,27.955794339622635,1953.0
1953.03,25.99,1.41,2.43,26.6,1953.2083333332587,2.7716666666666665,299.1072828947367,16.22705921052631,24212.386791835474,27.965782894736837,1953.0
1953.04,24.71,1.41333,2.45667,26.6,1953.291666666592,2.83,284.3763355263157,16.26538269078947,23129.655714183533,28.272715993421045,1953.0
1953.05,24.84,1.41667,2.48333,26.7,1953.3749999999252,3.05,284.80176404494375,16.242758255617975,23274.349419501184,28.47249455337078,1953.0
1953.06,23.95,1.42,2.51,26.8,1953.4583333332585,3.11,273.5728964552238,16.220188432835815,22467.173730580547,28.670896455223872,1953.0
1953.07,24.29,1.42,2.52333,26.8,1953.5416666665917,2.93,277.45660354477604,16.220188432835815,22897.130082418375,28.823160618470144,1953.0
1953.08,24.39,1.42,2.53667,26.9,1953.624999999925,2.95,277.5631868029739,16.159890334572488,23017.05890333957,28.867823249999994,1953.0
1953.09,23.27,1.42,2.55,26.9,1953.7083333332582,2.87,264.8173578066914,16.159890334572488,22071.777203127254,29.019521375464677,1953.0
1953.1,23.97,1.43,2.53667,27,1953.7916666665915,2.66,271.7731916666666,16.21341944444444,22764.138151610598,28.760905386111105,1953.0
1953.11,24.5,1.44,2.52333,26.9,1953.8749999999247,2.68,278.81500929368025,16.387494423791818,23468.358364469885,28.716011322490704,1953.0
1953.12,24.83,1.45,2.51,26.9,1953.958333333258,2.59,282.5704767657992,16.501296468401485,23900.208088115403,28.564313197026017,1953.0
1954.01,25.46,1.45667,2.52333,26.9,1954.0416666665913,2.48,289.74000557620815,16.57720243215613,24623.460502069855,28.716011322490704,1954.0
1954.02,26.02,1.46333,2.53667,26.9,1954.1249999999245,2.47,296.1129200743494,16.65299459386617,25282.998021808013,28.867823249999994,1954.0
1954.03,26.57,1.47,2.55,26.9,1954.2083333332578,2.37,302.372032527881,16.728900557620815,25936.449834631454,29.019521375464677,1954.0
1954.04,27.63,1.46333,2.57333,26.8,1954.291666666591,2.29,315.6083143656716,16.71513263339552,27191.293930593558,29.39429401399253,1954.0
1954.05,28.73,1.45667,2.59667,26.9,1954.3749999999243,2.37,326.9532741635687,16.57720243215613,28287.73875180875,29.550635517657987,1954.0
1954.06,28.96,1.45,2.62,26.9,1954.4583333332575,2.38,329.57072118959104,16.501296468401485,28633.1714590402,29.816135687732338,1954.0
1954.07,30.13,1.45667,2.62333,26.9,1954.5416666665908,2.3,342.88556040892183,16.57720243215613,29909.98663271125,29.854031768587358,1954.0
1954.08,30.73,1.46333,2.62667,26.9,1954.624999999924,2.36,349.7136830855018,16.65299459386617,30626.65906465828,29.892041651486984,1954.0
1954.09,31.45,1.47,2.63,26.8,1954.7083333332573,2.38,359.24290578358205,16.791321828358203,31583.737511934767,30.041616604477603,1954.0
1954.1,32.18,1.49333,2.67667,26.8,1954.7916666665906,2.43,367.5814533582089,17.05781267070895,32441.815104259207,30.574712515858206,1954.0
1954.11,33.44,1.51667,2.72333,26.8,1954.8749999999238,2.48,381.97401492537307,17.324417739738802,33839.483873915764,31.107694200559692,1954.0
1954.12,34.97,1.54,2.77,26.7,1954.958333333257,2.51,400.9467668539325,17.65679213483146,35650.65295948327,31.75929494382022,1954.0
1955.01,35.6,1.54667,2.83333,26.7,1955.0416666665903,2.61,408.16999999999996,17.733266682584265,36424.31307717114,32.48540185674157,1955.0
1955.02,36.79,1.55333,2.89667,26.7,1955.1249999999236,2.65,421.8138848314606,17.809626575842696,37774.30879106197,33.211623424157295,1955.0
1955.03,36.5,1.56,2.96,26.7,1955.2083333332569,2.68,418.4889044943819,17.886101123595505,37610.02802437075,33.93773033707865,1955.0
1955.04,37.76,1.56333,3.04667,26.7,1955.2916666665901,2.75,432.9353707865167,17.92428107022472,39042.58626373108,34.931440839887635,1955.0
1955.05,37.6,1.56667,3.13333,26.7,1955.3749999999234,2.76,431.1008988764045,17.96257567134831,39012.14197302539,35.92503668820224,1955.0
1955.06,39.78,1.57,3.22,26.7,1955.4583333332566,2.78,456.09557865168534,18.000755617977525,41409.76319845091,36.918747191011235,1955.0
1955.07,42.69,1.58667,3.29333,26.8,1955.54166666659,2.9,487.6336930970148,18.124004493470146,44410.29307892593,37.61861490951492,1955.0
1955.08,42.43,1.60333,3.36667,26.8,1955.6249999999231,2.97,484.66379944029836,18.314306140858204,44278.810766120405,38.45635337406715,1955.0
1955.09,44.34,1.62,3.44,26.9,1955.7083333332564,2.97,504.59826579925647,18.4359312267658,46240.37922636795,39.147903345724906,1955.0
1955.1,42.11,1.62667,3.5,26.9,1955.7916666665897,2.88,479.22040985130104,18.511837190520446,44056.168749707576,39.83071561338289,1955.0
1955.11,44.95,1.63333,3.56,26.9,1955.874999999923,2.89,511.540190520446,18.58762935223048,47169.82443935769,40.513527881040886,1955.0
1955.12,45.37,1.64,3.62,26.8,1955.9583333332562,2.96,518.2464430970148,18.733175373134323,47932.16820048918,41.350057835820884,1955.0
1956.01,44.15,1.67,3.64333,26.8,1956.0416666665894,2.9,504.31078824626854,19.075855410447755,46790.29724765628,41.61654867817163,1956.0
1956.02,44.43,1.7,3.66667,26.8,1956.1249999999227,2.84,507.50913526119393,19.41853544776119,47237.180796303204,41.88315374720148,1956.0
1956.03,47.49,1.73,3.69,26.8,1956.208333333256,2.96,542.4624990671641,19.761215485074622,50643.79344844863,42.149644589552224,1956.0
1956.04,48.05,1.75333,3.66,26.9,1956.2916666665892,3.18,546.8188243494423,19.953253887546467,51205.73068347642,41.65154832713755,1956.0
1956.05,46.54,1.77667,3.63,27,1956.3749999999225,3.07,527.6731055555555,20.143983163888883,49570.064171872895,41.15714166666666,1956.0
1956.06,46.27,1.8,3.6,27.2,1956.4583333332557,3,520.7543906249999,20.258437499999996,49078.70540614586,40.51687499999999,1956.0
1956.07,48.78,1.81333,3.55333,27.4,1956.541666666589,3.11,544.9963302919707,20.259495604927007,51522.510373846766,39.699709108576634,1956.0
1956.08,48.49,1.82667,3.50667,27.3,1956.6249999999222,3.33,543.7407499999999,20.483293788461534,51565.18083444997,39.32190917307692,1956.0
1956.09,46.84,1.84,3.46,27.4,1956.7083333332555,3.38,523.3216094890511,20.557467153284673,49791.21187284525,38.65697627737226,1956.0
1956.1,46.24,1.80667,3.44333,27.5,1956.7916666665888,3.34,514.7394763636363,20.111686197272725,49134.128286985215,38.33083652999999,1956.0
1956.11,45.76,1.77333,3.42667,27.5,1956.874999999922,3.49,509.3961599999999,19.740548348181814,48781.11222005565,38.14537892454545,1956.0
1956.12,46.44,1.74,3.41,27.6,1956.9583333332553,3.59,515.0927934782608,19.299342391304343,49480.64975202263,37.822274456521725,1956.0
1957.01,45.43,1.73667,3.40667,27.6,1957.0416666665885,3.46,503.89030163043464,19.262407442934776,48558.71838001992,37.78533950815216,1957.0
1957.02,43.47,1.73333,3.40333,27.7,1957.1249999999218,3.34,480.4101958483754,19.155955941335737,46449.830556067485,37.61201821570396,1957.0
1957.03,44.03,1.73,3.4,27.8,1957.208333333255,3.41,484.84869874100707,19.05038039568345,47032.4749049072,37.440053956834525,1957.0
1957.04,45.05,1.73,3.40667,27.9,1957.2916666665883,3.48,494.30264784946223,18.98209946236559,48102.99556821374,37.37904553494623,1957.0
1957.05,46.78,1.73,3.41333,28,1957.3749999999216,3.6,511.4515874999999,18.91430625,49925.22924982181,37.31836355625,1957.0
1957.06,47.55,1.73,3.42,28.1,1957.4583333332548,3.8,518.0200222419927,18.84699555160142,50719.71759378813,37.25822241992881,1957.0
1957.07,48.51,1.74,3.43667,28.3,1957.541666666588,3.93,524.7436404593639,18.82197349823321,51531.604710439766,37.17523658745583,1957.0
1957.08,45.84,1.75,3.45333,28.3,1957.6249999999213,3.93,495.86164664310945,18.93014575971731,48850.21203078743,37.35545157508833,1957.0
1957.09,43.98,1.76,3.47,28.3,1957.7083333332546,3.92,475.741606007067,19.03831802120141,47024.367863842635,37.535774734982326,1957.0
1957.1,41.24,1.77,3.43667,28.3,1957.7916666665878,3.97,446.1024063604239,19.14649028268551,44252.410754087934,37.17523658745583,1957.0
1957.11,40.35,1.78,3.40333,28.4,1957.874999999921,3.72,434.93819102112667,19.186864436619718,43303.55233115894,36.68496142869717,1957.0
1957.12,40.33,1.79,3.37,28.4,1957.9583333332544,3.21,434.7226082746478,19.294655809859155,43442.173781207064,36.32569278169014,1957.0
1958.01,41.12,1.78333,3.29333,28.6,1958.0416666665876,3.09,440.13855944055933,19.088334076048945,44142.35342018475,35.251009775349644,1958.0
1958.02,41.26,1.77667,3.21667,28.6,1958.1249999999209,3.05,441.6370856643356,19.01704704283216,44451.581591384806,34.43045963024475,1958.0
1958.03,42.11,1.77,3.14,28.8,1958.2083333332541,2.98,447.6051744791666,18.814085937499996,45210.08667949284,33.37640104166666,1958.0
1958.04,42.34,1.75667,3.07,28.9,1958.2916666665874,2.88,448.4926764705882,18.607785308823527,45456.350605393825,32.51942647058823,1958.0
1958.05,43.7,1.74333,3.0,28.9,1958.3749999999206,2.92,462.8986764705882,18.466479397058823,47072.421030486184,31.777941176470584,1958.0
1958.06,44.75,1.73,2.93,28.9,1958.458333333254,2.97,474.02095588235284,18.325279411764704,48358.74405368768,31.03645588235294,1958.0
1958.07,45.98,1.73,2.91333,29,1958.5416666665872,3.2,485.3704293103447,18.262088793103445,49671.851795888055,30.7534630887931,1958.0
1958.08,47.7,1.73,2.89667,28.9,1958.6249999999204,3.54,505.26926470588234,18.325279411764704,51864.54041471966,30.683402955882347,1958.0
1958.09,48.96,1.73,2.88,28.9,1958.7083333332537,3.76,518.616,18.325279411764704,53391.300557955205,30.506823529411758,1958.0
1958.1,50.95,1.73667,2.88333,28.9,1958.791666666587,3.8,539.6953676470588,18.395932367647056,55719.23378110327,30.542097044117643,1958.0
1958.11,52.5,1.74333,2.88667,29,1958.8749999999202,3.74,554.1963362068965,18.402801881896547,57374.67142084109,30.472036911206892,1958.0
1958.12,53.49,1.75,2.89,28.9,1958.9583333332534,3.86,566.6006911764705,18.53713235294117,58818.7913017676,30.61275,1958.0
1959.01,55.62,1.75667,2.96333,29,1959.0416666665867,4.02,587.1314327586205,18.54362053189655,61110.504325505586,31.281269123275855,1959.0
1959.02,54.77,1.76333,3.03667,28.9,1959.12499999992,3.96,580.1592794117646,18.678332338235293,60546.82880693033,32.16637354411764,1959.0
1959.03,56.16,1.77,3.11,28.9,1959.2083333332532,3.99,594.8830588235293,18.748985294117645,62246.495582366784,32.94313235294117,1959.0
1959.04,57.1,1.77667,3.20667,29,1959.2916666665865,4.12,602.7544913793103,18.75474294568965,63233.67085167905,33.849995531896546,1959.0
1959.05,57.96,1.78333,3.30333,29,1959.3749999999197,4.31,611.8327551724137,18.825046709482756,64350.62646380581,34.870350157758615,1959.0
1959.06,57.46,1.79,3.4,29.1,1959.458333333253,4.34,604.4703144329895,18.830523195876285,63741.312877631084,35.76747422680411,1959.0
1959.07,59.74,1.79667,3.41,29.2,1959.5416666665863,4.4,626.3033167808219,18.83596217208904,66209.1208266297,35.74982106164383,1959.0
1959.08,59.4,1.80333,3.42,29.2,1959.6249999999195,4.43,622.7388184931506,18.905784403253424,65998.8536701846,35.85465924657534,1959.0
1959.09,57.05,1.81,3.43,29.3,1959.7083333332528,4.68,596.0605418088735,18.910947952218425,63338.465040734474,35.83676877133105,1959.0
1959.1,57,1.81667,3.41667,29.4,1959.791666666586,4.53,593.5124999999999,18.916076374999996,63235.2102270572,35.57607637499999,1959.0
1959.11,57.23,1.82333,3.40333,29.4,1959.8749999999193,4.53,595.9073749999999,18.985423624999996,63658.93513362149,35.43717362499999,1959.0
1959.12,59.06,1.83,3.39,29.4,1959.9583333332525,4.69,614.9622499999999,19.054875,65864.13937794098,35.298375,1959.0
1960.01,58.03,1.86667,3.39,29.3,1960.0416666665858,4.72,606.2996186006825,19.503038239761086,65110.416918628034,35.41884726962457,1960.0
1960.02,55.78,1.90333,3.39,29.4,1960.124999999919,4.49,580.8092499999999,19.818423624999994,62550.368508062,35.298375,1960.0
1960.03,55.02,1.94,3.39,29.4,1960.2083333332523,4.25,572.8957499999999,20.200249999999997,61879.41170471568,35.298375,1960.0
1960.04,55.73,1.94333,3.34667,29.5,1960.2916666665856,4.28,578.3215449152541,20.166330663559318,62646.9772763955,34.72907526864407,1960.0
1960.05,55.22,1.94667,3.30333,29.5,1960.3749999999188,4.35,573.0291711864406,20.200990522881348,62256.035070406964,34.2793272737288,1960.0
1960.06,57.26,1.95,3.26,29.6,1960.458333333252,4.15,592.1912381756755,20.16718327702702,64520.46031353583,33.715393581081074,1960.0
1960.07,55.84,1.95,3.26333,29.6,1960.5416666665853,3.9,577.5053918918918,20.16718327702702,63103.51167846299,33.749832924831075,1960.0
1960.08,56.51,1.95,3.26667,29.6,1960.6249999999186,3.8,584.4346292229728,20.16718327702702,64044.300959844084,33.78437569003378,1960.0
1960.09,54.81,1.95,3.27,29.6,1960.7083333332519,3.8,566.8529822635134,20.16718327702702,62301.81090983947,33.81881503378377,1960.0
1960.1,53.73,1.95,3.27,29.8,1960.7916666665851,3.89,551.9540461409393,20.03183305369127,60847.76708554646,33.59184312080536,1960.0
1960.11,55.47,1.95,3.27,29.8,1960.8749999999184,3.93,569.8286048657717,20.03183305369127,63002.296712947405,33.59184312080536,1960.0
1960.12,56.8,1.95,3.27,29.8,1960.9583333332516,3.84,583.4913422818789,20.03183305369127,64697.46397171923,33.59184312080536,1960.0
1961.01,59.72,1.94667,3.21,29.8,1961.041666666585,3.84,613.4877281879194,19.997624846476505,68208.23825246877,32.975479026845626,1961.0
1961.02,62.17,1.94333,3.15,29.8,1961.1249999999181,3.78,638.655928691275,19.96331391191275,71191.42830642298,32.3591149328859,1961.0
1961.03,64.12,1.94,3.09,29.8,1961.2083333332514,3.74,658.6877617449663,19.92910570469798,73609.51687176099,31.742750838926167,1961.0
1961.04,65.83,1.94,3.07,29.8,1961.2916666665847,3.78,676.2541384228186,19.92910570469798,75758.18310816635,31.53729614093959,1961.0
1961.05,66.5,1.94,3.05,29.8,1961.374999999918,3.71,683.136870805369,19.92910570469798,76715.27798312143,31.33184144295301,1961.0
1961.06,65.62,1.94,3.03,29.8,1961.4583333332512,3.88,674.0968640939595,19.92910570469798,75886.59916581001,31.126386744966435,1961.0
1961.07,65.44,1.94667,3.03667,30,1961.5416666665844,3.92,667.7661199999999,19.864307347499995,75360.26667919575,30.986939847499993,1961.0
1961.08,67.79,1.95333,3.04333,29.9,1961.6249999999177,4.04,694.059639632107,19.99893075501672,78515.68340053724,31.15876269481605,1961.0
1961.09,67.26,1.96,3.05,30,1961.708333333251,3.98,686.3378549999999,20.000329999999998,77830.69966311932,31.12296249999999,1961.0
1961.1,68,1.98,3.09667,30,1961.7916666665842,3.92,693.8889999999998,20.204414999999994,78877.9310516879,31.599194847499994,1961.0
1961.11,71.08,2.0,3.14333,30,1961.8749999999175,3.94,725.3180899999999,20.408499999999997,82643.96560288125,32.07532515249999,1961.0
1961.12,71.74,2.02,3.19,30,1961.9583333332507,4.06,732.0528949999997,20.612585,83607.06002476811,32.551557499999994,1961.0
1962.01,69.07,2.02667,3.25,30,1962.041666666584,4.08,704.8075474999998,20.680647347499995,80692.22139121505,33.16381249999999,1962.0
1962.02,70.22,2.03333,3.31,30.1,1962.1249999999172,4.04,714.161895348837,20.679675401162783,81960.48323504302,33.66385465116279,1962.0
1962.03,70.29,2.04,3.37,30.1,1962.2083333332505,3.93,714.8738197674417,20.74751162790697,82240.61020707963,34.274075581395344,1962.0
1962.04,68.05,2.04667,3.40333,30.2,1962.2916666665838,3.84,689.8005422185429,20.746422861754965,79555.01956700874,34.49844054884105,1962.0
1962.05,62.99,2.05333,3.43667,30.2,1962.374999999917,3.87,638.5089809602648,20.813933098509928,73839.57984158474,34.83639719950331,1962.0
1962.06,55.63,2.06,3.47,30.2,1962.4583333332503,3.91,563.9030736754967,20.88154470198675,65413.10717775571,35.17425248344371,1962.0
1962.07,56.97,2.06667,3.49,30.3,1962.5416666665835,4.01,575.5803193069306,20.88001717574257,66969.51617979437,35.2602301980198,1962.0
1962.08,58.52,2.07333,3.51,30.3,1962.6249999999168,3.98,591.240306930693,20.94730460643564,68994.67987402706,35.46229455445544,1962.0
1962.09,58,2.08,3.53,30.4,1962.70833333325,3.98,584.0590460526315,20.945565789473683,68360.35052642458,35.54704194078947,1962.0
1962.1,56.17,2.09667,3.57667,30.4,1962.7916666665833,3.93,565.6309761513157,21.113432415296053,66409.39621403658,36.01700807319078,1962.0
1962.11,60.04,2.11333,3.62333,30.4,1962.8749999999166,3.92,604.6018124999999,21.28119834128289,71193.08461454822,36.48687350575657,1962.0
1962.12,62.64,2.13,3.67,30.4,1962.9583333332498,3.86,630.783769736842,21.449064967105258,74486.53552255801,36.95683963815789,1962.0
1963.01,65.06,2.13667,3.68333,30.4,1963.041666666583,3.83,655.1531299342104,21.516231757401314,77575.9381106674,37.09107251891447,1963.0
1963.02,65.92,2.14333,3.69667,30.4,1963.1249999999163,3.92,663.8133157894736,21.58329784786184,78814.35203208972,37.22540609950657,1963.0
1963.03,65.67,2.15,3.71,30.5,1963.2083333332496,3.93,659.1276368852458,21.57947950819672,78471.53322540339,37.23714836065573,1963.0
1963.04,68.76,2.16667,3.75333,30.5,1963.2916666665828,3.97,690.1418655737704,21.74679575163934,82379.64241896139,37.67205015,1963.0
1963.05,70.14,2.18333,3.79667,30.5,1963.374999999916,3.93,703.9928803278688,21.914011625409834,84250.96879953705,38.10705230901639,1963.0
1963.06,70.11,2.2,3.84,30.6,1963.4583333332494,3.99,701.3921249999999,22.009166666666662,84159.21831463346,38.41599999999998,1963.0
1963.07,69.07,2.20333,3.88,30.7,1963.5416666665826,4.02,688.737017100977,21.970680930781754,82860.43311552504,38.6897296416938,1963.0
1963.08,70.98,2.20667,3.92,30.7,1963.6249999999159,4,707.7827345276872,22.003986007328987,85372.3856744639,39.08859283387621,1963.0
1963.09,72.85,2.21,3.96,30.7,1963.7083333332491,4.08,726.4295887622148,22.03719136807817,87843.06909100793,39.487456026058624,1963.0
1963.1,73.03,2.23333,3.98,30.8,1963.7916666665824,4.11,725.8601079545452,22.197523687499995,87997.89016435522,39.55803409090908,1963.0
1963.11,72.62,2.25667,4.0,30.8,1963.8749999999156,4.12,721.785034090909,22.429504721590906,87730.4573504301,39.756818181818176,1963.0
1963.12,74.17,2.28,4.02,30.9,1963.958333333249,4.13,734.8050703883493,22.588048543689318,89541.78897474988,39.82629611650484,1963.0
1964.01,76.45,2.29667,4.07333,30.9,1964.0416666665822,4.17,757.3931189320388,22.75319888106796,92525.37542798098,40.354638497572815,1964.0
1964.02,77.39,2.31333,4.12667,30.9,1964.1249999999154,4.15,766.7057354368931,22.91825014805825,93896.34551907149,40.88307994902912,1964.0
1964.03,78.8,2.33,4.18,30.9,1964.2083333332487,4.22,780.6746601941746,23.08340048543689,95842.66142039609,41.41142233009708,1964.0
1964.04,79.94,2.34667,4.23,30.9,1964.291666666582,4.23,791.9686844660192,23.24855082281553,97467.06783590626,41.906774271844654,1964.0
1964.05,80.72,2.36333,4.28,30.9,1964.3749999999152,4.2,799.6961747572815,23.41360208980582,98658.20973438505,42.402126213592226,1964.0
1964.06,80.24,2.38,4.33,31,1964.4583333332484,4.17,792.3764709677417,23.502691935483867,97996.80719698008,42.75909919354838,1964.0
1964.07,83.22,2.4,4.37667,31.1,1964.5416666665817,4.19,819.1617540192924,23.623987138263658,101552.93899151999,43.08099824517684,1964.0
1964.08,82,2.42,4.42333,31,1964.624999999915,4.19,809.7566129032256,23.89769516129032,100633.85357274508,43.68074047016128,1964.0
1964.09,83.41,2.44,4.47,31.1,1964.7083333332482,4.2,821.0319863344049,24.01772025723472,102283.85626432027,43.999676045016066,1964.0
1964.1,84.85,2.46,4.49667,31.1,1964.7916666665815,4.19,835.2063786173632,24.21458681672025,104301.08373770246,44.26219760209002,1964.0
1964.11,85.44,2.48,4.52333,31.2,1964.8749999999147,4.15,838.3183846153845,24.333211538461534,104942.9418138696,44.381913608173065,1964.0
1964.12,83.96,2.5,4.55,31.2,1964.958333333248,4.18,823.7969519230767,24.529447115384613,103380.99845002787,44.643593749999994,1964.0
1965.01,86.12,2.51667,4.59333,31.2,1965.0416666665812,4.19,844.9903942307692,24.693009468749995,106298.86741262313,45.06873812740384,1965.0
1965.02,86.75,2.53333,4.63667,31.2,1965.1249999999145,4.21,851.171814903846,24.856473704326916,107337.05980639717,45.49398062259615,1965.0
1965.03,86.83,2.55,4.68,31.3,1965.2083333332478,4.21,849.2348506389775,24.940099840255584,107354.88820829852,45.77241853035142,1965.0
1965.04,87.97,2.57,4.73333,31.4,1965.291666666581,4.2,857.6444641719744,25.055658439490443,108681.92638950168,46.1465757826433,1965.0
1965.05,89.28,2.59,4.78667,31.4,1965.3749999999143,4.21,870.416025477707,25.250644108280248,110567.00659884558,46.66660256130572,1965.0
1965.06,85.04,2.61,4.84,31.6,1965.4583333332475,4.21,823.8317278481012,25.284581487341764,104917.16082534175,46.887882911392396,1965.0
1965.07,84.91,2.62667,4.88667,31.6,1965.5416666665808,4.2,822.5723425632909,25.44607343117088,105026.82685303221,47.34000222863923,1965.0
1965.08,86.49,2.64333,4.93333,31.6,1965.624999999914,4.25,837.8787175632909,25.607468499208856,107253.62503086649,47.792024670094925,1965.0
1965.09,89.38,2.66,4.98,31.6,1965.7083333332473,4.29,865.8758212025314,25.768960443037972,111112.30846117882,48.244143987341765,1965.0
1965.1,91.39,2.68,5.05,31.7,1965.7916666665806,4.35,882.5549597791796,25.880810725552045,113529.39559753313,48.76794558359621,1965.0
1965.11,92.15,2.7,5.12,31.7,1965.8749999999138,4.45,889.8942941640378,26.073951104100946,114753.01365928575,49.44393690851734,1965.0
1965.12,91.73,2.72,5.19,31.8,1965.958333333247,4.62,883.0526910377357,26.18449056603773,114152.15711537369,49.96231839622641,1965.0
1966.01,93.32,2.74,5.24,31.8,1966.0416666665803,4.61,898.3590660377356,26.377023584905658,116414.95742448507,50.443650943396214,1966.0
1966.02,92.69,2.76,5.29,32,1966.1249999999136,4.83,886.7174367187498,26.40349687499999,115191.49011314705,50.606702343749994,1966.0
1966.03,88.88,2.78,5.34,32.1,1966.2083333332469,4.87,847.620317757009,26.51197663551401,110399.47966896671,50.92588317757008,1966.0
1966.04,91.6,2.79667,5.38,32.3,1966.29166666658,4.75,868.1510526315788,26.505807907894734,113361.22407057992,50.98965789473683,1966.0
1966.05,86.78,2.81333,5.42,32.3,1966.3749999999134,4.78,822.4688684210525,26.66370525,107686.28714579112,51.36876315789473,1966.0
1966.06,86.06,2.83,5.46,32.4,1966.4583333332466,4.81,813.1275509259259,26.73891435185185,106754.96849438445,51.58815277777777,1966.0
1966.07,85.84,2.85,5.47667,32.5,1966.5416666665799,5.02,808.5533723076921,26.84502692307692,106448.13312309557,51.586439859230765,1966.0
1966.08,80.65,2.87,5.49333,32.7,1966.6249999999131,5.22,755.0208830275228,26.868071100917426,99695.21398190572,51.426892341743105,1966.0
1966.09,77.81,2.89,5.51,32.7,1966.7083333332464,5.18,728.4336628440365,27.055305045871556,96482.26324405115,51.58295183486237,1966.0
1966.1,77.13,2.88333,5.52333,32.9,1966.7916666665797,5.01,717.678239361702,26.82877217553191,95353.81565389132,51.393410473404245,1966.0
1966.11,80.99,2.87667,5.53667,32.9,1966.874999999913,5.16,753.5947180851061,26.766802292553187,100422.19609596455,51.51753633510638,1966.0
1966.12,81.33,2.87,5.55,32.9,1966.9583333332462,4.84,756.7583457446807,26.704739361702124,101140.32411883463,51.641569148936156,1966.0
1967.01,84.45,2.88,5.51667,32.9,1967.0416666665794,4.58,785.7892819148935,26.79778723404255,105318.75137863157,51.33144059042552,1967.0
1967.02,87.36,2.89,5.48333,32.9,1967.1249999999127,4.63,812.8662127659574,26.890835106382976,109248.1987731708,51.02121898404254,1967.0
1967.03,89.42,2.9,5.45,33,1967.208333333246,4.54,829.5127590909088,26.90211363636363,111786.77456528936,50.55742045454544,1967.0
1967.04,90.96,2.9,5.41,33.1,1967.2916666665792,4.59,841.2494682779454,26.820838368580052,113669.63905163114,50.03473640483382,1967.0
1967.05,92.59,2.9,5.37,33.2,1967.3749999999125,4.85,853.7453381024095,26.740052710843365,115659.17416658069,49.51520105421686,1967.0
1967.06,91.43,2.9,5.33,33.3,1967.4583333332457,5.02,840.5176373873874,26.65975225225225,114168.15437422699,48.99878603603603,1967.0
1967.07,93.01,2.90667,5.32,33.4,1967.541666666579,5.16,852.482598053892,26.641066479790418,116094.92051646068,48.76042814371257,1967.0
1967.08,94.49,2.91333,5.31,33.5,1967.6249999999122,5.28,863.462312686567,26.62240088283582,117892.31739073033,48.52349328358208,1967.0
1967.09,95.81,2.92,5.3,33.6,1967.7083333332455,5.3,872.9189218749998,26.60393749999999,119486.16602233255,48.28796874999998,1967.0
1967.1,95.66,2.92,5.31,33.7,1967.7916666665787,5.48,868.9660727002964,26.524994065281888,119247.65974893908,48.23552002967357,1967.0
1967.11,92.66,2.92,5.32,33.8,1967.874999999912,5.75,839.2240872781064,26.446517751479284,115468.62262825192,48.183381656804734,1967.0
1967.12,95.3,2.92,5.33,33.9,1967.9583333332453,5.7,860.5885176991148,26.368504424778756,118710.4853231129,48.13155088495574,1967.0
1968.01,95.04,2.93,5.36667,34.1,1968.0416666665785,5.53,853.2069677419353,26.30362390029325,117994.62902020288,48.17845367815248,1968.0
1968.02,90.75,2.94,5.40333,34.2,1968.1249999999118,5.56,812.3120065789471,26.316223684210517,112642.3270313834,48.365728203947356,1968.0
1968.03,89.09,2.95,5.44,34.3,1968.208333333245,5.74,795.12825,26.32875,110563.72421760476,48.55199999999999,1968.0
1968.04,95.67,2.96333,5.48333,34.4,1968.2916666665783,5.64,851.3726140988371,26.370837342296507,118690.15899081287,48.796456528343015,1968.0
1968.05,97.87,2.97667,5.52667,34.5,1968.3749999999116,5.87,868.4260413043477,26.41276943260869,121374.43447582825,49.039584649999995,1968.0
1968.06,100.5,2.99,5.57,34.7,1968.4583333332448,5.72,886.6228746397692,26.37813328530259,124224.91663754344,49.13919812680114,1968.0
1968.07,100.3,3.00333,5.6,34.9,1968.541666666578,5.5,879.787628939828,26.343894113896845,123574.81630788234,49.12074498567334,1968.0
1968.08,98.11,3.01667,5.63,35,1968.6249999999113,5.42,858.1191149999999,26.385304154999993,120840.1002342281,49.242794999999994,1968.0
1968.09,101.3,3.03,5.66,35.1,1968.7083333332446,5.46,883.496175213675,26.426391025641017,124723.80404641331,49.364149572649566,1968.0
1968.1,103.8,3.04333,5.69333,35.3,1968.7916666665778,5.58,900.1709490084985,26.392266418555238,127388.27874829328,49.37350933640226,1968.0
1968.11,105.4,3.05667,5.72667,35.4,1968.874999999911,5.7,911.4643644067795,26.433071904661013,129298.19824191899,49.522349447033896,1968.0
1968.12,106.5,3.07,5.76,35.5,1968.9583333332444,6.03,918.3824999999998,26.47356126760563,130592.54518647585,49.67026478873238,1968.0
1969.01,102,3.08,5.78,35.6,1969.0416666665776,6.04,877.1068820224717,26.485188202247187,125037.0633172759,49.702723314606736,1969.0
1969.02,101.5,3.09,5.8,35.8,1969.1249999999109,6.19,867.9313198324021,26.42273673184357,124042.92347192306,49.59607541899441,1969.0
1969.03,99.3,3.1,5.82,36.1,1969.2083333332441,6.3,842.0626246537395,26.287957063711907,120658.90879772598,49.35351939058171,1969.0
1969.04,101.3,3.11,5.82667,36.3,1969.2916666665774,6.17,854.2896900826445,26.227452479338837,122724.0984537688,49.13784904752066,1969.0
1969.05,104.6,3.12,5.83333,36.4,1969.3749999999106,6.32,879.6960576923075,26.239499999999996,126688.0057570804,49.05886619711538,1969.0
1969.06,99.14,3.13,5.84,36.6,1969.458333333244,6.57,829.2207745901637,26.179756147540978,119733.07572421247,48.84657377049179,1969.0
1969.07,94.71,3.13667,5.85667,36.8,1969.5416666665772,6.72,787.8623783967389,26.092960473505432,114075.21122539086,48.71977569089674,1969.0
1969.08,94.18,3.14333,5.87333,37,1969.6249999999104,6.69,779.2185932432432,26.007020393918914,113137.4688708478,48.59426566418918,1969.0
1969.09,94.51,3.15,5.89,37.1,1969.7083333332437,7.16,779.8412405660375,25.991957547169807,113542.36180096999,48.60083490566036,1969.0
1969.1,95.52,3.15333,5.85333,37.3,1969.791666666577,7.1,783.9490294906165,25.879920363941014,114454.44530299857,48.03928363471849,1969.0
1969.11,96.21,3.15667,5.81667,37.5,1969.8749999999102,7.14,785.4007139999998,25.769159877999993,114979.90631907698,47.483803877999996,1969.0
1969.12,91.11,3.16,5.78,37.7,1969.9583333332434,7.65,739.8216584880635,25.65949336870026,108620.33096873281,46.93413660477453,1969.0
1970.01,90.31,3.16333,5.73,37.8,1970.0416666665767,7.79,731.3855694444444,25.618579486111113,107695.19012217053,46.40504166666666,1970.0
1970.02,87.16,3.16667,5.68,38,1970.12499999991,7.24,702.1598131578946,25.51065185328947,103704.7839307581,45.758005263157884,1970.0
1970.03,88.65,3.17,5.63,38.2,1970.2083333332432,7.07,710.4241590314134,25.403774214659677,105238.04353818309,45.11774410994763,1970.0
1970.04,85.95,3.17333,5.59333,38.5,1970.2916666665765,7.39,683.4197045454545,25.232300768181815,101549.243319747,44.47460076818181,1970.0
1970.05,76.06,3.17667,5.55667,38.6,1970.3749999999097,7.91,603.2139287564765,25.193420865932637,89943.4349811433,44.06863977784973,1970.0
1970.06,75.59,3.18,5.52,38.8,1970.458333333243,7.84,596.3963331185566,25.08983118556701,89238.6394135031,43.55215979381442,1970.0
1970.07,75.72,3.18333,5.46667,39,1970.5416666665762,7.46,594.3583153846153,24.987303963461535,89245.2616669651,42.910205651923064,1970.0
1970.08,77.92,3.18667,5.41333,39,1970.6249999999095,7.53,611.6270461538461,25.013521036538457,92151.22013897178,42.491517425,1970.0
1970.09,82.58,3.19,5.36,39.2,1970.7083333332428,7.39,644.8981874999998,24.911906249999994,97476.8209344638,41.85824999999999,1970.0
1970.1,84.37,3.17333,5.28333,39.4,1970.791666666576,7.33,655.5324156091369,24.655928415609132,99394.75552694143,41.05006610596446,1970.0
1970.11,84.28,3.15667,5.20667,39.6,1970.8749999999093,6.84,651.5259015151514,24.402613520833327,99095.60606137116,40.25012299053029,1970.0
1970.12,90.05,3.14,5.13,39.8,1970.9583333332425,6.39,692.6326978643216,24.151767587939695,105653.97525499361,39.45814258793969,1970.0
1971.01,93.49,3.13,5.16,39.8,1971.0416666665758,6.24,719.0919591708541,24.07485113065326,109996.09356063331,39.688891959798994,1971.0
1971.02,97.11,3.12,5.19,39.9,1971.124999999909,6.11,745.0636973684209,23.93778947368421,114274.0049594397,39.819592105263155,1971.0
1971.03,99.6,3.11,5.22,40,1971.2083333332423,5.7,762.2574749999998,23.801413124999993,117215.3088213871,39.94963874999999,1971.0
1971.04,103,3.10667,5.25333,40.1,1971.2916666665756,5.83,786.3125311720696,23.716636419576055,121218.26540300068,40.1044583435162,1971.0
1971.05,101.6,3.10333,5.28667,40.3,1971.3749999999088,6.39,771.7755334987592,23.573564629652605,119280.07836257102,40.15868661104218,1971.0
1971.06,99.72,3.1,5.32,40.6,1971.458333333242,6.52,751.8973965517239,23.374267241379304,116508.90297426825,40.11325862068965,1971.0
1971.07,99,3.09667,5.35667,40.7,1971.5416666665753,6.73,744.6344594594592,23.29178981388206,115684.24911075669,40.2905158581081,1971.0
1971.08,97.24,3.09333,5.39333,40.8,1971.6249999999086,6.58,729.6038749999999,23.209641656249996,113649.62300164482,40.46682915624999,1971.0
1971.09,99.4,3.09,5.43,40.8,1971.7083333332419,6.14,745.810625,23.184656249999996,116475.0853999015,40.74196875,1971.0
1971.1,97.29,3.08333,5.52,40.9,1971.791666666575,5.93,728.1942414425428,23.078046566625915,114024.23760517295,41.31598533007334,1971.0
1971.11,92.78,3.07667,5.61,40.9,1971.8749999999084,5.81,694.4378838630805,23.028197932151585,109038.99007366983,41.98961552567237,1971.0
1971.12,99.17,3.07,5.7,41.1,1971.9583333332416,5.93,738.6536295620436,22.866458029197073,116280.84471716761,42.45563868613138,1971.0
1972.01,103.3,3.07,5.73667,41.1,1972.0416666665749,5.95,769.4153467153283,22.866458029197073,121423.4120741174,42.72876996167882,1972.0
1972.02,105.2,3.07,5.77333,41.3,1972.1249999999081,6.08,779.7727118644067,22.75572457627118,123357.19608259384,42.793585461864396,1972.0
1972.03,107.7,3.07,5.81,41.4,1972.2083333332414,6.07,796.3751630434782,22.70075905797101,126282.90801082378,42.961371376811584,1972.0
1972.04,108.8,3.07,5.86333,41.5,1972.2916666665747,6.19,802.570409638554,22.646058433734932,127564.55429103831,43.251242278915655,1972.0
1972.05,107.7,3.07,5.91667,41.6,1972.374999999908,6.13,792.5464362980769,22.591620793269225,126270.52927363144,43.53979315925479,1972.0
1972.06,108,3.07,5.97,41.7,1972.4583333332412,6.11,792.8482014388488,22.53744424460431,126617.83421696161,43.82688669064747,1972.0
1972.07,107.2,3.07333,6.02667,41.9,1972.5416666665744,6.11,783.2188066825775,22.45419640990453,125378.84803541028,44.031728411097845,1972.0
1972.08,111,3.07667,6.08333,42,1972.6249999999077,6.21,809.0512499999999,22.425078462499997,129813.29789476744,44.339871537499995,1972.0
1972.09,109.4,3.08,6.14,42.1,1972.708333333241,6.55,795.4952137767219,22.39602612826603,127937.67060798677,44.646623515439416,1972.0
1972.1,109.6,3.10333,6.23333,42.3,1972.7916666665742,6.48,793.1814184397163,22.45897528546099,127866.5503345039,45.11096287411347,1972.0
1972.11,115.1,3.12667,6.32667,42.4,1972.8749999999075,6.28,831.0206426886791,22.574520528891505,134269.77006805467,45.67848279304244,1972.0
1972.12,117.5,3.15,6.42,42.5,1972.9583333332407,6.36,846.3524999999997,22.689449999999997,137052.46936574962,46.243259999999985,1972.0
1973.01,118.4,3.15667,6.54667,42.6,1973.041666666574,6.46,850.8332394366195,22.684119610915488,138084.1584334985,47.04496996302816,1973.0
1973.02,114.2,3.16333,6.67333,42.9,1973.1249999999072,6.64,814.9128321678321,22.573014092657342,132559.81944526112,47.61980954720279,1973.0
1973.03,112.4,3.17,6.8,43.3,1973.2083333332405,6.71,794.6589145496534,22.411643764434174,129568.96944829369,48.07545034642031,1973.0
1973.04,110.3,3.18667,6.94333,43.6,1973.2916666665737,6.67,774.4464048165136,22.37447982626146,126577.3368268757,48.75101501318805,1973.0
1973.05,107.2,3.20333,7.08667,43.9,1973.374999999907,6.85,747.5368564920273,22.337754090546692,122483.42171049546,49.417416182801816,1973.0
1973.06,104.8,3.22,7.23,44.2,1973.4583333332403,6.9,725.8407692307691,22.30159615384615,119233.0405859046,50.07470192307691,1973.0
1973.07,105.8,3.23667,7.38333,44.3,1973.5416666665735,7.13,731.1126297968395,22.36644910665914,120405.21908392504,51.02122696557561,1973.0
1973.08,103.8,3.25333,7.53667,45.1,1973.6249999999068,7.4,704.5683924611972,22.08278890410199,116336.77462782477,51.157027614745,1973.0
1973.09,105.6,3.27,7.69,45.2,1973.70833333324,7.09,715.2005309734511,22.1468346238938,118397.06618571185,52.0823113938053,1973.0
1973.1,109.8,3.30667,7.84667,45.6,1973.7916666665733,6.79,737.1227960526314,22.198741675986838,122332.4016684431,52.677225228618404,1973.0
1973.11,102,3.34333,8.00333,45.9,1973.8749999999065,6.73,680.2833333333332,22.29815369444444,113207.74501399833,53.37776480555554,1973.0
1973.12,94.78,3.38,8.16,46.2,1973.9583333332398,6.74,628.0252045454544,22.396340909090902,104821.91805784777,54.06927272727271,1973.0
1974.01,96.11,3.4,8.22667,46.6,1974.041666666573,6.99,631.3715456008582,22.33548283261802,105691.10912941232,54.043131339592264,1974.0
1974.02,93.45,3.42,8.29333,47.2,1974.1249999999063,6.96,606.093535487288,22.181272245762706,101769.0170787354,53.78848261811439,1974.0
1974.03,97.44,3.44,8.36,47.8,1974.2083333332396,7.21,624.0389874476987,22.0309330543933,105090.50090265083,53.54029079497907,1974.0
1974.04,92.46,3.46,8.48667,48,1974.2916666665728,7.51,589.6780968749998,22.066690624999996,99613.67444430589,54.12506396718749,1974.0
1974.05,89.67,3.48,8.61333,48.6,1974.374999999906,7.58,564.8241342592592,21.920240740740734,95723.70197332991,54.25467447685184,1974.0
1974.06,89.79,3.5,8.74,49,1974.4583333332394,7.54,560.963025,21.866249999999994,95378.15523233199,54.603149999999985,1974.0
1974.07,79.31,3.53,8.86333,49.4,1974.5416666665726,7.81,491.47716649797565,21.87510273279352,83873.71471540077,54.925284505566786,1974.0
1974.08,76.03,3.56,8.98667,50,1974.6249999999059,8.04,465.4974764999999,21.796277999999997,79750.08766101827,55.02133640849999,1974.0
1974.09,68.12,3.59,9.11,50.6,1974.7083333332391,8.04,412.12263438735175,21.719322628458492,70915.87182093825,55.115049901185756,1974.0
1974.1,69.44,3.59333,9.03667,51.1,1974.7916666665724,7.9,415.99791780821903,21.52675400342465,71891.39410346789,54.136461749999995,1974.0
1974.11,71.74,3.59667,8.96333,51.5,1974.8749999999056,7.68,426.4385796116503,21.37940961990291,74003.60827174547,53.280035040291246,1974.0
1974.12,67.07,3.6,8.89,51.9,1974.958333333239,7.43,395.6063858381502,21.234277456647394,68960.10940204107,52.43686849710982,1974.0
1975.01,72.56,3.62333,8.74333,52.1,1975.0416666665722,7.5,426.34570825335885,21.289845577255274,74627.69454973895,51.37377647936659,1975.0
1975.02,80.1,3.64667,8.59667,52.5,1975.1249999999054,7.39,467.0630999999999,21.263732769999994,82065.04791249789,50.12718276999998,1975.0
1975.03,83.78,3.67,8.45,52.7,1975.2083333332387,7.73,486.66720967741924,21.318556451612896,85821.72353729361,49.084959677419334,1975.0
1975.04,84.72,3.68333,8.28667,52.9,1975.291666666572,8.23,490.2669527410207,21.315096494801512,86769.75880940727,47.95420738043478,1975.0
1975.05,90.1,3.69667,8.12333,53.2,1975.3749999999052,8.06,518.4602960526314,21.271660628289467,92073.27965621308,46.74388542434209,1975.0
1975.06,92.4,3.71,7.96,53.6,1975.4583333332384,7.86,527.7272574626865,21.189048973880592,94032.57780599204,45.462218283582075,1975.0
1975.07,92.49,3.71,7.89333,54.2,1975.5416666665717,8.06,522.3935880996308,20.954483856088554,93393.34924590267,44.58238707702951,1975.0
1975.08,85.71,3.71,7.82667,54.3,1975.624999999905,8.4,483.20788259668495,20.915893646408836,86699.35341759307,44.12447367265193,1975.0
1975.09,84.67,3.71,7.76,54.6,1975.7083333332382,8.43,474.7218942307692,20.80097115384615,85487.77589634765,43.50823076923076,1975.0
1975.1,88.57,3.7,7.82667,54.9,1975.7916666665715,8.14,493.8745478142075,20.63154371584699,89246.3901738373,43.642238987704914,1975.0
1975.11,90.07,3.69,7.89333,55.3,1975.8749999999047,8.05,498.6058575949366,20.426952531645565,90408.97617043748,43.69557648417721,1975.0
1975.12,88.7,3.68,7.96,55.5,1975.958333333238,8,489.25241891891886,20.29818378378378,89019.68914946508,43.905854054054046,1975.0
1976.01,96.86,3.68333,8.19333,55.6,1976.0416666665712,7.74,533.3005332733811,20.280010873651076,97341.75899590107,45.11157607149279,1976.0
1976.02,100.6,3.68667,8.42667,55.8,1976.1249999999045,7.79,551.9072849462365,20.225646423387094,101045.63791676318,46.23002545564515,1976.0
1976.03,101.1,3.69,8.66,55.9,1976.2083333332378,7.73,553.6581440071556,20.20770080500894,101674.50261028894,47.42511896243291,1976.0
1976.04,101.9,3.71333,8.85667,56.1,1976.291666666571,7.56,556.0497727272726,20.262966659090903,102423.7975553306,48.32923788636362,1976.0
1976.05,101.2,3.73667,9.05333,56.5,1976.3749999999043,7.9,548.320407079646,20.245972485398227,101310.83028079088,49.05262441725663,1976.0
1976.06,101.8,3.76,9.25,56.8,1976.4583333332375,7.86,548.6580897887324,20.26477816901408,101685.24222094765,49.853510123239424,1976.0
1976.07,104.2,3.79,9.35,57.1,1976.5416666665708,7.83,558.6424781085814,20.319145796847632,103849.51308229355,50.127707968476344,1976.0
1976.08,103.3,3.82,9.45,57.4,1976.624999999904,7.77,550.9228353658535,20.372945121951215,102730.06526263438,50.39903963414633,1976.0
1976.09,105.5,3.85,9.55,57.6,1976.7083333332373,7.59,560.7022786458332,20.461647135416666,104871.58424275542,50.75551432291665,1976.0
1976.1,101.9,3.91667,9.67,57.9,1976.7916666665706,7.41,538.7632512953368,20.708124273316056,101090.95742447065,51.12699352331605,1976.0
1976.11,101.2,3.98333,9.79,58,1976.8749999999038,7.29,534.1397068965516,21.024256113362064,100552.15858416358,51.672210775862055,1976.0
1976.12,104.7,4.05,9.91,58.2,1976.958333333237,6.87,550.7139046391752,21.302686855670096,104006.44953385435,52.125833762886586,1976.0
1977.01,103.8,4.09667,9.96667,58.5,1977.0416666665703,7.21,543.1800769230769,21.437664024358966,102921.01831994661,52.15507299871794,1977.0
1977.02,101,4.14333,10.0233,59.1,1977.1249999999036,7.39,523.1620558375633,21.461713275380703,99466.9090613747,51.91891321065989,1977.0
1977.03,100.6,4.19,10.08,59.5,1977.2083333332369,7.46,517.5869999999999,21.55755,98748.49877971612,51.86159999999999,1977.0
1977.04,99.05,4.24667,10.1933,60,1977.29166666657,7.37,505.3654812499999,21.667041173749997,96761.28185393976,52.00749076249999,1977.0
1977.05,98.76,4.30333,10.3067,60.3,1977.3749999999034,7.46,501.3789701492537,21.846893110696513,96346.57444544199,52.32444949004974,1977.0
1977.06,99.29,4.36,10.42,60.7,1977.4583333332366,7.28,500.7479320428335,21.988729818780886,96577.43083657579,52.55104695222404,1977.0
1977.07,100.2,4.40667,10.5167,61,1977.5416666665699,7.33,502.85205737704905,22.114801154508193,97338.67926342785,52.77788654508196,1977.0
1977.08,97.75,4.45333,10.6133,61.2,1977.6249999999031,7.4,488.9536458333332,22.27592777083333,95007.65454695225,53.08861104166666,1977.0
1977.09,96.23,4.5,10.71,61.4,1977.7083333332364,7.34,479.78256229641687,22.436054560260583,93588.93098153226,53.397809853420185,1977.0
1977.1,93.74,4.55667,10.77,61.6,1977.7916666665697,7.52,465.8505170454544,22.64483758806818,91239.37419303234,53.52261647727271,1977.0
1977.11,94.28,4.61333,10.83,61.9,1977.874999999903,7.58,466.26333925686583,22.81530177019386,91692.60282995517,53.55994870759288,1977.0
1977.12,93.82,4.67,10.89,62.1,1977.9583333332362,7.69,462.4940748792269,23.021182367149752,91328.62900594652,53.683228260869555,1977.0
1978.01,90.25,4.71333,10.9,62.5,1978.0416666665694,7.96,442.04810999999995,23.086078873199998,87671.06802959407,53.38863599999999,1978.0
1978.02,88.98,4.75667,10.91,62.9,1978.1249999999027,8.03,433.0560405405405,23.150198655405397,86270.29113254459,53.09779054054054,1978.0
1978.03,88.82,4.8,10.92,63.4,1978.208333333236,8.04,428.8682105678232,23.1768454258675,85820.78223330765,52.727323343848575,1978.0
1978.04,92.71,4.83667,11.0233,63.9,1978.2916666665692,8.15,444.14836502347407,23.171168942488258,89264.89107286494,52.809628650234735,1978.0
1978.05,97.41,4.87333,11.1267,64.5,1978.3749999999025,8.35,462.32371744186037,23.12961751279069,93305.15380368245,52.8091295232558,1978.0
1978.06,97.66,4.91,11.23,65.2,1978.4583333332357,8.46,458.53392101226984,23.05346664110429,92928.02209283061,52.727175230061334,1978.0
1978.07,97.19,4.94667,11.3433,65.7,1978.541666666569,8.64,452.854364155251,23.048884633561638,92166.24774191996,52.853821472602725,1978.0
1978.08,103.9,4.98333,11.4567,66,1978.6249999999022,8.41,481.9188977272726,23.11415688749999,98473.56856502898,53.13955953409089,1978.0
1978.09,103.9,5.02,11.57,66.5,1978.7083333332355,8.42,478.295447368421,23.10917368421052,98126.66955732596,53.26158157894736,1978.0
1978.1,100.6,5.03667,11.8233,67.1,1978.7916666665687,8.64,458.9631371087928,22.978587115126675,94553.32548453285,53.94094293219075,1978.0
1978.11,94.71,5.05333,12.0767,67.4,1978.874999999902,8.81,430.16818286350133,22.95197744176557,89015.16858385272,54.85178010756675,1978.0
1978.12,96.11,5.07,12.33,67.7,1978.9583333332353,9.01,434.5925262186114,22.925648818316095,90326.03853339746,55.75409268833086,1978.0
1979.01,99.71,5.11333,12.6533,68.3,1979.0416666665685,9.1,446.9102931918008,22.918461633601755,93283.12171083073,56.71336889824304,1979.0
1979.02,98.23,5.15667,12.9767,69.1,1979.1249999999018,9.1,435.1795126628075,22.845130179811864,91231.93809100353,57.489504041244565,1979.0
1979.03,100.1,5.2,13.3,69.8,1979.208333333235,9.12,439.0166583094555,22.806060171919768,92434.79110834087,58.3308846704871,1979.0
1979.04,102.1,5.24667,13.5267,70.6,1979.2916666665683,9.18,442.71413243626057,22.74999958109065,93612.45986798819,58.65290161827195,1979.0
1979.05,99.73,5.29333,13.7533,71.5,1979.3749999999015,9.25,426.99434370629365,22.66341090314685,90687.8413392732,58.88480203846152,1979.0
1979.06,101.7,5.34,13.98,72.3,1979.4583333332348,8.91,430.6108817427385,22.610246887966802,91856.12122057416,59.193118257261396,1979.0
1979.07,102.7,5.39667,14.1967,73.1,1979.541666666568,8.95,430.08610465116277,22.600124424418603,92145.9249959723,59.45280819767441,1979.0
1979.08,107.4,5.45333,14.4133,73.8,1979.6249999999013,9.03,445.50262195121945,22.620789696138207,95852.78825462307,59.7873644410569,1979.0
1979.09,108.6,5.51,14.63,74.6,1979.7083333332346,9.33,445.6494168900803,22.610757707774795,96289.77644616758,60.03546012064343,1979.0
1979.1,104.5,5.55667,14.7067,75.2,1979.7916666665678,10.3,425.40324135638286,22.620339034906912,92322.55310881863,59.868687556515944,1979.0
1979.11,103.7,5.60333,14.7833,75.9,1979.874999999901,10.65,418.25325098814216,22.599913103754933,91179.56254109023,59.62548973320157,1979.0
1979.12,107.8,5.65,14.86,76.7,1979.9583333332343,10.39,430.2548174706649,22.550461212516293,94205.58248889021,59.30970860495435,1979.0
1980.01,110.9,5.7,15.0033,77.8,1980.0416666665676,10.8,436.36940552699224,22.428364395886884,95953.61968297968,59.03499641066837,1980.0
1980.02,115.3,5.75,15.1467,78.9,1980.1249999999009,12.41,447.3574239543725,22.309672053231935,98778.59154074699,58.76833211977184,1980.0
1980.03,104.7,5.8,15.29,80.1,1980.2083333332341,12.75,400.1441853932584,22.166535580524343,88761.5625682506,58.435573970037446,1980.0
1980.04,103,5.84667,15.1733,81,1980.2916666665674,11.47,389.2732407407407,22.09662309166666,86758.59006371556,57.3452394537037,1980.0
1980.05,107.7,5.89333,15.0567,81.8,1980.3749999999006,10.18,403.05540036674813,22.055139114608796,90239.88972624466,56.34804314486552,1980.0
1980.06,114.6,5.94,14.94,82.7,1980.458333333234,9.78,424.21053808947994,21.98787605804111,95386.5418223452,55.30283978234582,1980.0
1980.07,119.8,5.98333,14.84,82.7,1980.5416666665672,10.25,443.45918379685605,22.148269100060453,100129.74235099286,54.932673518742426,1980.0
1980.08,123.5,6.02667,14.74,83.3,1980.6249999999004,11.1,453.8624999999999,22.148012249999997,102895.47062057239,54.169499999999985,1980.0
1980.09,126.5,6.07,14.64,84,1980.7083333332337,11.51,461.0134374999999,22.121356249999998,104934.59339369542,53.353649999999995,1980.0
1980.1,130.2,6.1,14.7,84.8,1980.791666666567,11.75,470.02123231132066,22.020964033018863,107402.61840611519,53.06691332547169,1980.0
1980.11,135.7,6.13,14.76,85.5,1980.8749999999002,12.68,485.86551754385954,21.94808859649122,111441.0698042288,52.84727368421051,1980.0
1980.12,133.5,6.16,14.82,86.3,1980.9583333332334,12.84,473.55760428736954,21.851047508690613,109035.70939974999,52.57021494785631,1980.0
1981.01,133,6.2,14.74,87,1981.0416666665667,12.57,467.98801724137917,21.815982758620684,108171.91351115785,51.8657396551724,1981.0
1981.02,128.4,6.24,14.66,87.9,1981.1249999999,13.19,447.1760068259385,21.731918088737196,103779.97115807325,51.05607679180886,1981.0
1981.03,133.2,6.28,14.58,88.5,1981.2083333332332,13.12,460.74783050847446,21.72294576271186,107349.81987467558,50.43320847457626,1981.0
1981.04,134.4,6.31667,14.7233,89.1,1981.2916666665665,13.68,461.76808080808075,21.702653147306396,108008.90421097117,50.585937382154874,1981.0
1981.05,131.7,6.35333,14.8667,89.8,1981.3749999998997,14.1,448.96427338530054,21.6584524451559,105436.22083184944,50.680464412583504,1981.0
1981.06,132.3,6.39,15.01,90.6,1981.458333333233,13.47,447.02724337748344,21.59111175496688,105403.86631663948,50.71714983443708,1981.0
1981.07,129.1,6.43333,15.0967,91.6,1981.5416666665662,14.28,431.45262281659376,21.500209929858073,102154.00893705968,50.45322084334061,1981.0
1981.08,129.6,6.47667,15.1833,92.3,1981.6249999998995,14.94,429.83882990249174,21.480897025189595,102195.74676759283,50.35780791711808,1981.0
1981.09,118.3,6.52,15.27,93.2,1981.7083333332328,15.32,388.571708690987,21.415786480686688,92808.64522132321,50.156297478540765,1981.0
1981.1,119.8,6.55667,15.3,93.4,1981.791666666566,15.15,392.6560438972162,21.4901177240364,94211.90575442958,50.14722430406851,1981.0
1981.11,122.9,6.59333,15.33,93.7,1981.8749999998993,13.39,401.52689167556025,21.54108462726787,96771.0370264485,50.08468062966915,1981.0
1981.12,123.8,6.63,15.36,94,1981.9583333332325,13.72,403.17643085106374,21.59175877659574,97602.23670668121,50.02253617021275,1981.0
1982.01,117.3,6.66,15.1767,94.3,1982.0416666665658,14.59,380.79274390243893,21.620457582184514,92619.68480138457,49.26834813626723,1982.0
1982.02,114.5,6.69,14.9933,94.6,1982.124999999899,14.43,370.5242996828752,21.648974365750526,90560.90965996095,48.518619933932335,1982.0
1982.03,110.8,6.72,14.81,94.5,1982.2083333332323,13.86,358.9304444444444,21.769066666666664,88170.60884127127,47.97617222222221,1982.0
1982.04,116.3,6.75,14.5967,94.9,1982.2916666665656,13.87,375.1594125395152,21.774084562697574,92602.95559118706,47.08589335353002,1982.0
1982.05,116.4,6.78,14.3833,95.8,1982.3749999998988,13.62,371.9544989561586,21.665390918580375,92257.5170127856,45.961624955636736,1982.0
1982.06,109.7,6.81,14.17,97,1982.458333333232,14.3,346.2081108247422,21.492044072164944,86315.75721299312,44.719862628865975,1982.0
1982.07,109.4,6.82333,13.9667,97.5,1982.5416666665653,13.95,343.4907538461538,21.423681585384614,86083.38074775421,43.85221491538461,1982.0
1982.08,109.7,6.83667,13.7633,97.7,1982.6249999998986,13.06,343.7276023541453,21.421624313459564,86590.11697042754,43.1251240609007,1982.0
1982.09,122.4,6.85,13.56,97.9,1982.7083333332318,12.34,382.73754851889674,21.419544177732373,96866.96365621295,42.40131664964249,1982.0
1982.1,132.7,6.85667,13.2533,98.2,1982.791666666565,10.91,413.67738543788175,21.374900666242358,105148.33439653368,41.31567816446027,1982.0
1982.11,138.1,6.86333,12.9467,98,1982.8749999998984,10.55,431.38987499999985,21.439327087499997,110104.60702700845,40.44225412499999,1982.0
1982.12,139.4,6.87,12.64,97.6,1982.9583333332316,10.54,437.2353842213114,21.548113985655736,112054.88394120873,39.64602049180328,1982.0
1983.01,144.3,6.88333,12.5667,97.8,1983.0416666665649,10.46,451.67891871165637,21.545773052914107,116216.62626945786,39.335505667177905,1983.0
1983.02,146.8,6.89667,12.4933,97.9,1983.1249999998981,10.72,459.0349029622062,21.565478502808986,118571.71353324823,39.06580894535239,1983.0
1983.03,151.9,6.91,12.42,97.9,1983.2083333332314,10.51,474.98230081716025,21.607160623084777,123156.13644920503,38.836604187946875,1983.0
1983.04,157.7,6.92,12.4767,98.6,1983.2916666665647,10.4,489.6177155172413,21.484810344827586,127415.11616104135,38.73692676724137,1983.0
1983.05,164.1,6.93,12.5333,99.2,1983.374999999898,10.38,506.4064793346773,21.385721522177413,132247.89535387311,38.677296328124996,1983.0
1983.06,166.4,6.94,12.59,99.5,1983.4583333332312,10.85,511.9559396984924,21.352008542713566,134161.8077456543,38.73512788944723,1983.0
1983.07,167,6.96,12.8267,99.9,1983.5416666665644,11.38,511.7446696696695,21.327801801801794,134572.2017889684,39.305361403903895,1983.0
1983.08,162.4,6.98,13.0633,100.2,1983.6249999998977,11.85,496.15874251496996,21.325049401197603,130940.92612878725,39.910532642215564,1983.0
1983.09,167.2,7.0,13.3,100.7,1983.708333333231,11.65,508.2871698113206,21.279965243296914,134609.72983299763,40.43193396226415,1983.0
1983.1,167.7,7.03,13.5433,101,1983.7916666665642,11.54,508.29288861386124,21.30768638613861,135081.48736107178,41.049272977722765,1983.0
1983.11,165.2,7.06,13.7867,101.2,1983.8749999998975,11.69,499.72591897233184,21.356325592885373,133277.73339082836,41.70442691946639,1983.0
1983.12,164.4,7.09,14.03,101.3,1983.9583333332307,11.83,496.8150148075024,21.425903010858832,132977.58407347204,42.39850765054293,1983.0
1984.01,166.4,7.12,14.44,101.9,1984.041666666564,11.67,499.8980961727183,21.3898704612365,134279.90344848268,43.3805799803729,1984.0
1984.02,157.3,7.15,14.85,102.4,1984.1249999998972,11.84,470.2524975585937,21.37511352539062,126795.13645325383,44.394466552734364,1984.0
1984.03,157.4,7.18,15.26,102.6,1984.2083333332305,12.32,469.63419590643275,21.422957602339178,127109.78215483238,45.531244152046774,1984.0
1984.04,157.6,7.22333,15.5733,103.1,1984.2916666665637,12.63,467.95047526673125,21.447720218962168,127137.81934517164,46.240692490300674,1984.0
1984.05,156.6,7.26667,15.8867,103.4,1984.374999999897,13.41,463.6321711798838,21.513805806818176,126451.66788506201,47.034388338974836,1984.0
1984.06,153.1,7.31,16.2,103.7,1984.4583333332303,13.56,451.95872950819665,21.579479508196712,123758.3055985162,47.82319672131146,1984.0
1984.07,151.1,7.33333,16.32,104.1,1984.5416666665635,13.36,444.3406844380402,21.565167911383284,122164.37548329403,47.992322766570595,1984.0
1984.08,164.4,7.35667,16.44,104.5,1984.6249999998968,12.72,481.6015406698564,21.550995171531095,132902.41138116544,48.16015406698564,1984.0
1984.09,166.1,7.38,16.56,105,1984.70833333323,12.52,484.2645499999999,21.516389999999994,134132.09744823593,48.28067999999999,1984.0
1984.1,164.8,7.43,16.5867,105.3,1984.7916666665633,12.16,479.105527065527,21.600449430199426,133201.72216474064,48.22075027777777,1984.0
1984.11,166.3,7.48,16.6133,105.3,1984.8749999998965,11.57,483.4663176638176,21.745809116809113,134917.93367402343,48.298081631054124,1984.0
1984.12,164.5,7.53,16.64,105.3,1984.9583333332298,11.5,478.23336894586885,21.8911688034188,133966.6932817637,48.3757037037037,1984.0
1985.01,171.6,7.57333,16.5567,105.5,1985.041666666563,11.38,497.9287109004738,21.975398858530806,139996.90987027588,48.0422860592417,1985.0
1985.02,180.9,7.61667,16.4733,106,1985.1249999998963,11.51,522.4383466981132,21.996907032311316,147403.388168441,47.5748126957547,1985.0
1985.03,179.4,7.66,16.39,106.4,1985.2083333332296,11.86,516.1585855263156,22.03887828947368,146149.7647183072,47.15629440789473,1985.0
1985.04,180.6,7.68667,16.13,106.9,1985.2916666665628,11.43,517.1807904583723,22.012170911365757,146958.59457923946,46.19117469597753,1985.0
1985.05,184.9,7.71333,15.87,107.3,1985.374999999896,10.85,527.5207339235787,22.006173621388626,150417.81674739483,45.27719874184528,1985.0
1985.06,188.9,7.74,15.61,107.6,1985.4583333332293,10.16,537.4301556691449,22.02069563197026,153766.65004236216,44.41124790892193,1985.0
1985.07,192.5,7.77333,15.4833,107.8,1985.5416666665626,10.31,546.6562499999999,22.074490534090906,156932.69057559842,43.969053068181815,1985.0
1985.08,188.3,7.80667,15.3567,108,1985.6249999998959,10.33,533.7389652777778,22.12811454097222,153753.80280648803,43.52877943749999,1985.0
1985.09,184.1,7.84,15.23,108.3,1985.7083333332291,10.37,520.3884833795013,22.161030470914124,150439.93170006142,43.05006301939058,1985.0
1985.1,186.2,7.86,15.0233,108.7,1985.7916666665624,10.24,524.3876770929161,22.135806347746087,152129.3378971051,42.309524109935595,1985.0
1985.11,197.5,7.88,14.8167,109,1985.8749999998956,9.78,554.6805619266054,22.13105229357798,161452.59609075982,41.61283788302752,1985.0
1985.12,207.3,7.9,14.61,109.3,1985.958333333229,9.26,580.6059537968893,22.126324336688015,169535.47869391151,40.91969602012808,1985.0
1986.01,208.2,7.94,14.58,109.6,1986.0416666665622,9.19,581.5305246350364,22.177484945255475,170345.09854094562,40.72389552919708,1986.0
1986.02,219.4,7.98,14.55,109.3,1986.1249999998954,8.7,614.4956404391581,22.35038838060384,180547.003527877,40.75164798719121,1986.0
1986.03,232.3,8.02,14.52,108.8,1986.2083333332287,7.78,653.6159765624999,22.5656484375,192593.5866565279,40.854515625,1986.0
1986.04,238,8.04667,14.5833,108.6,1986.291666666562,7.3,670.8871546961325,22.682384626381214,198239.6516635497,41.108187575966845,1986.0
1986.05,238.5,8.07333,14.6467,108.9,1986.3749999998952,7.71,670.4445247933883,22.694842328512394,198667.69881981768,41.17316486914599,1986.0
1986.06,245.3,8.1,14.71,109.5,1986.4583333332284,7.8,685.7815136986301,22.645047945205473,203771.57760943446,41.12452534246575,1986.0
1986.07,240.2,8.14333,14.7567,109.5,1986.5416666665617,7.3,671.5235205479449,22.766184973287668,200098.7139905313,41.25508382876712,1986.0
1986.08,245,8.18667,14.8033,109.7,1986.624999999895,7.17,683.6940519598904,22.845622793299903,204292.5447495562,41.30991085460346,1986.0
1986.09,238.3,8.23,14.85,110.2,1986.7083333332282,7.45,661.9798843012703,22.862335072595275,198373.48562422203,41.252208484573494,1986.0
1986.1,237.4,8.24667,14.7267,110.3,1986.7916666665615,7.43,658.8818540344514,22.88787371192203,198016.66996516197,40.87260067316409,1986.0
1986.11,245.1,8.26333,14.6033,110.4,1986.8749999998947,7.25,679.6363247282608,22.913338356657604,204827.95647952272,40.49340326766304,1986.0
1986.12,248.6,8.28,14.48,110.5,1986.958333333228,7.11,688.7176153846152,22.93878461538461,208140.96986156303,40.115169230769226,1986.0
1987.01,264.5,8.3,14.6867,111.2,1987.0416666665612,7.08,728.1539905575538,22.849444694244603,220634.69827661084,40.43167944469424,1987.0
1987.02,280.9,8.32,14.8933,111.6,1987.1249999998945,7.25,770.5305981182794,22.82240860215054,234051.3218015193,40.853482936827945,1987.0
1987.03,292.5,8.34,15.1,112.1,1987.2083333332278,7.25,798.7715767172167,22.77523059768064,243206.1208314604,41.23572925958965,1987.0
1987.04,289.3,8.4,14.8733,112.7,1987.291666666561,8.02,785.8268478260868,22.816956521739126,239843.70523392243,40.400409456521736,1987.0
1987.05,289.1,8.46,14.6467,113.1,1987.3749999998943,8.61,782.5062798408487,22.898661803713527,239412.6403765611,39.64418792440318,1987.0
1987.06,301.4,8.52,14.42,113.5,1987.4583333332275,8.4,812.9235991189425,22.979791189427306,249304.90828711374,38.893026872246686,1987.0
1987.07,310.1,8.56667,14.9,113.8,1987.5416666665608,8.45,834.183987258348,23.044756330623898,256413.91995823727,40.08172012302284,1987.0
1987.08,329.4,8.61333,15.38,114.4,1987.624999999894,8.76,881.454532342657,23.048751569711534,271534.4781140345,41.15595236013985,1987.0
1987.09,318.7,8.66,15.86,115,1987.7083333332273,9.42,848.3724717391302,23.052731739130433,261935.24700194248,42.218975217391296,1987.0
1987.1,280.2,8.71,16.4067,115.3,1987.7916666665606,9.52,743.9455810928013,23.12550325238508,230288.41467818548,43.5606422745013,1987.0
1987.11,245,8.76,16.9533,115.4,1987.8749999998938,8.86,649.9240684575389,23.238101386481798,201783.4941992341,44.972888611351806,1987.0
1987.12,241,8.81,17.5,115.4,1987.958333333227,8.99,639.313063258232,23.370738951473133,199093.73394832658,46.42314774696706,1987.0
1988.01,250.5,8.85667,17.8633,115.7,1988.0416666665603,8.67,662.791173292999,23.433623555963692,207013.38320676982,47.26402221910111,1988.0
1988.02,258.1,8.90333,18.2267,116,1988.1249999998936,8.21,681.1336875,23.496156504956893,213353.96376374055,48.10081124353448,1988.0
1988.03,265.7,8.95,18.59,116.5,1988.2083333332268,8.37,698.1809163090127,23.517949570815446,219307.6131359392,48.84901480686694,1988.0
1988.04,262.6,9.04333,19.6167,117.1,1988.29166666656,8.72,686.499415029889,23.641434710290344,216257.14312809406,51.2827611379163,1988.0
1988.05,256.1,9.13667,20.6433,117.5,1988.3749999998934,9.09,667.2276829787232,23.804135705744677,210811.15861186647,53.78282400638297,1988.0
1988.06,270.7,9.23,21.67,118,1988.4583333332266,8.92,702.2772394067795,23.945396822033896,222515.5600767295,56.218499364406775,1988.0
1988.07,269.1,9.30667,22.0233,118.5,1988.5416666665599,9.06,695.1806772151898,24.042427176582272,220901.84173110183,56.89398962658226,1988.0
1988.08,263.7,9.38333,22.3767,119,1988.6249999998931,9.26,678.3682499999998,24.138616424999995,216198.68924014168,57.56406074999999,1988.0
1988.09,268,9.46,22.73,119.8,1988.7083333332264,8.98,684.8261268781301,24.173340150250414,218898.85229697605,58.082454716193645,1988.0
1988.1,277.4,9.55,23.0733,120.2,1988.7916666665596,8.8,706.4872587354407,24.3221100249584,226470.5120175952,58.76349122920132,1988.0
1988.11,271,9.64,23.4167,120.3,1988.874999999893,8.96,689.613902743142,24.530915211970072,221716.9134417115,59.58849400872817,1988.0
1988.12,276.5,9.75,23.75,120.5,1988.9583333332262,9.11,702.4419398340248,24.76965248962655,226504.87815296647,60.336332987551856,1988.0
1989.01,285.4,9.81333,24.16,121.1,1989.0416666665594,9.09,721.4598554913293,24.807020475433525,233303.864650916,61.07382658959537,1989.0
1989.02,294,9.89667,24.56,121.6,1989.1249999998927,9.17,740.143791118421,24.91482603145559,240017.2363215794,61.829699013157885,1989.0
1989.03,292.7,10.01,24.96,122.3,1989.208333333226,9.36,732.6534689288633,25.055897587898603,238265.34364125825,62.47704333605886,1989.0
1989.04,302.3,10.0867,25.0467,123.1,1989.2916666665592,9.18,751.7655828594638,25.08380385255889,245160.56041566018,62.28662594841592,1989.0
1989.05,313.9,10.1933,25.1333,123.8,1989.3749999998925,8.86,776.1988873182551,25.205569028675278,253813.56836738036,62.148580741114685,1989.0
1989.06,323.7,10.37,25.22,124.1,1989.4583333332257,8.28,798.4969520547944,25.580517123287667,261801.99548413334,62.21221232876711,1989.0
1989.07,331.9,10.4233,24.71,124.4,1989.541666666559,8.02,816.7501386655946,25.649990118569125,268487.45898487716,60.80715856109323,1989.0
1989.08,346.6,10.5467,24.2,124.6,1989.6249999998922,8.11,851.5553089887641,25.91199762640449,280638.67284629086,59.45654494382021,1989.0
1989.09,347.3,10.73,23.69,125,1989.7083333332255,8.19,850.5446459999998,26.277984599999996,281027.27994780673,58.01728379999999,1989.0
1989.1,347.4,10.7967,23.4267,125.6,1989.7916666665587,8.01,846.7252667197452,26.31502212778662,280489.8832947636,57.0983845879777,1989.0
1989.11,340.2,10.9233,23.1633,125.9,1989.874999999892,7.87,827.2007585385225,26.560147106830808,274755.3125135084,56.321867519857015,1989.0
1989.12,348.6,11.06,22.87,126.1,1989.9583333332253,7.84,846.281098334655,26.849882236320376,281836.04470395984,55.520506938937345,1989.0
1990.01,339.97,11.14,22.49,127.4,1990.0416666665585,8.21,816.9086826923076,26.76813461538461,272797.0622298335,54.04087499999998,1990.0
1990.02,330.45,11.23,22.08,128,1990.1249999998918,8.47,790.3111904296874,26.857904882812495,264662.5488336936,52.80699374999998,1990.0
1990.03,338.46,11.32,21.67,128.7,1990.208333333225,8.59,805.065374125874,26.925899766899764,270354.909458175,51.54454487179487,1990.0
1990.04,338.18,11.4367,21.5333,128.9,1990.2916666665583,8.79,803.151264158262,27.16127524631497,270472.2204060981,51.13991695694335,1990.0
1990.05,350.25,11.5533,21.3967,129.2,1990.3749999998915,8.76,829.8851151315789,27.374480230263156,280243.4396278123,50.69750990131578,1990.0
1990.06,360.39,11.66,21.26,129.9,1990.4583333332248,8.48,849.3093897228636,27.47841916859122,287576.0763643847,50.10216050808314,1990.0
1990.07,360.03,11.7267,21.42,130.4,1990.541666666558,8.47,845.2076980444782,27.529642287193244,286964.03847859066,50.28566756134968,1990.0
1990.08,330.75,11.7833,21.58,131.6,1990.6249999998913,8.75,769.3895944148935,27.4102748537234,261997.88046539496,50.199327127659565,1990.0
1990.09,315.41,11.83,21.74,132.7,1990.7083333332246,8.89,727.6237737377544,27.29079370761115,248549.93108736584,50.15231235870383,1990.0
1990.1,307.12,11.9267,21.6067,133.5,1990.7916666665578,8.72,704.2537662921347,27.34899516292134,241345.45533482547,49.546105275280894,1990.0
1990.11,315.29,12.0133,21.4733,133.8,1990.874999999891,8.39,721.3672606502241,27.485810880044834,247995.13514373882,49.1298030325112,1990.0
1990.12,328.75,12.09,21.34,133.8,1990.9583333332243,8.08,752.1630465246635,27.66129652466367,259374.72097802482,48.82481950672644,1990.0
1991.01,325.49,12.1067,21.1833,134.6,1991.0416666665576,8.09,740.2781573179791,27.534872245542342,256067.61132561092,48.17823678120356,1991.0
1991.02,362.26,12.1133,21.0267,134.8,1991.1249999998909,7.85,822.6835916172104,27.509007757789313,285365.2156550026,47.75112095140949,1991.0
1991.03,372.28,12.11,20.94,135,1991.2083333332241,8.11,844.1862644444442,27.46077055555555,293617.6519464082,47.48377666666666,1991.0
1991.04,379.68,12.13,20.3633,135.2,1991.2916666665574,8.04,859.6929674556212,27.46543324704142,299807.12688728666,46.10773757951183,1991.0
1991.05,377.99,12.14,19.8567,135.6,1991.3749999998906,8.07,853.341694137168,27.406990044247785,298388.6870410927,44.828037826327424,1991.0
1991.06,378.29,12.15,19.41,136,1991.458333333224,8.28,851.5071468749999,27.348890624999996,298544.1251450084,43.69069687499999,1991.0
1991.07,380.23,12.1933,18.84,136.2,1991.5416666665571,8.27,854.6171756607929,27.40605319933921,300435.25098810473,42.345389867841405,1991.0
1991.08,389.4,12.2367,18.33,136.6,1991.6249999998904,7.9,872.6650695461199,27.423062805636892,307583.2406763076,41.07845589311858,1991.0
1991.09,387.2,12.28,17.82,137.2,1991.7083333332237,7.65,863.9399999999998,27.399749999999994,305312.75159975316,39.76087499999999,1991.0
1991.1,386.88,12.2533,17.2033,137.4,1991.791666666557,7.53,861.9694847161569,27.300379153930123,305420.3663799703,38.328989961790384,1991.0
1991.11,385.92,12.2267,16.5867,137.8,1991.8749999998902,7.42,857.3347227866471,27.162039943759062,304580.1618443123,36.84793181603773,1991.0
1991.12,388.51,12.2,15.97,137.9,1991.9583333332234,7.09,862.4626180203044,27.083071065989838,307203.72175362485,35.45218401015227,1991.0
1992.01,416.08,12.24,16.0467,138.1,1992.0416666665567,7.03,922.328241853729,27.132517016654596,329332.84700337896,35.57086281136857,1992.0
1992.02,412.56,12.28,16.1233,138.6,1992.12499999989,7.34,911.2262727272725,27.122984848484844,326175.7616881857,35.61172814393939,1992.0
1992.03,407.36,12.32,16.19,139.3,1992.2083333332232,7.54,895.219658291457,27.074592964824117,321253.77162783616,35.579355527638185,1992.0
1992.04,407.41,12.32,16.4833,139.5,1992.2916666665565,7.48,894.0459123655913,27.035776344086017,321641.0603241061,36.17198151075268,1992.0
1992.05,414.81,12.32,16.7667,139.7,1992.3749999998897,7.39,908.9817342519684,26.99707086614173,327823.7265460677,36.741216565855396,1992.0
1992.06,408.27,12.32,17.05,140.2,1992.458333333223,7.26,891.4598746433666,26.90079029957204,322312.95772211795,37.2287722895863,1992.0
1992.07,415.05,12.3433,17.38,140.5,1992.5416666665562,6.84,904.3289599644127,26.89411794128113,327776.16848061467,37.868298576512444,1992.0
1992.08,417.93,12.3667,17.71,140.9,1992.6249999998895,6.59,908.0189217530161,26.868608617814047,329925.15307402425,38.477771646557834,1992.0
1992.09,418.48,12.4,18.04,141.3,1992.7083333332228,6.42,906.6400297239913,26.864692144373667,330237.56981093396,39.083794055201686,1992.0
1992.1,412.5,12.3867,18.39,141.8,1992.791666666556,6.59,890.5331011988713,26.741251793018325,325182.4222891218,39.701584802538775,1992.0
1992.11,422.84,12.3833,18.74,142,1992.8749999998893,6.87,911.5700852112674,26.696258244718305,333676.533178578,40.400206690140834,1992.0
1992.12,435.64,12.39,19.09,141.9,1992.9583333332225,6.77,939.826526427061,26.729525898520077,344835.0417831066,41.18374894291754,1992.0
1993.01,435.23,12.4133,19.34,142.6,1993.0416666665558,6.6,934.3329019985973,26.648334472300135,343634.15961674176,41.518273842917246,1993.0
1993.02,441.7,12.4467,19.59,143.1,1993.124999999889,6.26,944.9092714884695,26.626674732704398,348340.07126947277,41.90802044025157,1993.0
1993.03,450.16,12.48,19.84,143.6,1993.2083333332223,5.98,959.6542855153202,26.604952646239553,354593.13387242274,42.29505292479108,1993.0
1993.04,443.08,12.4933,19.67,144,1993.2916666665556,5.97,941.9373104166664,26.55932427604166,348864.50329135405,41.81616614583333,1993.0
1993.05,445.25,12.5067,19.5,144.2,1993.3749999998888,6.04,945.237651699029,26.550934842233005,350906.3183805316,41.39726941747573,1993.0
1993.06,448.06,12.52,19.33,144.4,1993.458333333222,5.96,949.8856485457061,26.54235664819944,353452.9458641405,40.979533067867024,1993.0
1993.07,447.29,12.52,19.69,144.4,1993.5416666665553,5.81,948.2532512119112,26.54235664819944,353668.5653612381,41.742731821329635,1993.0
1993.08,454.13,12.52,20.05,144.8,1993.6249999998886,5.68,960.0944860151931,26.469035220994467,358907.6489021856,42.388510877071816,1993.0
1993.09,459.24,12.52,20.41,145.1,1993.7083333332218,5.36,968.8903728463126,26.414309441764296,363018.635818909,43.06038783597518,1993.0
1993.1,463.9,12.54,20.9,145.7,1993.791666666555,5.33,974.6914704873026,26.34755559368565,366014.80660077115,43.912592656142756,1993.0
1993.11,462.89,12.56,21.39,145.8,1993.8749999998884,5.72,971.9023215020572,26.371477366255135,365792.6776153721,44.91129783950616,1993.0
1993.12,465.95,12.58,21.89,145.8,1993.9583333332216,5.77,978.3272196502054,26.413470164609045,369039.2334937374,45.9611177983539,1993.0
1994.01,472.99,12.6233,22.1567,146.2,1994.0416666665549,5.75,990.3915610465116,26.43186915697674,374420.95199262595,46.39381107558139,1994.0
1994.02,471.58,12.6667,22.4333,146.7,1994.1249999998881,5.97,984.0736635991818,26.432346313905928,372865.1856860769,46.812883747443756,1994.0
1994.03,463.81,12.71,22.71,147.2,1994.2083333332214,6.48,964.5719821671194,26.43261226222826,366310.6140447406,47.22931742527174,1994.0
1994.04,447.23,12.7533,23.54,147.4,1994.2916666665546,6.97,928.829049016282,26.486674665875164,353574.9272887297,48.8890186567164,1994.0
1994.05,450.9,12.7967,24.37,147.5,1994.374999999888,7.18,935.8162016949151,26.558791723728806,357077.2139310324,50.57848932203389,1994.0
1994.06,454.83,12.84,25.2,148,1994.4583333332212,7.1,940.7835866554052,26.558629054054048,359817.1003353017,52.12441216216215,1994.0
1994.07,451.4,12.87,25.91,148.4,1994.5416666665544,7.3,931.1721933962262,26.54892806603773,356987.24605462304,53.448541273584894,1994.0
1994.08,464.24,12.9,26.62,149,1994.6249999998877,7.24,953.8028899328857,26.503656040268453,366510.0020971205,54.692040604026836,1994.0
1994.09,466.96,12.92,27.33,149.4,1994.708333333221,7.46,956.8226064257025,26.473676706827302,368518.0989416316,56.00043222891565,1994.0
1994.1,463.81,13.0133,28.42,149.5,1994.7916666665542,7.74,949.732413210702,26.647016693979925,366642.5800612683,58.194940133779255,1994.0
1994.11,461.01,13.0967,29.51,149.7,1994.8749999998875,7.96,942.7377339679358,26.78196412324649,364803.89035821037,60.34617585170341,1994.0
1994.12,455.19,13.17,30.6,149.7,1994.9583333332207,7.81,930.8361838677354,26.931858216432865,361066.90770660486,62.575160320641274,1994.0
1995.01,465.25,13.18,31.25,150.3,1995.041666666554,7.78,947.6102420159677,26.844713572854285,368441.22938361514,63.64926397205587,1995.0
1995.02,481.92,13.18,31.9,150.9,1995.1249999998872,7.47,977.6604691848905,26.737975149105363,380991.4212420363,64.71482604373756,1995.0
1995.03,493.15,13.17,32.55,151.4,1995.2083333332205,7.2,997.1385510237778,26.62945293923381,389446.75766703923,65.81539052179654,1995.0
1995.04,507.91,13.2433,33.1767,151.9,1995.2916666665537,7.06,1023.6024919354836,26.689521532258055,400651.2938274222,66.8617526612903,1995.0
1995.05,523.81,13.3067,33.8033,152.2,1995.374999999887,6.63,1053.5653467477002,26.764433667871216,413252.1394327199,67.9902741179369,1995.0
1995.06,539.35,13.36,34.43,152.5,1995.4583333332203,6.17,1082.6876532786882,26.818776393442615,425551.73899017635,69.11455622950818,1995.0
1995.07,557.37,13.44,34.68,152.5,1995.5416666665535,6.28,1118.860883114754,26.979367868852457,440653.36184040725,69.61640459016391,1995.0
1995.08,559.11,13.51,34.93,152.9,1995.6249999998868,6.49,1119.4175704708957,27.04893737737082,441760.35670706036,69.93481736429037,1995.0
1995.09,578.77,13.58,35.18,153.2,1995.70833333322,6.2,1156.5105298629242,27.135844973890332,457290.89789551444,70.29742460835509,1995.0
1995.1,582.92,13.65,34.7733,153.7,1995.7916666665533,6.04,1161.0139381912816,27.186990078074167,459967.3957023162,69.25870784482757,1995.0
1995.11,595.53,13.72,34.3667,153.6,1995.8749999998865,5.93,1186.901758300781,27.344201171874996,471126.32571459684,68.49343720214843,1995.0
1995.12,614.57,13.79,33.96,153.5,1995.9583333332198,5.71,1225.6467600977198,27.501617100977196,487415.38939307857,67.72697003257328,1995.0
1996.01,614.42,13.8933,33.9867,154.4,1996.041666666553,5.65,1218.2050424222793,27.546121734132118,485368.84480189014,67.38512632286267,1996.0
1996.02,649.54,13.9967,34.0133,154.9,1996.1249999998863,5.81,1283.6801571981919,27.661554417366037,512374.4947013978,67.22018396223368,1996.0
1996.03,647.07,14.1,34.04,155.7,1996.2083333332196,6.27,1272.2281401734103,27.7225289017341,508725.5885867169,66.92729672447012,1996.0
1996.04,647.17,14.1567,34.33,156.3,1996.2916666665528,6.51,1267.5402058541263,27.72716045585412,507774.96311390906,67.23836900191937,1996.0
1996.05,661.23,14.2133,34.62,156.6,1996.374999999886,6.74,1292.5969784482756,27.78468707375478,518740.21619757713,67.67646264367815,1996.0
1996.06,668.5,14.27,34.91,156.7,1996.4583333332193,6.91,1305.9746888959794,27.877724473516267,525041.2246433975,68.1998150925335,1996.0
1996.07,644.07,14.4,35.2733,157,1996.5416666665526,6.87,1255.8441969745222,28.07793630573248,505827.93596957345,68.77787990923565,1996.0
1996.08,662.68,14.53,35.6367,157.3,1996.6249999998859,6.64,1289.666698664971,28.27738445645263,520400.06509834086,69.35393438811187,1996.0
1996.09,674.88,14.66,36.0,157.8,1996.7083333332191,6.83,1309.2479543726233,28.439981939163495,529257.7289643921,69.8389733840304,1996.0
1996.1,701.46,14.74,36.91,158.3,1996.7916666665524,6.53,1356.5141891977255,28.504860075805425,549325.1435984941,71.37818082754262,1996.0
1996.11,735.67,14.82,37.82,158.6,1996.8749999998856,6.2,1419.9799364754097,28.605356557377043,575991.1388075136,72.9996346153846,1996.0
1996.12,743.25,14.9,38.73,158.6,1996.958333333219,6.3,1434.610746374527,28.75977143757881,582898.0424864914,74.75610387767968,1996.0
1997.01,766.22,14.9533,39.2333,159.1,1997.0416666665521,6.58,1474.2992649277182,28.771944347894404,599998.1181265791,75.48957916876176,1997.0
1997.02,798.39,15.0067,39.7367,159.6,1997.1249999998854,6.42,1531.3855559210524,28.784232796052628,624206.8219777308,76.21865055921052,1997.0
1997.03,792.16,15.06,40.24,160,1997.2083333332187,6.69,1515.6372524999997,28.8142509375,618766.4149354484,76.99106624999999,1997.0
1997.04,763.93,15.0933,40.3433,160.2,1997.291666666552,6.89,1459.8001315543067,28.84191133426966,596951.8715234296,77.09234438670411,1997.0
1997.05,833.09,15.1267,40.4467,160.1,1997.3749999998852,6.71,1592.9528980324794,28.923790470018737,652387.2931058048,77.33820833385383,1997.0
1997.06,876.29,15.16,40.55,160.3,1997.4583333332184,6.49,1673.4651713973794,28.951296943231434,686348.8364777818,77.43899017467245,1997.0
1997.07,925.29,15.2167,40.58,160.5,1997.5416666665517,6.22,1764.839342523364,29.02336653738317,724816.6635696479,77.39971308411212,1997.0
1997.08,927.24,15.2733,40.61,160.8,1997.624999999885,6.3,1765.2590988805966,29.076972299440293,725984.2122845814,77.31242397388058,1997.0
1997.09,937.02,15.33,40.64,161.2,1997.7083333332182,6.21,1779.4515511786599,29.11249736352357,732818.7693750889,77.17755334987592,1997.0
1997.1,951.16,15.3867,40.3333,161.6,1997.7916666665515,6.03,1801.8331243811879,29.147846560952967,743036.3245198034,76.40552163211633,1997.0
1997.11,938.92,15.4433,40.0267,161.5,1997.8749999998847,5.88,1779.7475684210522,29.273181552631574,734934.6952998647,75.8716631842105,1997.0
1997.12,962.37,15.5,39.72,161.3,1997.958333333218,5.81,1826.4595299132047,29.417087724736508,755236.3821013147,75.38365964042156,1997.0
1998.01,963.36,15.55,39.66,161.6,1998.0416666665512,5.54,1824.9442351485147,29.45719446163366,755624.8511586081,75.1300535272277,1998.0
1998.02,1023.74,15.6,39.6,161.9,1998.1249999998845,5.57,1935.7317285361332,29.497152563310678,802514.6026440256,74.87738727609634,1998.0
1998.03,1076.83,15.64,39.54,162.2,1998.2083333332178,5.65,2032.3506524352647,29.518089395807642,843590.6227852353,74.62565567200986,1998.0
1998.04,1112.2,15.75,39.35,162.5,1998.291666666551,5.64,2095.2308030769227,29.670819230769226,870717.310190622,74.12995153846153,1998.0
1998.05,1108.42,15.85,39.16,162.8,1998.3749999998843,5.65,2084.2619382678126,29.804182278869767,867191.1136178821,73.6360743243243,1998.0
1998.06,1108.39,15.95,38.97,163,1998.4583333332175,5.5,2081.648219171779,29.955421012269934,867142.2532853617,73.18888757668711,1998.0
1998.07,1156.58,16.0167,38.6767,163.2,1998.5416666665508,5.46,2169.4910781249996,30.043825546874995,904777.4677633375,72.54902867187499,1998.0
1998.08,1074.62,16.0833,38.3833,163.4,1998.624999999884,5.34,2013.2847861077105,30.131826320379435,840679.4626524566,71.91054878059974,1998.0
1998.09,1020.64,16.14,38.09,163.6,1998.7083333332173,4.81,1909.816452322738,30.201087102689485,798525.5072390148,71.27381708435207,1998.0
1998.1,1032.47,16.1667,37.9633,164,1998.7916666665506,4.53,1927.2406092987803,30.17726496493902,806862.299719383,70.86347634603656,1998.0
1998.11,1144.43,16.1833,37.8367,164,1998.8749999998838,4.83,2136.228626981707,30.20825104115853,895411.5498649912,70.62716084908536,1998.0
1998.12,1190.05,16.2,37.71,163.9,1998.958333333217,4.65,2222.73966671751,30.25787370347772,932730.0063084585,70.43360600976204,1998.0
1999.01,1248.77,16.28333333,37.93333333,164.3,1999.0416666665503,4.72,2326.736690048691,30.33947732184768,977431.3077946414,70.67825014594993,1999.0
1999.02,1246.58,16.36666667,38.15666667,164.5,1999.1249999998836,5,2319.8323340425527,30.457670218969145,975597.1178598986,71.00793298492658,1999.0
1999.03,1281.66,16.45,38.38,165,1999.2083333332168,5.23,2377.8871009090903,30.519984090909087,1001081.4296965013,71.20711181818182,1999.0
1999.04,1334.76,16.45,39.26,166.2,1999.29166666655,5.18,2458.5243194945842,30.299623194945845,1036092.3943516746,72.3138727436823,1999.0
1999.05,1332.07,16.45,40.14,166.2,1999.3749999998834,5.54,2453.5695482851984,30.299623194945845,1035068.4061064355,73.9347644404332,1999.0
1999.06,1322.55,16.45,41.02,166.2,1999.4583333332166,5.9,2436.0344472021657,30.299623194945845,1028736.1976243268,75.55565613718412,1999.0
1999.07,1380.99,16.513333333333335,42.0,166.7,1999.5416666665499,5.79,2536.0468879724053,30.325047690461908,1072038.5919488731,77.12870425914817,1999.0
1999.08,1327.49,16.576666666666668,42.98,167.1,1999.6249999998831,5.94,2431.9640632854575,30.368483093955714,1029110.4466327092,78.7394371633752,1999.0
1999.09,1318.17,16.64,43.96,167.9,1999.7083333332164,5.92,2403.3834822811195,30.339259082787372,1018086.145664732,80.15107147111374,1999.0
1999.1,1300.01,16.656666666666666,45.36333333333334,168.2,1999.7916666665496,6.11,2366.045251337693,30.31547993460166,1003339.6205907927,82.56221061236623,1999.0
1999.11,1391,16.673333333333332,46.76666666666667,168.3,1999.874999999883,6.03,2530.1446969696963,30.327782828282817,1073998.9754508673,85.06573232323231,1999.0
1999.12,1428.68,16.69,48.17,168.3,1999.9583333332162,6.28,2598.6823333333327,30.35809848484848,1104165.7870756062,87.61831060606059,1999.0
2000.01,1425.59,16.713333333333335,49.09666666666667,168.8,2000.0416666665494,6.66,2585.3809403139803,30.3104914099526,1099587.3286111862,89.03933545616113,2000.0
2000.02,1388.87,16.736666666666668,50.02333333333333,169.8,2000.1249999998827,6.52,2503.953480123674,30.174051383981148,1066024.8910504412,90.18561822732624,2000.0
2000.03,1442.21,16.76,50.95,171.2,2000.208333333216,6.26,2578.8559683119156,29.96902394859813,1098976.8719569219,91.10511755257009,2000.0
2000.04,1461.36,16.740000000000002,51.27333333333333,171.3,2000.2916666665492,5.99,2611.5731663747806,29.915787215411555,1113981.6548205141,91.62975685931113,2000.0
2000.05,1418.48,16.72,51.59666666666667,171.5,2000.3749999998824,6.44,2531.9867999999997,29.845199999999995,1081094.5163526116,92.10004999999998,2000.0
2000.06,1461.96,16.7,51.92,172.4,2000.4583333332157,6.1,2595.9754054524356,29.653881960556838,1109471.1589803258,92.19338631090486,2000.0
2000.07,1473,16.583333333333332,52.51333333333334,172.8,2000.541666666549,6.05,2609.5243489583327,29.378555410879617,1116308.0433657642,93.03110792824073,2000.0
2000.08,1485.46,16.46666666666667,53.10666666666666,172.8,2000.6249999998822,5.83,2631.598125868055,29.171872106481477,1126790.7459620233,94.08224016203701,2000.0
2000.09,1468.05,16.35,53.7,173.7,2000.7083333332155,5.8,2587.279656735751,28.815110103626942,1108842.74553908,94.64045336787564,2000.0
2000.1,1390.14,16.323333333333334,52.46666666666667,174,2000.7916666665487,5.74,2445.7476025862065,28.718512787356318,1049211.3492102267,92.30741091954022,2000.0
2000.11,1378.04,16.296666666666667,51.23333333333333,174.1,2000.874999999882,5.72,2423.066858701895,28.655128230901777,1040505.8501677152,90.08576823664558,2000.0
2000.12,1330.93,16.27,50.0,174,2000.9583333332153,5.24,2341.5762849137927,28.62468060344827,1006536.7476800175,87.96767241379308,2000.0
2001.01,1335.63,16.169999999999998,48.48,175.1,2001.0416666665485,5.16,2335.0832257281554,28.27002669902912,1004758.3441143672,84.75763106796114,2001.0
2001.02,1305.75,16.07,46.96,175.8,2001.1249999998818,5.1,2273.7541702218423,27.983327218430027,979372.5936293626,81.77330716723549,2001.0
2001.03,1185.85,15.97,45.44,176.2,2001.208333333215,4.89,2060.2797722758223,27.74606228717366,888418.8310152991,78.9468422247446,2001.0
2001.04,1189.84,15.876666666666665,42.556666666666665,176.9,2001.2916666665483,5.14,2059.031908422837,27.474755652911238,888868.0249185822,73.64480483323909,2001.0
2001.05,1270.37,15.783333333333331,39.67333333333333,177.7,2001.3749999998815,5.39,2188.4929216375913,27.190277855936966,945733.4877714993,68.34607962858749,2001.0
2001.06,1238.71,15.69,36.79,178,2001.4583333332148,5.28,2130.3550310393252,26.983935252808983,921581.5632859854,63.27208272471909,2001.0
2001.07,1204.45,15.706666666666667,33.96333333333333,177.5,2001.541666666548,5.24,2077.2691119718306,27.08869070422535,899593.3811412338,58.575269436619706,2001.0
2001.08,1178.5,15.723333333333333,31.136666666666667,177.5,2001.6249999998813,4.97,2032.5141338028166,27.11743507042253,881190.1838111083,53.70022492957745,2001.0
2001.09,1044.64,15.74,28.31,178.3,2001.7083333332146,4.73,1793.5671991026359,27.024379416713398,778571.8444424919,48.60611062815479,2001.0
2001.1,1076.59,15.740000000000002,27.103333333333335,177.7,2001.7916666665478,4.57,1854.664069921215,27.115626617895327,806074.350089706,46.691478193584686,2001.0
2001.11,1129.68,15.740000000000002,25.896666666666665,177.4,2001.874999999881,4.65,1949.4143979706873,27.161481679819612,848238.4944465676,44.688172632468984,2001.0
2001.12,1144.93,15.74,24.69,176.7,2001.9583333332143,5.09,1983.5572075551781,27.269082342954157,864083.6644334655,42.774691426146006,2001.0
2002.01,1140.21,15.736666666666668,24.69333333333333,177.1,2002.0416666665476,5.04,1970.9183330039525,27.20173023715415,859565.352194282,42.683841897233194,2002.0
2002.02,1100.67,15.733333333333334,24.69666666666667,177.8,2002.1249999998809,4.91,1895.080739173228,27.08889763779527,827475.2461905521,42.52153444881889,2002.0
2002.03,1153.79,15.73,24.7,178.8,2002.2083333332141,5.28,1975.4297999161067,26.93168666107382,863539.1278381803,42.289425335570456,2002.0
2002.04,1111.93,15.833333333333332,25.38,179.8,2002.2916666665474,5.21,1893.1721416852054,26.957835094549488,828563.0544460361,43.21199082313681,2002.0
2002.05,1079.25,15.936666666666667,26.06,179.8,2002.3749999998806,5.16,1837.5311700500552,27.13377043937708,805200.9157756959,44.369758898776404,2002.0
2002.06,1014.02,16.04,26.74,179.9,2002.458333333214,4.93,1725.510881322957,27.294525291828787,757110.6434696993,45.50221984435796,2002.0
2002.07,903.59,15.96,27.84,180.1,2002.5416666665471,4.65,1535.8897708217655,27.12823375902276,674901.6159988827,47.321430316490826,2002.0
2002.08,912.55,15.879999999999999,28.939999999999998,180.7,2002.6249999998804,4.26,1545.9692868013278,26.90262700608743,680315.8937579321,49.02783536247924,2002.0
2002.09,867.81,15.8,30.04,181,2002.7083333332137,3.87,1467.7376009668503,26.722732044198892,646869.3899373647,50.80701712707181,2002.0
2002.1,854.63,15.89,29.223333333333333,181.3,2002.791666666547,3.94,1443.0543040540535,26.83047972972972,636976.2379178777,49.343993243243226,2002.0
2002.11,909.93,15.98,28.406666666666666,181.3,2002.8749999998802,4.05,1536.429101351351,26.98244594594594,679185.1774359763,47.96504054054053,2002.0
2002.12,899.18,16.07,27.59,180.9,2002.9583333332134,4.03,1521.6347454394688,27.194410862354886,673647.0519385632,46.689097429519066,2002.0
2003.01,895.84,16.119999999999997,28.5,181.7,2003.0416666665467,4.05,1509.3079779856905,27.158917446340116,669191.8017416785,48.01669647771051,2003.0
2003.02,837.03,16.169999999999998,29.41,183.1,2003.12499999988,3.9,1399.4423884489347,27.03485349535772,621478.858016133,49.17099822501364,2003.0
2003.03,846.63,16.22,30.32,184.2,2003.2083333332132,3.81,1407.0397683224753,26.956504071661232,625850.3746993244,50.38971661237784,2003.0
2003.04,890.03,16.203333333333333,31.73,183.8,2003.2916666665465,3.96,1482.3866094940147,26.987409820457014,660364.9325571136,52.847799646354716,2003.0
2003.05,935.96,16.186666666666667,33.13999999999999,183.5,2003.3749999998797,3.57,1561.4337596730243,27.003726430517705,696580.850738117,55.286459673024495,2003.0
2003.06,988,16.17,34.55,183.7,2003.458333333213,3.33,1646.4560152422425,26.94655239520958,735512.428274139,57.5759669297768,2003.0
2003.07,992.54,16.310000000000002,35.89333333333333,183.9,2003.5416666665462,3.98,1652.2228866231644,27.150296492659052,739099.3571444277,59.74951821642195,2003.0
2003.08,989.53,16.450000000000003,37.236666666666665,184.6,2003.6249999998795,4.45,1640.966116332611,27.27950907367281,735080.72093576,61.7506374593716,2003.0
2003.09,1019.44,16.59,38.58,185.2,2003.7083333332127,4.27,1685.0897332613388,27.422544411447078,755869.8372449738,63.77105264578832,2003.0
2003.1,1038.73,16.85666666666667,41.96666666666667,185,2003.791666666546,4.29,1718.8314490540538,27.893455270270266,772047.8067685644,69.4440581081081,2003.0
2003.11,1049.9,17.123333333333335,45.35333333333333,184.5,2003.8749999998793,4.3,1742.0231016260161,28.411507994579942,783528.2720097793,75.25150433604334,2003.0
2003.12,1080.64,17.39,48.74,184.3,2003.9583333332125,4.27,1794.9735301139442,28.88528065653825,808427.0198305071,80.95851519262071,2003.0
2004.01,1132.52,17.6,49.826666666666675,185.2,2004.0416666665458,4.15,1872.0060275377966,29.09203023758099,844213.0912424928,82.36130075593952,2004.0
2004.02,1143.36,17.810000000000002,50.913333333333334,186.2,2004.124999999879,4.08,1879.7741052631577,29.281046052631577,848816.6375539593,83.7055394736842,2004.0
2004.03,1123.98,18.02,52.0,187.4,2004.2083333332123,3.83,1836.0789084845246,29.436593116328705,830193.6441086059,84.94466382070436,2004.0
2004.04,1133.36,18.213333333333335,53.38333333333333,188,2004.2916666665456,4.35,1845.4928904255314,29.657458510638296,835567.7127596006,86.9260977393617,2004.0
2004.05,1102.78,18.406666666666666,54.76666666666667,189.1,2004.3749999998788,4.72,1785.2526940772075,29.79792094130089,809417.5634189163,88.65987704918032,2004.0
2004.06,1132.76,18.6,56.15,189.7,2004.458333333212,4.73,1827.9862250922506,30.015664206642068,829926.6326135271,90.61180350553504,2004.0
2004.07,1105.85,18.78666666666667,56.69,189.4,2004.5416666665453,4.5,1787.3869898363246,30.364917106652584,812642.9508665738,91.62813080781413,2004.0
2004.08,1088.94,18.973333333333333,57.23,189.5,2004.6249999998786,4.28,1759.126542744063,30.65044379947229,800955.5000540542,92.45212044854878,2004.0
2004.09,1117.66,19.16,57.77,189.9,2004.7083333332118,4.13,1801.7191240126378,30.886797788309632,821520.4455332463,93.12788665086886,2004.0
2004.1,1117.21,19.253333333333334,58.03,190.9,2004.791666666545,4.1,1791.5594776060761,30.874671555788364,818061.1515743295,93.0569870350969,2004.0
2004.11,1168.94,19.346666666666668,58.29,191,2004.8749999998784,4.19,1873.532355235602,31.008097905759158,856671.4819742881,93.42498416230366,2004.0
2004.12,1199.21,19.44,58.55,190.3,2004.9583333332116,4.23,1929.118020362585,31.272299527062525,883279.5953845524,94.18688977929581,2004.0
2005.01,1181.41,19.703333333333333,59.10666666666666,190.7,2005.0416666665449,4.22,1896.497586654431,31.62942933927635,869550.6128071798,94.8829370739381,2005.0
2005.02,1199.63,19.96666666666667,59.663333333333334,191.8,2005.1249999998781,4.17,1914.701422445255,31.8683302919708,879114.7784598029,95.22725273722625,2005.0
2005.03,1194.9,20.23,60.22,193.3,2005.2083333332114,4.5,1892.3525594930156,32.03807203828246,870079.364225796,95.36988127263318,2005.0
2005.04,1164.43,20.46333333333333,61.23333333333333,194.6,2005.2916666665446,4.34,1831.778236510791,32.19110521582733,843461.4910678025,96.32686151079135,2005.0
2005.05,1178.28,20.696666666666665,62.24666666666667,194.4,2005.374999999878,4.14,1855.4727916666664,32.59166062242797,855622.4950219763,98.02168955761314,2005.0
2005.06,1202.25,20.93,63.26,194.5,2005.4583333332112,4,1892.2456908740357,32.942152056555265,873845.643922549,99.56619871465293,2005.0
2005.07,1222.24,21.11,64.33,195.4,2005.5416666665444,4.18,1914.847879222108,33.072423362333666,885556.1598254492,100.78394101842373,2005.0
2005.08,1224.27,21.29,65.39999999999999,196.4,2005.6249999998777,4.26,1908.2622934063131,33.18459508655803,883789.4376542381,101.93858706720974,2005.0
2005.09,1225.92,21.47,66.47,198.8,2005.708333333211,4.2,1887.7657183098588,33.061154049295766,875572.6784922194,102.35560827464785,2005.0
2005.1,1191.96,21.72,67.58999999999999,199.2,2005.7916666665442,4.46,1831.785817771084,33.37896234939758,850898.5383792699,103.8712737198795,2005.0
2005.11,1237.37,21.97,68.71,197.6,2005.8749999998774,4.54,1916.968545926113,34.03654440789473,891785.0484976227,106.44747229251008,2005.0
2005.12,1262.07,22.22,69.83,196.8,2005.9583333332107,4.47,1963.1825910823165,34.56378582317072,914624.0339774077,108.62237461890241,2005.0
2006.01,1278.73,22.406666666666666,70.77666666666666,198.3,2006.041666666544,4.42,1974.0515283661116,34.59050353000504,921030.6889044694,109.26214838628336,2006.0
2006.02,1276.65,22.593333333333334,71.72333333333334,198.7,2006.1249999998772,4.57,1966.8730391293404,34.80845822848515,919034.8085325891,110.50067803220936,2006.0
2006.03,1293.74,22.78,72.67,199.8,2006.2083333332105,4.72,1982.2291884384379,34.90282507507507,927569.1223068653,111.34276989489486,2006.0
2006.04,1302.17,23.0,73.27666666666666,201.5,2006.2916666665437,4.99,1978.3128867245655,34.942593052109174,927099.1120688193,111.32507580645158,2006.0
2006.05,1290.01,23.22,73.88333333333333,202.5,2006.374999999877,5.11,1950.1606729629625,35.102619999999995,915276.9553115859,111.69244506172836,2006.0
2006.06,1253.17,23.44,74.49,202.9,2006.4583333332102,5.11,1890.7333621241987,35.36534549038935,888768.8706026897,112.38756764415966,2006.0
2006.07,1260.24,23.66,75.85,203.5,2006.5416666665435,5.09,1895.794204422604,35.592022850122845,892542.0146109054,114.10206818181815,2006.0
2006.08,1287.15,23.88,77.21,203.9,2006.6249999998768,4.88,1932.4767612800388,35.852499754781746,911218.8194627602,115.92007981853847,2006.0
2006.09,1317.74,24.1,78.57,202.9,2006.70833333321,4.72,1988.1540258748148,36.3611274026614,938901.0410651123,118.54331037456872,2006.0
2006.1,1363.38,24.36,79.55,201.8,2006.7916666665433,4.73,2068.226516105054,36.95374578790881,978169.3619737278,120.67612797324081,2006.0
2006.11,1388.64,24.619999999999997,80.53,201.5,2006.8749999998765,4.6,2109.681844168734,37.4037669975186,999249.8705018024,122.34465297766747,2006.0
2006.12,1416.42,24.88,81.51,201.8,2006.9583333332098,4.56,2148.6873813181364,37.74257779980177,1019214.5554897549,123.64941786422197,2006.0
2007.01,1424.16,25.083333333333332,82.05666666666667,202.416,2007.041666666543,4.76,2153.85414394119,37.93523301023634,1023164.8981725189,124.0998845199984,2007.0
2007.02,1444.8,25.286666666666665,82.60333333333334,203.499,2007.1249999998763,4.72,2173.4407146963863,38.03922402567088,1033975.1279657101,124.2617994437319,2007.0
2007.03,1406.95,25.49,83.15,205.352,2007.2083333332096,4.56,2097.403902202072,37.99909411644395,999308.4375413357,123.95546001499862,2007.0
2007.04,1463.64,25.71666666666667,83.74000000000001,206.686,2007.2916666665428,4.69,2167.8316581674612,38.08956037177167,1034376.0683481187,124.02928524428359,2007.0
2007.05,1511.14,25.943333333333335,84.33000000000001,207.949,2007.374999999876,4.75,2224.591175480526,38.19190174033056,1062977.3446002514,124.14453579964318,2007.0
2007.06,1514.19,26.17,84.92,208.352,2007.4583333332093,5.1,2224.769616922323,38.45106682441253,1064593.7001470318,124.77128753263705,2007.0
2007.07,1520.71,26.440000000000005,82.81333333333333,208.299,2007.5416666665426,5,2234.917836979534,38.8576570218772,1070999.3218518044,121.7069630675135,2007.0
2007.08,1454.62,26.71,80.70666666666666,207.917,2007.6249999998759,4.67,2141.7160888720014,39.326584766998366,1027906.4116977946,118.82881197785652,2007.0
2007.09,1497.12,26.98,78.6,208.49,2007.708333333209,4.52,2198.233022207299,39.61494532111851,1056615.861013796,115.40899563528224,2007.0
2007.1,1539.66,27.230000000000004,74.46000000000001,208.936,2007.7916666665424,4.53,2255.8691017823635,39.89667565666041,1085917.6457745554,109.0968222326454,2007.0
2007.11,1463.39,27.480000000000004,70.32000000000001,210.177,2007.8749999998756,4.15,2131.460255998515,40.02523444525329,1027636.0053224489,102.42265233588832,2007.0
2007.12,1479.22,27.73,66.18,210.036,2007.9583333332089,4.1,2155.963361280923,40.41647896074958,1041073.4561180585,96.45735945266524,2007.0
2008.01,1378.76,27.92,64.25,211.08,2008.0416666665421,3.74,1999.6037137578164,40.49213473564525,967199.7804563879,93.18121979818076,2008.0
2008.02,1354.87,28.11,62.32,211.693,2008.1249999998754,3.74,1959.2663239927626,40.649638981921925,949327.2619564414,90.12043761484789,2008.0
2008.03,1316.94,28.3,60.39,213.528,2008.2083333332087,3.51,1888.0500442564908,40.57270357985838,916458.9255149615,86.57899537765537,2008.0
2008.04,1370.47,28.436666666666667,57.383333333333326,214.823,2008.291666666542,3.68,1952.9498932842384,40.522875460262625,949600.4420785676,81.77251213789954,2008.0
2008.05,1403.22,28.573333333333334,54.376666666666665,216.632,2008.3749999998752,3.88,1982.9214084253476,40.377613187340735,965809.8598151336,76.84087773274491,2008.0
2008.06,1341.25,28.71,51.37,218.815,2008.4583333332084,4.1,1876.4413288622804,40.16598736375476,915577.5184118932,71.86787777346159,2008.0
2008.07,1257.33,28.756666666666668,49.56333333333333,219.964,2008.5416666665417,4.01,1749.8467457174806,40.0211237975305,855435.1543652758,68.97810243949009,2008.0
2008.08,1281.47,28.803333333333335,47.75666666666667,219.086,2008.624999999875,3.89,1790.5900305131313,40.24671784139561,876992.6286516852,66.73009217841394,2008.0
2008.09,1216.95,28.85,45.95,218.783,2008.7083333332082,3.69,1702.7916297198592,40.3677542359324,835638.4583505093,64.29456870506391,2008.0
2008.1,968.8,28.696666666666665,35.593333333333334,216.573,2008.7916666665415,3.81,1369.4057985067386,40.5629456349591,673689.4834409029,50.3114337890688,2008.0
2008.11,883.04,28.543333333333333,25.236666666666668,212.425,2008.8749999998747,3.53,1272.5565616099798,41.13404389784629,627730.1230284248,36.36877803930798,2008.0
2008.12,877.56,28.39,14.88,210.228,2008.958333333208,2.42,1277.875682116559,41.34063837833209,632053.3382032219,21.66779496546606,2008.0
2009.01,865.58,28.013333333333335,12.206666666666667,211.143,2009.0416666665412,2.52,1254.9686300279902,40.61537299365832,622397.2956997083,17.697940968916797,2009.0
2009.02,805.23,27.63666666666667,9.533333333333333,212.193,2009.1249999998745,2.87,1161.692642193663,39.87098384489592,577785.2191914218,13.75358989222076,2009.0
2009.03,757.13,27.26,6.86,212.709,2009.2083333332077,2.82,1089.6497753973736,39.23217000691084,543579.6802411156,9.872805805114027,2009.0
2009.04,848.15,26.703333333333333,7.076666666666666,213.24,2009.291666666541,2.93,1217.6047604811477,38.335324868692545,609004.6055607534,10.159267843744136,2009.0
2009.05,902.41,26.14666666666667,7.293333333333333,213.856,2009.3749999998743,3.29,1291.7688410659507,37.42805298892713,647658.9835862449,10.440155525213225,2009.0
2009.06,926.12,25.59,7.51,215.693,2009.4583333332075,3.72,1314.4181790785974,36.31922558914753,660532.2258942561,10.658748893102693,2009.0
2009.07,935.82,25.026666666666664,9.186666666666667,215.351,2009.5416666665408,3.56,1330.29443582802,35.57611016433635,670000.3261867985,13.059104903158099,2009.0
2009.08,1009.73,24.46333333333333,10.863333333333333,215.834,2009.624999999874,3.59,1432.1474863784201,34.69749471816302,722754.703663987,15.407975921309893,2009.0
2009.09,1044.55,23.9,12.54,215.969,2009.7083333332073,3.4,1480.6082360199841,33.87730299255911,748635.8717044129,17.7749531182716,2009.0
2009.1,1067.66,23.403333333333332,25.349999999999998,216.177,2009.7916666665406,3.39,1511.9096233641876,33.1413791707721,765859.1381656908,35.89804708641529,2009.0
2009.11,1088.07,22.906666666666666,38.16,216.33,2009.8749999998738,3.4,1539.7224098599359,32.41510932371838,781316.0545770066,54.0000249618638,2009.0
2009.12,1110.38,22.41,50.97,215.949,2009.958333333207,3.59,1574.0654203075726,31.76822895683702,800086.427848594,72.25464658322102,2009.0
2010.01,1123.58,22.24,54.28999999999999,216.687,2010.0416666665403,3.73,1587.3528935746026,31.419861828351483,808171.2320811972,76.69893429232023,2010.0
2010.02,1089.16,22.07,57.61,216.741,2010.1249999998736,3.69,1538.342205212673,31.17192374769886,784540.9012232538,81.36903158608659,2010.0
2010.03,1152.05,21.9,60.93,217.631,2010.2083333332068,3.73,1620.5144780614892,30.805318405925618,827757.2359632239,85.7063036745684,2010.0
2010.04,1197.32,21.946666666666665,62.986666666666665,218.009,2010.29166666654,3.85,1681.2726919530844,30.817435060020454,860104.2661654702,88.44566416982784,2010.0
2010.05,1125.06,21.993333333333332,65.04333333333332,218.178,2010.3749999998734,3.42,1578.5817321178117,30.859042387408437,808885.2698484734,91.2628817983481,2010.0
2010.06,1083.36,22.04,67.1,217.965,2010.4583333332066,3.2,1521.5575363016994,30.954740898768144,780987.1498910674,94.24061317183948,2010.0
2010.07,1079.8,22.143333333333334,68.68666666666667,218.011,2010.5416666665399,3.01,1516.2375958093853,31.093308479847344,779586.4915211803,96.44870006559302,2010.0
2010.08,1087.28,22.246666666666666,70.27333333333333,218.312,2010.6249999998731,2.7,1524.635879841694,31.195337177983795,785241.1532723748,98.54062007585472,2010.0
2010.09,1122.08,22.35,71.86,218.439,2010.7083333332064,2.65,1572.5193083652641,31.32201495612047,811247.133075793,100.70693488800076,2010.0
2010.1,1171.58,22.476666666666667,73.69,218.711,2010.7916666665396,2.54,1639.848276721335,31.460355331922027,847333.9879964192,103.14312254527661,2010.0
2010.11,1198.89,22.603333333333335,75.52,218.803,2010.874999999873,2.76,1677.3682192428805,31.624346672577612,868082.831039505,105.6601088650521,2010.0
2010.12,1241.53,22.73,77.35,219.179,2010.9583333332062,3.29,1734.0460312119314,31.747010776579867,898784.2722196619,108.03481229953597,2010.0
2011.01,1282.62,22.963333333333335,78.67,220.223,2011.0416666665394,3.39,1782.9438980033867,31.92086124065152,925507.5906628093,109.3575622210214,2011.0
2011.02,1321.12,23.196666666666665,79.99000000000001,221.309,2011.1249999998727,3.58,1827.450138945998,32.08698053400448,949998.3177931614,110.64682739969905,2011.0
2011.03,1304.49,23.43,81.31,223.467,2011.208333333206,3.41,1787.0211819866017,32.09676294486433,930371.8168542305,111.3865896306837,2011.0
2011.04,1331.51,23.733333333333334,82.16333333333334,224.906,2011.2916666665392,3.46,1812.3652882759905,32.30427823179461,944968.18816784,111.8354149066721,2011.0
2011.05,1338.31,24.036666666666665,83.01666666666667,225.964,2011.3749999998724,3.17,1813.0918842160695,32.5639689286789,946761.9415003298,112.46784720132408,2011.0
2011.06,1287.29,24.34,83.87,225.722,2011.4583333332057,3,1745.8416524530169,33.01026638962971,913081.599540148,113.7457289276189,2011.0
2011.07,1325.19,24.619999999999997,84.90666666666667,225.922,2011.541666666539,3,1795.6511615734632,33.36044763236869,940586.1255661285,115.04973220846131,2011.0
2011.08,1185.31,24.9,85.94333333333334,226.545,2011.6249999998722,2.3,1601.694970204595,33.64706680791895,840458.0071061944,116.13417985389216,2011.0
2011.09,1173.88,25.18,86.98,226.889,2011.7083333332055,1.98,1583.8447421426333,33.97383941046061,832577.0423213204,117.35681302310819,2011.0
2011.1,1207.22,25.596666666666664,86.97,226.421,2011.7916666665387,2.15,1632.1950726743542,34.607406446398514,859509.2819928144,117.58586294999137,2011.0
2011.11,1226.42,26.013333333333335,86.96000000000001,226.23,2011.874999999872,2.01,1659.5539431109933,35.20044512222075,875461.0898559957,117.67160588781329,2011.0
2011.12,1243.32,26.43,86.95,225.672,2011.9583333332052,1.98,1686.5824883016055,35.85269694512389,891295.5112080104,117.94899732798041,2011.0
2012.01,1300.58,26.736666666666668,87.48,226.665,2012.0416666665385,1.97,1756.5274918933223,36.109804888271235,929849.0420518118,118.14807623585466,2012.0
2012.02,1352.49,27.043333333333337,88.01,227.663,2012.1249999998718,1.97,1818.628334314315,36.36387127025472,964327.3816664419,118.34281932066254,2012.0
2012.03,1389.24,27.35,88.54,229.392,2012.208333333205,2.17,1853.9642537664781,36.49903712858338,984677.0479844164,118.15812604624396,2012.0
2012.04,1386.43,27.673333333333332,88.33333333333334,230.085,2012.2916666665383,2.05,1844.6415447551988,36.81929873742312,981355.1944426716,117.52727252971727,2012.0
2012.05,1341.27,27.996666666666666,88.12666666666667,229.815,2012.3749999998715,1.8,1786.652881339338,37.29325577094618,952158.3845298192,117.39005787263666,2012.0
2012.06,1323.48,28.32,87.92,229.478,2012.4583333332048,1.62,1765.5445127637504,37.77935488369255,942586.9397860111,117.28675428581386,2012.0
2012.07,1359.78,28.743333333333332,87.44666666666667,229.104,2012.541666666538,1.53,1816.930529148334,38.4066833184929,971729.5588106113,116.84575323870381,2012.0
2012.08,1403.45,29.166666666666664,86.97333333333333,230.379,2012.6249999998713,1.68,1864.9036582110346,38.756652082003995,999113.8325127194,115.57012184270266,2012.0
2012.09,1443.42,29.59,86.5,231.407,2012.7083333332046,1.72,1909.495201311974,39.14450610828539,1024751.1777850604,114.43054337163522,2012.0
2012.1,1437.82,30.14333333333333,86.50333333333333,231.317,2012.7916666665378,1.75,1902.827038436431,39.89202382444869,1022956.6766913543,114.47947697315801,2012.0
2012.11,1394.51,30.696666666666665,86.50666666666667,230.221,2012.874999999871,1.65,1854.295915772236,40.81770917944061,998695.0529705576,115.02890526928472,2012.0
2012.12,1422.29,31.25,86.51,229.601,2012.9583333332043,1.72,1896.342271919547,41.665691242633955,1023210.61031498,115.34396638080844,2012.0
2013.01,1480.4,31.536666666666665,86.90666666666667,230.28,2013.0416666665376,1.91,1968.0004820218862,41.92392272450928,1063760.352966765,115.53118203925654,2013.0
2013.02,1512.31,31.82333333333333,87.30333333333334,232.166,2013.1249999998709,1.98,1994.0890549219089,41.961344361362116,1079752.078753807,115.11569814270823,2013.0
2013.03,1550.83,32.11,87.7,232.773,2013.208333333204,1.96,2039.548018133546,42.22892700184299,1106272.5297193122,115.33718150300936,2013.0
2013.04,1570.7,32.49666666666667,88.78333333333333,232.531,2013.2916666665374,1.76,2067.8295119790473,42.781922947908015,1123546.4934952497,116.88342575828597,2013.0
2013.05,1639.84,32.88333333333334,89.86666666666667,232.945,2013.3749999998706,1.93,2155.015645753289,43.214031745691045,1172875.3938933157,118.09937109618149,2013.0
2013.06,1618.77,33.27,90.95,233.504,2013.4583333332039,2.3,2122.2335085266204,43.617505160511165,1157011.8413629136,119.23691296508838,2013.0
2013.07,1668.68,33.64666666666667,92.09,233.596,2013.5416666665371,2.58,2186.804725680234,44.09394831247109,1194218.44354321,120.68392213479682,2013.0
2013.08,1670.09,34.02333333333333,93.23,233.877,2013.6249999998704,2.74,2186.022894406033,44.533998533417126,1195818.1594053416,122.03109679446887,2013.0
2013.09,1687.17,34.4,94.37,234.149,2013.7083333332037,2.81,2205.8139653596636,44.97472122451942,1208694.6581565675,123.37978028947377,2013.0
2013.1,1720.03,34.596666666666664,96.31333333333333,233.546,2013.791666666537,2.62,2254.5814692822823,45.34862971320424,1237487.9938689463,126.24562163342551,2013.0
2013.11,1783.54,34.79333333333334,98.25666666666666,233.069,2013.8749999998702,2.72,2342.613738206282,45.6997547936448,1287897.1801879762,129.0564928197229,2013.0
2013.12,1807.78,34.99,100.2,233.049,2013.9583333332034,2.9,2374.6558532754907,45.96201324614136,1307618.6610120218,131.62028371715817,2013.0
2014.01,1822.36,35.403333333333336,100.41666666666666,233.916,2014.0416666665367,2.86,2384.9352370081565,46.33258915593632,1315405.176189147,131.41599174489986,2014.0
2014.02,1817.04,35.81666666666666,100.63333333333333,234.781,2014.12499999987,2.71,2369.2117871548376,46.70082598251135,1308879.4231775103,131.21432632964334,2014.0
2014.03,1863.52,36.23,100.85,236.293,2014.2083333332032,2.72,2414.268382051097,46.9374857697858,1335931.996552602,130.65540822199554,2014.0
2014.04,1864.26,36.61333333333333,101.60666666666667,237.072,2014.2916666665365,2.71,2407.2908363282036,47.27824542754942,1334251.0940130039,131.20315705777145,2014.0
2014.05,1889.77,36.99666666666667,102.36333333333334,237.9,2014.3749999998697,2.56,2431.738401324085,47.60696542664984,1350000.1234107693,131.72018211433374,2014.0
2014.06,1947.09,37.38,103.12,238.343,2014.458333333203,2.6,2500.8403602161584,48.010832917266285,1390583.7948186132,132.4472201826779,2014.0
2014.07,1973.1,37.75,104.06666666666666,238.25,2014.5416666665362,2.54,2535.2368111227697,48.504986883525696,1411957.4107202955,133.71529275970616,2014.0
2014.08,1961.53,38.120000000000005,105.01333333333334,237.852,2014.6249999998695,2.42,2524.5878742873715,49.062359366328636,1408303.7026790977,135.15744748835408,2014.0
2014.09,1993.23,38.49,105.96,238.031,2014.7083333332027,2.53,2563.458191685116,49.50131484974646,1432288.0605280711,136.27330011637136,2014.0
2014.1,1937.27,38.806666666666665,104.74333333333334,237.433,2014.791666666536,2.3,2497.7640931336414,50.03427430053951,1397912.2647846069,135.04784412865945,2014.0
2014.11,2044.57,39.123333333333335,103.52666666666667,236.151,2014.8749999998693,2.33,2650.419022892132,50.71639851196903,1485713.3060509001,134.20379185351743,2014.0
2014.12,2054.27,39.44,102.31,234.812,2014.9583333332025,2.21,2678.1788810835897,51.418447949849224,1503676.2317754326,133.38289578471284,2014.0
2015.01,2028.18,39.89666666666667,101.28999999999999,233.707,2015.0416666665358,1.88,2656.666993072522,52.25973901081267,1494043.4034384994,132.67747425194793,2015.0
2015.02,2082.2,40.35333333333333,100.27000000000001,234.722,2015.124999999869,1.98,2715.63245243309,52.62934471417249,1529670.5631879054,130.77344443639709,2015.0
2015.03,2079.99,40.81,99.25,236.119,2015.2083333332023,2.04,2696.70013308967,52.910029582541,1521489.9143878638,128.67729566447426,2015.0
2015.04,2094.86,41.120000000000005,97.80333333333334,236.599,2015.2916666665355,1.94,2710.4689988123364,53.20378699825443,1531759.852116643,126.54444830705117,2015.0
2015.05,2111.94,41.43,96.35666666666667,237.805,2015.3749999998688,2.2,2718.7103397741844,53.333034734341155,1538928.9208908211,124.04039223313217,2015.0
2015.06,2099.29,41.74,94.91,238.638,2015.458333333202,2.36,2692.9927315641257,53.54453963744248,1526897.1863872495,121.75161133180798,2015.0
2015.07,2094.14,41.99666666666667,93.49333333333334,238.654,2015.5416666665353,2.32,2686.2061513739545,53.87018267030931,1525594.5868812576,119.92625474536356,2015.0
2015.08,2039.87,42.25333333333333,92.07666666666667,238.316,2015.6249999998686,2.17,2620.3037287676857,54.27628568791016,1490734.984424537,118.27657301649907,2015.0
2015.09,1944.41,42.51,90.66,237.945,2015.7083333332018,2.17,2501.5754576687887,54.69112620563575,1425781.3605750925,116.63837924730502,2015.0
2015.1,2024.81,42.803333333333335,89.28333333333333,237.838,2015.791666666535,2.07,2606.185820915917,55.093287973326376,1488021.10666012,114.91890961494798,2015.0
2015.11,2080.62,43.096666666666664,87.90666666666667,237.336,2015.8749999998684,2.26,2683.6847298766297,55.58817383372095,1534914.5563230813,113.38628821586272,2015.0
2015.12,2054.08,43.39,86.53,236.525,2015.9583333332016,2.24,2658.53662488109,56.158428178839436,1523207.8930927925,111.99328855300705,2015.0
2016.01,1918.6,43.553333333333335,86.5,236.916,2016.0416666665349,2.09,2479.0905700754693,56.27679451788819,1423081.3022310915,111.76969368890238,2016.0
2016.02,1904.42,43.71666666666667,86.47,237.111,2016.1249999998681,1.78,2458.7443583384993,56.44138768340565,1414101.8306972673,111.63904215747053,2016.0
2016.03,2021.95,43.88,86.44,238.132,2016.2083333332014,1.89,2599.2915636075786,56.40936413417768,1497638.5520586008,111.1218194110829,2016.0
2016.04,2075.54,44.07333333333334,86.6,239.261,2016.2916666665346,1.81,2655.593144515821,56.39054985977656,1532785.4902381909,110.80218464354823,2016.0
2016.05,2065.55,44.266666666666666,86.75999999999999,240.229,2016.374999999868,1.81,2632.162052146077,56.40969241848401,1521974.5312527216,110.55959896598658,2016.0
2016.06,2083.89,44.46,86.92,241.018,2016.4583333332012,1.64,2646.8398043922025,56.470589955936894,1533182.5791679579,110.40089246446321,2016.0
2016.07,2148.9,44.65,87.64333333333333,240.628,2016.5416666665344,1.5,2733.8355667254013,56.80383361454194,1586316.864457142,111.5000520512991,2016.0
2016.08,2170.95,44.84,88.36666666666667,240.849,2016.6249999998677,1.56,2759.353354695265,56.993207777487136,1603879.517166046,112.31712296916324,2016.0
2016.09,2157.69,45.03,89.09,241.428,2016.708333333201,1.63,2735.9222852154676,57.09744240518911,1593025.828991861,112.96493768328445,2016.0
2016.1,2143.02,45.25333333333333,90.91,241.729,2016.7916666665342,1.76,2713.937322580244,57.30917597805806,1583005.552827146,115.12913645032243,2016.0
2016.11,2164.99,45.47666666666667,92.73,241.353,2016.8749999998674,2.14,2746.031647524579,57.68172873343193,1604529.5217812476,117.61694727225265,2016.0
2016.12,2246.63,45.7,94.55,241.432,2016.9583333332007,2.49,2848.6498282124985,57.946033458696434,1667311.7226541126,119.88615893916298,2016.0
2017.01,2275.12,45.92666666666667,96.46333333333334,242.839,2017.041666666534,2.43,2868.059898945391,57.8960366745045,1681496.2905350784,121.60352774883768,2017.0
2017.02,2329.91,46.153333333333336,98.37666666666667,243.603,2017.1249999998672,2.42,2927.9176509525737,57.99930440101312,1719423.5746201042,123.62656874094323,2017.0
2017.03,2366.82,46.38,100.29,243.801,2017.2083333332005,2.48,2971.8856343903426,58.23681383587434,1748093.8025694601,125.92863431651223,2017.0
2017.04,2359.31,46.660000000000004,101.53333333333333,244.524,2017.2916666665337,2.3,2953.6964552559252,58.41516231535554,1740258.106455317,127.11286213214242,2017.0
2017.05,2395.35,46.94,102.77666666666667,244.733,2017.374999999867,2.3,2996.2551316128183,58.71551793178687,1768215.6490754383,128.55954867140923,2017.0
2017.06,2433.99,47.22,104.02,244.955,2017.4583333332002,2.19,3041.8292083239767,59.0122289808332,1798012.9529126242,129.9968669755669,2017.0
2017.07,2454.1,47.53666666666667,105.03999999999999,244.786,2017.5416666665335,2.32,3069.07869628982,59.448991874535295,1817048.3533716772,131.362220878645,2017.0
2017.08,2456.22,47.85333333333334,106.06,245.519,2017.6249999998668,2.21,3062.5592644561107,59.666344763541716,1816132.3118823967,132.24183321861037,2017.0
2017.09,2492.84,48.17,107.08,246.819,2017.7083333332,2.2,3091.84818470215,59.74484004472912,1836453.4203424763,132.81041046272773,2017.0
2017.1,2557,48.42333333333333,108.01333333333334,246.663,2017.7916666665333,2.36,3173.4310273531087,60.097031070732115,1887885.5080291461,134.05274281104175,2017.0
2017.11,2593.61,48.67666666666666,108.94666666666666,246.669,2017.8749999998665,2.35,3218.7885193315733,60.4099675070641,1917863.6850085058,135.20779141278388,2017.0
2017.12,2664.34,48.93,109.88,246.524,2017.9583333331998,2.4,3308.512531639921,60.760082486897815,1974341.2137731167,136.44630827018867,2017.0
2018.01,2789.8,49.28666666666666,111.73333333333332,247.867,2018.041666666533,2.58,3445.5353052241726,60.87137073511196,2059136.0506557806,137.99596557831413,2018.0
2018.02,2705.16,49.64333333333333,113.58666666666666,248.991,2018.1249999998663,2.86,3325.9188802004883,61.03509574643258,1990690.0255948754,139.65164323208467,2018.0
2018.03,2702.77,50.0,115.44,249.554,2018.2083333331996,2.84,3315.4837156487165,61.334921499955904,1987503.4546051675,141.6100667590982,2018.0
2018.04,2653.63,50.33,117.78666666666666,250.546,2018.2916666665328,2.87,3242.315254783552,61.495282602795484,1946713.8122930154,143.9166372642149,2018.0
2018.05,2701.49,50.66,120.13333333333333,251.588,2018.374999999866,2.976,3287.1217227172992,61.6421258168116,1976700.2038616552,146.1759583127971,2018.0
2018.06,2754.35,50.99,122.48,251.989,2018.4583333331993,2.91,3346.1074873307957,61.94493102873537,2015275.3049527314,148.79417831730748,2018.0
2018.07,2793.64,51.44,125.11666666666667,252.006,2018.5416666665326,2.89,3393.6097914335364,62.487395538201454,2047020.9465817125,151.98706528812806,2018.0
2018.08,2857.82,51.89,127.75333333333333,252.146,2018.6249999998658,2.89,3469.6457292600317,62.99904013944301,2096052.468731228,155.10382298350953,2018.0
2018.09,2901.5,52.34,130.39,252.439,2018.708333333199,3,3518.588416409508,63.47162423397335,2128814.630534438,158.12122819770318,2018.0
2018.1,2785.46,52.81,131.05666666666667,252.885,2018.7916666665324,3.15,3371.9117628566337,63.92863663325226,2043295.566538031,158.64938499713307,2018.0
2018.11,2723.23,53.28,131.72333333333333,252.038,2018.8749999998656,3.12,3307.6583365405213,64.71434148818827,2007627.5126276147,159.9922818186146,2018.0
2018.12,2567.31,53.75,132.39,251.233,2018.9583333331989,2.83,3128.2681495862403,65.49439414806174,1902056.9618043895,161.31726216301197,2018.0
2019.01,2607.39,54.14666666666667,133.05666666666664,251.712,2019.0416666665321,2.71,3171.0597119922763,65.85217907767606,1931411.8213502665,161.82106822479656,2019.0
2019.02,2754.86,54.54333333333334,133.7233333333333,252.776,2019.1249999998654,2.68,3336.307262754375,66.0553781806817,2035412.6227019567,161.94729612384077,2019.0
2019.03,2803.98,54.94,134.39,254.202,2019.2083333331987,2.57,3376.7452162060085,66.16251976774375,2063446.6882668764,161.841664207992,2019.0
2019.04,2903.8,55.319091580592705,134.68333333333334,255.548,2019.291666666532,2.53,3478.5364569474223,66.26815787185926,2129023.405489888,161.34061751608306,2019.0
2019.05,2854.71,55.69818316118541,134.97666666666666,256.092,2019.3749999998652,2.4,3412.465971311091,66.58054748166981,2091981.1081717394,161.34853695156426,2019.0
2019.06,2890.17,56.07727474177812,135.27,256.143,2019.4583333331984,2.06,3454.166292559234,67.02035942232924,2120968.961013439,161.6669865075368,2019.0
2019.07,2996.1136363636365,56.45818316118542,134.48000000000002,256.571,2019.5416666665317,1.63,3574.8107822626444,67.363039726531,2198495.4719943143,160.45471312034485,2019.0
2019.08,2897.498181818182,56.83909158059271,133.69,256.558,2019.624999999865,1.63,3457.3230016391826,67.82095669531994,2129716.722616805,159.52020780876057,2019.0
2019.09,2982.156,57.22,132.9,256.759,2019.7083333331982,1.7,3555.55194127567,68.22201188663297,2193727.9856414855,158.4534320121203,2019.0
2019.1,2977.68,57.56,135.09,257.346,2019.7916666665315,1.71,3542.1173602853737,68.47084819659135,2188959.4953340217,160.69713139120094,2019.0
2019.11,3104.9044999999996,57.900000000000006,137.28,257.208,2019.8749999998647,1.81,3695.439692092585,68.91225097975178,2287258.5772533957,163.38987589810577,2019.0
2019.12,3176.7495238095235,58.24,139.47,256.974,2019.958333333198,1.86,3784.3921558212105,69.38003689089167,2345893.4021703084,166.1475574377174,2019.0
2020.01,3278.2028571428577,58.686867862126704,131.75666666666666,257.971,2020.0416666665312,1.76,3890.158371095976,69.64218513500815,2415053.9659704273,156.3522216644506,2020.0
2020.02,3277.3142105263164,59.13373572425341,124.04333333333332,258.678,2020.1249999998645,1.5,3878.4744198690832,69.9806813216678,2411420.8372980515,146.7966952156735,2020.0
2020.03,2652.3936363636367,59.58060358638012,116.33,258.115,2020.2083333331977,0.87,3145.7708111342195,70.66331373376045,1959527.4781229822,137.96878164771513,2020.0
2020.04,2761.975238095238,59.61373572425342,110.63,256.389,2020.291666666531,0.66,3297.788027957517,71.17857584735064,2057915.1113499296,132.09180317798342,2020.0
2020.05,2919.615,59.64686786212671,104.93,256.394,2020.3749999998643,0.67,3485.9413282389596,71.21674665344428,2179031.6551584965,125.28358142156212,2020.0
2020.06,3104.6609090909087,59.68,99.23,257.797,2020.4583333331975,0.73,3686.707302442336,70.86850971888732,2308220.3298470285,117.8331471079958,2020.0
2020.07,3207.6190909090906,59.403333333333336,98.89333333333335,259.101,2020.5416666665308,0.62,3789.79785200471,70.18496233129166,2376426.4221931566,116.84234680684365,2020.0
2020.08,3391.71,59.126666666666665,98.55666666666667,259.918,2020.624999999864,0.65,3994.704880096799,69.63849617956431,2508554.1482792543,116.07855544825674,2020.0
2020.09,3365.5166666666664,58.85,98.22,260.28,2020.7083333331973,0.68,3958.3417987359758,69.21624164361455,2489341.3728543776,115.52114280774549,2020.0
2020.1,3418.701363636364,58.659615378670054,96.85666666666667,260.388,2020.7916666665305,0.79,4019.227083032209,68.96370572696827,2531245.39465307,113.87041347911577,2020.0
2020.11,3548.992500000001,58.469230757340114,95.49333333333334,260.229,2020.8749999998638,0.87,4174.954373047394,68.78187841734638,2632929.7803101344,112.33619389076543,2020.0
2020.12,3695.3099999999995,58.27884613601017,94.13,260.474,2020.958333333197,0.93,4342.9901334682145,68.49342917335878,2742500.9315162664,110.62824533350735,2020.0
2021.01,3793.748421052632,58.06369311230766,105.48666666666665,261.582,2021.0416666665303,1.08,4439.79600953349,67.95151506310816,2807207.494144519,123.45027391028431,2021.0
2021.02,3883.4321052631576,57.84854008860516,116.84333333333332,263.014,2021.1249999998636,1.26,4520.0079151830205,67.33112669277861,2861471.8114904235,135.9964014273004,2021.0
2021.03,3910.5082608695648,57.63338706490265,128.2,264.877,2021.2083333331968,1.61,4519.509499236806,66.60889657732072,2864670.276423819,148.16516911623125,2021.0
2021.04,4141.176190476191,57.71060542140715,138.38666666666666,267.054,2021.29166666653,1.64,4747.084538145843,66.15442330443213,3012411.972856286,158.63444958697488,2021.0
2021.05,4167.849500000001,57.787823777911655,148.57333333333332,269.195,2021.3749999998633,1.62,4739.662132696559,65.71608693910602,3011177.036113465,168.95701294600565,2021.0
2021.06,4238.489545454546,57.86504213441615,158.76,271.696,2021.4583333331966,1.52,4775.624993839203,65.19816517726971,3037476.5499361856,178.87934272127669,2021.0
2021.07,4363.7128571428575,58.32818900579217,164.31666666666666,273.003,2021.5416666665299,1.32,4893.178857649916,65.40537166210862,3115711.9038532227,184.25383741204305,2021.0
2021.08,4454.206363636363,58.79133587716819,169.87333333333333,273.567,2021.6249999998631,1.28,4984.355052269061,65.78880008823359,3177258.874166126,190.09200250761236,2021.0
2021.09,4445.543333333333,59.254482748544206,175.43,274.31,2021.7083333331964,1.37,4961.186492563157,66.12747135578347,3166002.88683384,195.77830675148553,2021.0
2021.1,4460.707142857143,59.63536092649366,182.91,276.589,2021.7916666665296,1.58,4937.091228772654,66.00415762024225,3154136.4589116867,202.44399099385728,2021.0
2021.11,4667.386666666667,60.01623910444312,190.39,277.948,2021.874999999863,1.56,5140.5853317886795,66.10092980142116,3287660.9206519127,209.69251343776529,2021.0
2021.12,4674.772727272726,60.397117282392585,197.87,278.802,2021.9583333331962,1.47,5132.949146950815,66.31666387208712,3286311.6006795857,217.26332101276168,2021.0
2022.01,4573.8155,60.921402962953294,197.88333333333333,281.148,2022.0416666665294,1.76,4980.190876251118,66.33416131554014,3192049.01668343,215.4649157205457,2022.0
2022.02,4435.980526315789,61.44568864351402,197.89666666666665,283.716,2022.1249999998627,1.93,4786.390716666442,66.29945103630861,3071374.187348944,213.5290636587291,2022.0
2022.03,4391.265217391306,61.969974324074734,197.91,287.504,2022.208333333196,2.13,4675.715965123813,65.98417175028239,3003883.8616781803,210.72991514900656,2022.0
2022.04,4391.295999999999,62.65331621604982,196.02666666666664,289.109,2022.2916666665292,2.75,4649.791138428757,66.3414250678076,2990780.3410680913,207.5658433324455,2022.0
2022.05,4040.3599999999997,63.336658108024906,194.14333333333332,292.296,2022.3749999998624,2.9,4231.55057168076,66.33376031476446,2725320.419838315,203.33023125530278,2022.0
2022.06,3898.9466666666676,64.02,192.26,296.311,2022.4583333331957,3.14,4028.115040278627,66.14092136302735,2597848.059116452,198.6293898977763,2022.0
2022.07,3911.729499999999,64.4527684478357,190.58333333333331,296.276,2022.541666666529,2.9,4041.7987704412417,66.59589326511367,2610252.2280681306,196.92043694055536,2022.0
2022.08,4158.5630434782615,64.8855368956714,188.90666666666664,296.171,2022.6249999998622,2.9,4298.363135122586,67.06682016817865,2779554.607152706,195.25721829618692,2022.0
2022.09,3850.520476190475,65.31830534350709,187.23,296.808,2022.7083333331955,3.52,3971.4233008375763,67.36924044852047,2571767.971244365,193.1088509238295,2022.0
2022.1,3726.050952380952,65.85220356233806,182.40333333333334,298.012,2022.7916666665287,3.98,3827.519237228701,67.64549899342859,2482230.680083021,187.3705636853549,2022.0
2022.11,3917.488571428571,66.38610178116903,177.57666666666665,297.711,2022.874999999862,3.89,4028.2387370637953,68.26288371277788,2616090.870156019,182.59688431062335,2022.0
2022.12,3912.380952380953,66.92,172.75,296.797,2022.9583333331952,3.62,4035.3756944982592,69.02378494391787,2624461.4358516494,178.18079571222074,2022.0
2023.01,3960.6565,67.35,173.55666666666667,299.17,2023.0416666665285,3.53,4052.7655603962617,68.91629215830461,2639506.2254679734,177.5929019453822,2023.0
2023.02,4079.684736842105,67.78,174.36333333333332,300.84,2023.1249999998618,3.75,4151.388410043981,68.97128689668926,2707481.1592775686,177.4279062790852,2023.0
2023.03,3968.5591304347827,68.21,175.17,301.67499999999995,2023.208333333195,3.66,4027.132129616886,69.21672917875196,2630204.693997764,177.75537971326756,2023.0
2023.04,4121.467368421053,68.37666666666667,177.17,303.363,2023.2916666665283,3.46,4159.025661752803,68.99977263212718,2720102.5674309423,178.78452274997275,2023.0
2023.05,4146.1731818181825,68.54333333333332,179.17,304.127,2023.3749999998615,3.57,4173.446062720657,68.99420069576193,2733294.1775248125,180.34855233175608,2023.0
2023.06,4345.372857142857,68.71,181.17,305.109,2023.4583333331948,3.75,4359.878369123821,68.93936437469885,2859155.865916324,181.77477286805694,2023.0
2023.07,4508.075500000001,,,305.691,2023.541666666528,3.9,4514.512637356841,,2960563.1616384215,,2023.0
2023.08,4457.358695652174,,,305.98199999999997,2023.6249999998613,4.17,4459.478250692069,,2924472.271907635,,2023.0
2023.09,4515.77,,,306.12749999999994,2023.7083333331946,4.09,4515.77,,2961387.72495703,,2023.0
